지점 번호,지점명,시간,평균 기온,최저 기온,최저 기온 시각,최고 기온,최대 기온 시각,10분 최다강수량 시각,1시간 최다강수량,1시간 최다 강수량 시각,일강수량,최대 순간풍속,최대 순간 풍속 풍향,최대 순간풍속 시각,최대 풍속,최대 풍속 풍향,최대 풍속 시각,평균 풍속,풍정합,최대 풍향,평균 이슬점온도,최소 상대습도,평균 상대습도 시각,평균 상대습도,평균 증기압,평균 현지기압,최고 해면 기압,최고 해면기압 시각,최저 해면기압,최저 해면기압 시각,평균 해면기압,가조시간,합계 일조 시간,1시간 최다 일사량 시각,1시간 최다 일사량,합계 일사,일 최심신적설,일 최심신적설 시각,일 최심적설,일 최심적설 시각,합계 3시간 신적설,평균 전운량,평균 중하층운량,평균 지면온도,최저 초상온도,평균 5cm 지중온도,평균10cm 지중온도,평균 20cm 지중온도,평균 30cm 지중온도,0.5m 지중온도,1.0m 지중온도,1.5m 지중온도,3.0m 지중온도,5.0m 지중온도,합계 대형증발량,합계 소형증발량,9-9강수,일기현상,안개 계속 시간
239,세종,2019-05-31,,13.7,2346,24.1,1424,,0.2,,0.2,5.4,290,1708,3.3,290,1657,,,,,39,1417,,,,1012.6,2241,1008.6,1700,,,7.6,,,,,,,,,,,27.8,11.4,,,,,,,,,,,,,,
239,세종,2019-06-01,17.4,10.8,453,23.5,1426,,,,,4.8,290,944,2.7,320,904,0.9,735,230,11.2,44,1241,69.9,13.3,999.9,1012.6,21,1009.1,1804,1010.9,,8.5,,,,,,,,,,,21.7,7.5,,,,,,,,,,,,,,
239,세종,2019-06-02,21.0,13.5,541,28.0,1504,,,,,5.1,340,1453,3.2,320,2018,1.1,942,320,9.7,26,1645,53.5,12.2,997.1,1010.4,1,1005.2,1733,1007.9,,13.1,,,,,,,,,,,25.6,10.0,,,,,,,,,,,,,,
239,세종,2019-06-03,22.2,13.9,520,29.5,1621,,,,,7.5,340,1444,4.1,340,1432,0.9,800,70,9.4,25,1459,47.0,11.9,997.6,1010.0,805,1005.6,1701,1008.3,,12.5,,,,,,,,,,,26.8,10.2,,,,,,,,,,,,,,
239,세종,2019-06-04,23.1,16.3,527,30.9,1449,,,,,4.9,290,1503,3.1,320,1506,1.2,1034,290,12.3,25,1414,53.9,14.4,998.6,1011.5,659,1006.8,1655,1009.3,,12.2,,,,,,,,,,,28.5,13.0,,,,,,,,,,,,,,
239,세종,2019-06-05,22.7,16.6,410,30.2,1605,,,,,4.3,320,1018,3.1,340,1026,1.2,1060,290,15.6,42,1446,67.3,17.8,1001.2,1013.1,1021,1010.3,213,1012.0,14.6,10.0,,,,,,,,,,,28.8,14.6,,,,,,,,,,,,,,
239,세종,2019-06-06,20.5,16.2,2319,27.3,1328,1737,7.9,2131,29.2,6.4,290,1738,4.9,70,2221,1.1,986,90,16.3,54,1123,78.8,18.5,998.9,1013.5,453,1003.9,2400,1009.8,14.6,0.1,,,,,,,,,,,23.4,15.5,,,,,,,,,,,,,,
239,세종,2019-06-07,18.4,16.1,55,21.3,1857,523,13.7,512,35.1,5.4,70,125,3.6,70,26,1.7,1465,70,16.4,72,2315,88.6,18.7,991.9,1008.2,2400,999.2,455,1002.7,14.6,0.2,,,,,,,,,,,19.7,15.7,,,,,,,,,,,,,,
239,세종,2019-06-08,20.8,15.5,517,27.0,1557,,,,,4.1,340,1842,2.4,320,1847,0.8,719,180,15.1,43,1347,72.9,17.2,997.5,1010.1,834,1006.7,1805,1008.3,14.6,11.4,,,,,,,,,,,24.3,12.1,,,,,,,,,,,,,,
239,세종,2019-06-09,21.4,17.6,503,27.3,1418,2209,13.2,2200,15.5,6.2,340,2025,4.4,340,2029,1.0,891,140,15.5,34,1522,72.3,17.7,994.8,1008.4,654,1002.6,1737,1005.6,14.6,5.2,,,,,,,,,,,26.3,15.5,,,,,,,,,,,,,,
239,세종,2019-06-10,18.3,14.8,547,22.8,1515,15,4.1,1,7.0,6.6,70,1330,4.3,70,1331,1.9,1624,90,12.4,44,1435,70.9,14.5,996.4,1008.8,2326,1005.6,32,1007.3,14.6,4.1,,,,,,,,,,,21.4,14.5,,,,,,,,,,,,,,
239,세종,2019-06-11,20.0,16.4,2400,25.5,1452,,,,,5.3,320,1421,2.7,70,1122,1.2,1076,90,12.5,41,1455,64.3,14.6,998.1,1010.5,2333,1007.3,1639,1008.9,14.6,9.7,,,,,,,,,,,27.3,13.8,,,,,,,,,,,,,,
239,세종,2019-06-12,20.4,14.2,552,27.2,1652,,,,,5.2,360,1850,4.1,340,1859,1.2,1068,270,13.2,38,1626,66.4,15.2,999.9,1012.2,822,1008.9,1705,1010.8,14.6,10.5,,,,,,,,,,,28.4,12.1,,,,,,,,,,,,,,
239,세종,2019-06-13,22.5,15.3,315,29.9,1554,,,,,6.3,290,1825,4.0,320,1830,1.1,939,320,13.1,30,1702,58.9,15.1,999.2,1012.2,559,1007.1,1705,1009.9,14.6,12.3,,,,,,,,,,,30.3,12.3,,,,,,,,,,,,,,
239,세종,2019-06-14,21.1,17.7,452,25.0,1546,,,,,5.4,320,1326,3.8,320,1327,1.0,875,290,14.7,46,1633,68.4,16.8,994.9,1009.3,9,1003.3,1813,1005.7,14.6,0.9,,,,,,,,,,,24.7,15.2,,,,,,,,,,,,,,
239,세종,2019-06-15,20.9,15.6,433,26.6,1352,,,,,7.4,320,1405,5.1,340,1408,1.6,1391,320,13.8,42,1355,66.0,15.8,990.1,1003.9,1,997.8,1608,1000.8,14.7,12.0,,,,,,,,,,,28.1,12.4,,,,,,,,,,,,,,
239,세종,2019-06-16,20.6,14.9,502,27.2,1607,,,,,5.0,340,1328,2.6,290,1812,1.0,884,290,14.1,41,1400,68.9,16.1,996.5,1011.3,2335,1002.8,1,1007.3,14.7,8.3,,,,,,,,,,,25.1,11.4,,,,,,,,,,,,,,
239,세종,2019-06-17,21.2,16.9,419,26.6,1607,,,,,5.2,160,1003,2.7,160,1011,1.1,924,200,13.7,45,1425,64.0,15.8,1001.5,1013.6,850,1011.0,1715,1012.4,14.6,11.2,,,,,,,,,,,26.4,14.4,,,,,,,,,,,,,,
239,세종,2019-06-18,20.7,16.5,532,25.9,1249,,0.0,,0.0,4.7,290,1251,2.3,290,1258,0.8,678,290,15.7,56,1016,73.8,18.0,1000.3,1013.1,925,1009.3,1832,1011.2,14.7,2.0,,,,,,,,,,,22.5,13.9,,,,,,,,,,,,,,
239,세종,2019-06-19,21.8,18.3,110,26.3,1650,,,,,3.8,340,1430,2.6,340,2252,0.8,731,290,16.6,53,1726,74.1,18.9,997.2,1010.0,1,1006.2,1729,1008.0,14.7,2.0,,,,,,,,,,,24.7,16.3,,,,,,,,,,,,,,
239,세종,2019-06-20,22.6,17.8,316,28.2,1524,,,,,3.9,360,1,2.6,340,5,1.2,1014,290,16.5,49,1507,70.0,18.8,996.6,1009.0,825,1005.3,1734,1007.4,14.7,7.4,,,,,,,,,,,30.7,15.4,,,,,,,,,,,,,,
239,세종,2019-06-21,22.8,19.5,522,28.0,1612,,,,,6.1,320,1257,4.0,340,1927,1.6,1403,320,15.6,43,1536,65.8,17.8,995.4,1007.6,10,1003.9,1737,1006.1,14.7,8.7,,,,,,,,,,,30.6,18.5,,,,,,,,,,,,,,
239,세종,2019-06-22,23.1,18.8,535,29.6,1540,,,,,4.3,230,1726,2.7,250,1733,1.1,991,160,16.3,40,1532,67.6,18.6,995.5,1007.7,2350,1004.1,1532,1006.2,14.7,7.9,,,,,,,,,,,32.7,16.0,,,,,,,,,,,,,,
239,세종,2019-06-23,23.7,17.9,415,29.0,1534,,,,,6.1,360,1404,3.9,320,1946,1.5,1304,290,12.6,30,1401,54.3,14.8,997.6,1009.9,2357,1007.0,1730,1008.3,14.7,13.1,,,,,,,,,,,32.2,14.5,,,,,,,,,,,,,,
239,세종,2019-06-24,23.5,17.8,439,30.1,1438,,,,,4.4,320,1326,2.4,320,1044,0.9,753,250,14.5,41,1444,58.4,16.6,1001.8,1015.8,2357,1009.8,13,1012.5,14.7,9.6,,,,,,,,,,,29.3,14.3,,,,,,,,,,,,,,
239,세종,2019-06-25,24.9,17.0,536,32.2,1434,,,,,4.3,290,1918,2.9,290,1925,1.0,866,290,14.3,30,1435,55.1,16.3,1003.7,1016.8,532,1011.5,1729,1014.4,14.7,12.6,,,,,,,,,,,34.6,14.1,,,,,,,,,,,,,,
239,세종,2019-06-26,21.3,19.1,551,24.0,1,1324,1.0,1311,2.7,5.5,140,1219,3.2,70,1117,1.3,1148,70,16.8,46,5,76.3,19.3,998.1,1013.7,1,1004.5,2357,1008.9,14.7,0.1,,,,,,,,,,,24.0,16.6,,,,,,,,,,,,,,
239,세종,2019-06-27,24.3,20.5,1,29.5,1634,,0.1,,0.1,2.7,290,1419,1.6,320,534,0.6,517,70,20.2,56,1408,79.6,23.7,990.4,1004.5,1,999.3,1549,1001.0,14.6,1.9,,,,,,,,,,,28.5,20.1,,,,,,,,,,,,,,
239,세종,2019-06-28,24.3,21.3,331,29.2,1538,,,,,4.3,160,1330,2.4,290,1359,0.9,775,290,19.0,53,1655,73.5,22.0,991.5,1003.4,750,1000.1,1513,1002.2,14.6,4.6,,,,,,,,,,,30.9,19.8,,,,,,,,,,,,,,
239,세종,2019-06-29,21.6,20.3,230,23.9,1224,1434,4.6,1345,13.9,4.1,140,1208,3.1,90,1253,1.1,926,70,20.2,78,1,92.1,23.6,987.8,1002.8,1,994.9,1713,998.5,14.6,0.0,,,,,,,,,,,22.5,20.2,,,,,,,,,,,,,,
239,세종,2019-06-30,23.2,20.1,401,27.7,1619,,,,,4.1,140,1223,2.0,290,1822,0.8,692,270,19.9,63,1435,82.9,23.3,991.0,1004.6,2354,997.1,42,1001.6,14.6,1.8,,,,,,,,,,,26.2,18.7,,,,,,,,,,,,,,
239,세종,2019-07-01,23.2,19.4,2326,26.8,1556,,,,,4.1,270,1125,2.6,320,1110,0.8,703,160,18.4,56,1819,75.3,21.2,995.4,1008.7,2339,1003.9,321,1006.1,14.6,2.8,,,,,,,,,,,26.6,16.2,,,,,,,,,,,,,,
239,세종,2019-07-02,22.9,16.1,455,29.3,1509,,,,,4.4,320,1132,2.7,320,1025,0.9,819,290,16.8,42,1540,71.3,19.1,998.7,1010.6,810,1008.1,1653,1009.4,14.6,10.9,,,,,,,,,,,29.7,13.3,,,,,,,,,,,,,,
239,세종,2019-07-03,23.0,18.3,503,28.3,1551,,,,,4.3,320,1914,3.4,320,1920,0.9,776,290,18.4,54,1543,77.4,21.2,997.7,1011.2,513,1005.7,1719,1008.4,14.6,5.1,,,,,,,,,,,26.6,16.8,,,,,,,,,,,,,,
239,세종,2019-07-04,24.7,17.8,444,31.5,1455,,,,,3.9,320,1839,2.2,50,1254,1.0,846,320,16.9,36,1420,64.9,19.2,996.2,1008.8,750,1004.7,1533,1006.8,14.6,12.2,,,,,,,,,,,29.4,15.1,,,,,,,,,,,,,,
239,세종,2019-07-05,26.7,18.8,509,34.4,1601,,,,,5.8,160,1511,3.4,110,1519,1.2,1058,110,15.6,25,1634,54.9,17.8,992.7,1006.7,1,1000.4,1707,1003.2,14.6,12.9,,,,,,,,,,,30.7,16.6,,,,,,,,,,,,,,
239,세종,2019-07-06,26.9,19.6,532,32.5,1344,,,,,7.1,110,1443,4.6,90,1102,2.2,1941,90,14.9,33,1103,50.5,16.9,993.9,1007.1,2357,1002.6,20,1004.4,14.6,13.2,,,,,,,,,,,31.0,15.5,,,,,,,,,,,,,,
239,세종,2019-07-07,25.3,21.5,514,30.0,1519,,,,,7.8,90,1003,5.2,70,1008,2.8,2426,90,14.8,38,1409,53.4,16.9,996.8,1008.5,607,1006.1,1302,1007.5,14.6,8.0,,,,,,,,,,,29.9,18.5,,,,,,,,,,,,,,
239,세종,2019-07-08,24.4,20.0,410,29.2,1610,,0.1,,0.1,6.4,50,1349,3.6,90,156,2.1,1849,90,14.8,42,1611,56.0,16.9,996.8,1009.2,532,1005.4,1711,1007.4,14.5,8.5,,,,,,,,,,,28.8,17.5,,,,,,,,,,,,,,
239,세종,2019-07-09,24.1,19.7,529,29.3,1348,,,,,6.6,70,1246,4.3,70,1146,2.5,2156,90,14.7,41,1307,56.8,16.8,996.0,1007.9,554,1004.8,1839,1006.6,14.5,10.8,,,,,,,,,,,28.8,16.2,,,,,,,,,,,,,,
239,세종,2019-07-10,21.3,19.3,2239,23.6,957,2248,2.8,2219,14.4,6.6,90,1020,4.7,70,1113,2.3,2020,70,17.1,61,46,78.5,19.6,995.8,1007.5,159,1005.0,2341,1006.6,14.5,0.1,,,,,,,,,,,24.1,19.1,,,,,,,,,,,,,,
239,세종,2019-07-11,21.1,19.2,43,22.9,1610,225,1.7,221,6.7,5.2,340,131,2.9,360,215,1.2,1046,290,19.8,87,1450,92.6,23.1,994.3,1007.2,2356,1003.5,335,1005.1,14.5,0.0,,,,,,,,,,,23.1,19.4,,,,,,,,,,,,,,
239,세종,2019-07-12,23.0,19.3,304,27.5,1629,,,,,5.1,200,1231,2.4,290,1056,1.0,849,290,18.3,57,1310,76.1,21.1,996.2,1008.9,642,1005.0,1708,1006.9,14.5,5.9,,,,,,,,,,,25.1,17.6,,,,,,,,,,,,,,
239,세종,2019-07-13,23.3,19.7,523,28.3,1328,,,,,4.6,320,1710,3.2,320,1716,0.8,658,270,19.4,59,1329,79.9,22.5,991.8,1006.0,1,999.6,1735,1002.4,14.5,4.4,,,,,,,,,,,25.7,18.9,,,,,,,,,,,,,,
239,세종,2019-07-14,24.5,19.6,434,30.0,1359,,,,,4.9,290,1548,2.9,320,1550,0.9,777,230,19.9,52,1304,77.4,23.3,992.2,1005.6,2319,1001.3,1713,1002.8,14.5,8.1,,,,,,,,,,,28.1,18.4,,,,,,,,,,,,,,
239,세종,2019-07-15,23.4,19.4,2258,27.9,1133,2135,42.4,2139,51.0,5.9,90,2145,4.0,110,2150,0.9,747,180,20.7,62,1155,85.8,24.4,996.8,1010.6,2341,1005.4,133,1007.6,14.4,2.8,,,,,,,,,,,25.8,19.0,,,,,,,,,,,,,,
239,세종,2019-07-16,24.1,19.9,514,30.3,1643,,,,,4.2,90,1417,2.8,90,1347,1.0,902,90,20.4,52,1525,81.1,23.9,1000.4,1012.6,2400,1009.6,1607,1011.1,14.4,7.6,,,,,,,,,,,27.3,18.4,,,,,,,,,,,,,,
239,세종,2019-07-17,25.4,21.4,515,29.5,1251,,0.2,,0.2,4.4,70,1452,3.3,70,1449,1.0,867,90,21.5,58,1252,80.4,25.6,1000.7,1012.7,451,1009.8,1632,1011.4,14.4,3.6,,,,,,,,,,,26.8,20.3,,,,,,,,,,,,,,
239,세종,2019-07-18,25.0,22.5,457,29.0,1657,430,0.7,359,1.6,4.0,50,1158,2.6,90,1001,1.0,907,70,21.5,63,1521,82.3,25.7,998.6,1011.5,528,1007.6,1652,1009.3,14.4,2.7,,,,,,,,,,,27.2,22.2,,,,,,,,,,,,,,
239,세종,2019-07-19,26.5,23.3,524,29.2,1316,,,,,5.6,110,1548,3.5,70,1018,2.0,1742,90,22.2,67,1215,77.9,26.8,995.9,1008.7,1,1005.4,2348,1006.5,14.3,4.0,,,,,,,,,,,27.6,21.7,,,,,,,,,,,,,,
239,세종,2019-07-20,25.4,23.4,544,28.4,1203,1536,3.3,1504,17.8,7.4,90,353,4.9,70,358,2.9,2495,70,23.1,72,1208,88.0,28.3,988.8,1005.4,1,997.0,1645,999.3,14.3,0.0,,,,,,,,,,,25.7,22.6,,,,,,,,,,,,,,
239,세종,2019-07-21,24.7,21.8,359,28.4,1425,205,7.6,202,21.0,6.0,200,1716,2.7,180,1722,1.3,1112,160,23.1,78,1601,91.4,28.3,992.5,1007.0,2244,997.6,125,1003.1,14.3,0.8,,,,,,,,,,,26.0,21.7,,,,,,,,,,,,,,
239,세종,2019-07-22,27.7,25.0,35,32.1,1521,,,,,5.2,270,215,2.3,160,232,1.0,898,160,23.4,59,1447,78.4,28.8,996.1,1008.0,959,1005.1,1737,1006.7,14.3,7.6,,,,,,,,,,,29.2,23.2,,,,,,,,,,,,,,
239,세종,2019-07-23,27.9,25.2,411,32.8,1542,,0.2,,0.2,3.9,200,1528,2.2,230,1417,0.7,570,180,23.7,56,1447,79.3,29.4,995.0,1007.7,124,1002.6,1728,1005.6,14.3,5.5,,,,,,,,,,,30.4,24.7,,,,,,,,,,,,,,
239,세종,2019-07-24,26.7,24.9,521,29.7,1357,2350,0.3,2301,0.3,4.2,160,39,1.8,140,740,0.7,620,160,23.5,69,1359,83.3,29.0,994.3,1005.9,927,1004.0,345,1004.8,14.2,0.0,,,,,,,,,,,27.3,24.9,,,,,,,,,,,,,,
239,세종,2019-07-25,25.6,25.0,244,26.6,1435,1617,45.2,1545,78.3,7.2,320,1617,3.8,320,1620,0.6,514,140,25.1,95,1,97.5,31.9,994.7,1006.2,1055,1004.1,1559,1005.3,14.2,0.0,,,,,,,,,,,26.2,24.4,,,,,,,,,,,,,,
239,세종,2019-07-26,26.4,25.5,446,28.5,1209,1430,3.3,1543,8.9,4.6,270,45,2.3,180,1017,0.9,752,160,25.0,80,857,92.8,31.7,993.9,1005.3,1,1003.2,1652,1004.5,14.2,0.0,,,,,,,,,,,27.0,24.1,,,,,,,,,,,,,,
239,세종,2019-07-27,27.2,24.9,250,30.6,1116,2037,41.3,2020,56.0,4.2,250,1124,2.7,320,1317,0.8,659,230,25.2,75,1118,89.8,32.1,995.7,1008.1,2143,1004.7,156,1006.3,14.2,4.2,,,,,,,,,,,29.0,23.4,,,,,,,,,,,,,,
239,세종,2019-07-28,26.3,24.8,1142,28.4,1009,1130,13.3,1059,17.9,6.8,160,1135,3.7,160,1608,1.0,883,160,25.0,79,1615,92.8,31.6,998.5,1010.8,2314,1007.3,252,1009.1,14.1,0.2,,,,,,,,,,,27.0,24.2,,,,,,,,,,,,,,
239,세종,2019-07-29,28.0,24.0,548,32.0,1505,,,,,5.9,140,927,3.3,160,1025,1.1,989,160,23.0,61,1337,75.8,28.1,999.3,1011.1,700,1008.6,1705,1009.9,14.1,10.0,,,,,,,,,,,29.5,23.3,,,,,,,,,,,,,,
239,세종,2019-07-30,28.5,25.9,154,32.7,1425,,,,,7.0,230,946,3.2,140,1101,1.9,1631,160,23.8,62,1430,76.0,29.5,997.6,1009.3,1,1006.0,1733,1008.1,14.1,8.2,,,,,,,,,,,29.9,23.8,,,,,,,,,,,,,,
239,세종,2019-07-31,28.4,26.4,2232,32.5,1435,,,,,6.7,180,349,3.5,200,428,1.7,1476,180,23.7,64,1303,76.0,29.2,999.4,1011.7,2328,1008.7,1706,1010.0,14.1,7.4,,,,,,,,,,,29.8,24.9,,,,,,,,,,,,,,
239,세종,2019-08-01,28.4,25.2,530,33.2,1602,,,,,3.6,200,855,2.2,200,857,0.9,816,290,24.2,58,1604,79.1,30.3,1001.5,1013.3,940,1010.2,1743,1012.1,14.0,7.1,,,,,,,,,,,30.6,23.9,,,,,,,,,,,,,,
239,세종,2019-08-02,28.9,24.4,531,34.2,1437,,,,,4.0,320,1510,2.5,290,2215,1.1,914,290,23.3,50,1438,73.8,28.7,1001.3,1013.7,646,1009.2,1703,1011.8,14.0,10.2,,,,,,,,,,,33.0,23.5,,,,,,,,,,,,,,
239,세종,2019-08-03,27.6,24.9,526,34.9,1343,1629,18.3,1552,18.3,7.1,140,1621,4.7,160,1628,1.1,985,90,24.6,53,1414,84.9,31.0,1000.5,1012.4,1,1009.8,1404,1011.1,14.0,6.9,,,,,,,,,,,30.5,23.8,,,,,,,,,,,,,,
239,세종,2019-08-04,28.8,24.3,521,34.7,1503,,,,,6.0,320,1705,3.9,320,1706,0.9,794,320,24.2,50,1439,78.4,30.3,1000.2,1012.0,719,1009.2,1737,1010.8,13.9,10.6,,,,,,,,,,,31.1,24.1,,,,,,,,,,,,,,
239,세종,2019-08-05,29.6,24.7,536,35.5,1445,,,,,4.6,340,1525,2.6,70,1509,0.8,673,180,24.8,47,1456,77.1,31.3,999.1,1011.9,806,1007.4,1808,1009.6,13.9,9.2,,,,,,,,,,,31.9,24.4,,,,,,,,,,,,,,
239,세종,2019-08-06,29.4,26.3,451,32.9,1414,,,,,4.3,70,1534,2.9,70,1532,1.5,1275,90,21.7,51,1159,64.3,26.1,996.2,1009.3,606,1004.6,2354,1006.7,13.9,6.6,,,,,,,,,,,31.1,23.2,,,,,,,,,,,,,,
239,세종,2019-08-07,27.8,23.3,323,32.6,1456,250,15.8,200,28.4,5.8,50,134,3.7,70,139,1.1,979,250,24.3,60,1652,82.5,30.4,995.4,1007.7,2213,1004.0,112,1005.9,13.8,9.6,,,,,,,,,,,30.7,23.1,,,,,,,,,,,,,,
239,세종,2019-08-08,26.6,24.4,1959,32.3,1143,1639,12.5,1609,15.8,5.4,320,1639,4.1,340,1647,1.0,842,180,24.5,61,1148,89.5,30.7,998.3,1010.0,2319,1007.6,1545,1008.9,13.8,3.8,,,,,,,,,,,29.2,24.4,,,,,,,,,,,,,,
239,세종,2019-08-09,28.5,24.4,2,34.0,1411,,,,,3.6,320,1646,2.1,290,1640,0.9,819,90,24.9,55,1344,82.8,31.5,997.2,1009.6,1,1006.0,1557,1007.7,13.8,7.5,,,,,,,,,,,30.7,24.8,,,,,,,,,,,,,,
239,세종,2019-08-10,29.5,25.1,539,33.9,1246,,,,,6.2,50,1308,4.6,70,1345,2.1,1854,70,23.0,49,1301,70.4,28.2,995.3,1007.8,1,1003.6,1713,1005.8,13.7,11.1,,,,,,,,,,,31.5,24.7,,,,,,,,,,,,,,
239,세종,2019-08-11,29.6,25.5,2243,33.6,1348,2149,1.4,2105,1.7,10.5,70,1356,6.4,90,1239,3.7,3215,90,21.2,45,1335,61.8,25.2,991.4,1006.2,1,999.1,1557,1001.8,13.7,6.7,,,,,,,,,,,30.7,23.4,,,,,,,,,,,,,,
239,세종,2019-08-12,27.2,24.5,634,32.3,1407,1601,9.3,1525,14.5,6.6,110,16,3.8,110,16,1.1,987,90,25.3,68,1408,90.1,32.2,990.4,1002.4,2128,999.0,336,1000.9,13.7,0.6,,,,,,,,,,,28.4,24.2,,,,,,,,,,,,,,
239,세종,2019-08-13,28.5,24.5,557,34.2,1451,1738,0.5,1738,0.5,6.6,160,1738,3.2,290,1759,0.8,688,290,25.0,55,1205,83.8,31.8,992.1,1003.7,706,1000.9,1619,1002.6,13.7,8.2,,,,,,,,,,,31.3,24.0,,,,,,,,,,,,,,
239,세종,2019-08-14,29.5,24.8,539,33.8,1508,,,,,7.2,90,1242,4.3,70,1229,2.0,1745,70,23.3,55,1511,70.6,28.5,989.3,1003.4,1,996.7,2344,999.8,13.6,9.3,,,,,,,,,,,31.6,24.3,,,,,,,,,,,,,,
239,세종,2019-08-15,25.1,23.8,642,29.2,15,1531,7.0,1502,24.4,6.3,340,1534,3.9,320,1437,1.8,1532,320,23.6,67,14,91.5,29.0,982.7,996.7,1,990.7,1811,993.2,13.6,0.1,,,,,,,,,,,26.6,24.0,,,,,,,,,,,,,,
239,세종,2019-08-16,26.2,23.5,2231,30.3,1409,,0.1,,0.1,6.2,250,1450,3.7,290,1600,1.2,996,290,22.6,64,1556,81.4,27.4,986.0,1001.3,2336,991.9,127,996.5,13.5,6.6,,,,,,,,,,,28.7,22.4,,,,,,,,,,,,,,
239,세종,2019-08-17,25.2,21.7,2247,29.8,1415,1656,5.1,1612,5.1,6.7,180,1406,3.6,160,1211,1.5,1332,160,22.0,63,1337,83.4,26.5,991.9,1005.3,2328,1000.7,1542,1002.5,13.5,9.0,,,,,,,,,,,27.8,20.9,,,,,,,,,,,,,,
239,세종,2019-08-18,23.9,19.0,542,30.0,1551,,,,,3.9,340,1352,2.1,290,2318,1.0,835,290,18.9,44,1336,76.6,21.9,996.7,1009.2,2349,1005.3,1,1007.4,13.5,9.2,,,,,,,,,,,28.0,18.9,,,,,,,,,,,,,,
239,세종,2019-08-19,25.4,20.0,549,31.1,1539,,,,,4.4,340,1759,2.6,320,1816,0.9,808,320,19.9,46,1536,74.3,23.3,999.0,1010.7,2313,1008.1,1535,1009.7,13.5,10.0,,,,,,,,,,,28.6,20.0,,,,,,,,,,,,,,
239,세종,2019-08-20,26.8,22.3,526,30.9,1418,,,,,6.5,110,1252,4.1,70,1300,1.7,1460,70,20.7,53,1350,70.8,24.4,999.3,1011.3,548,1008.2,1704,1009.9,13.4,10.7,,,,,,,,,,,29.7,21.6,,,,,,,,,,,,,,
239,세종,2019-08-21,26.8,22.7,524,31.9,1645,,,,,6.2,340,1800,4.1,340,1805,1.3,1104,90,21.1,55,1431,72.1,25.1,998.1,1010.1,859,1007.3,1504,1008.7,13.4,6.1,,,,,,,,,,,29.7,21.3,,,,,,,,,,,,,,
239,세종,2019-08-22,25.6,22.6,2348,29.6,1605,317,16.2,316,30.9,4.4,320,1554,2.9,340,416,1.1,909,270,21.9,53,1700,81.5,26.4,996.2,1008.5,2343,1005.4,1526,1006.8,13.3,3.6,,,,,,,,,,,27.6,21.7,,,,,,,,,,,,,,
239,세종,2019-08-23,24.1,20.4,2400,29.7,1453,,,,,3.9,230,1350,2.3,290,1942,1.0,881,250,18.8,45,1514,74.3,21.9,998.6,1011.1,2357,1007.7,1523,1009.3,13.3,5.8,,,,,,,,,,,27.4,19.0,,,,,,,,,,,,,,
239,세종,2019-08-24,22.4,18.8,432,27.3,1313,,,,,3.5,200,1454,2.0,160,1534,0.6,556,200,19.2,60,1423,82.9,22.2,1000.8,1012.6,2058,1010.4,334,1011.6,13.3,1.4,,,,,,,,,,,24.6,18.6,,,,,,,,,,,,,,
239,세종,2019-08-25,23.3,18.2,557,29.8,1359,,,,,4.0,320,1301,2.5,160,1459,0.8,672,250,18.3,40,1333,75.9,21.0,1002.6,1014.7,2246,1011.9,1612,1013.4,13.2,9.5,,,,,,,,,,,27.1,19.0,,,,,,,,,,,,,,
239,세종,2019-08-26,24.8,18.5,454,31.5,1525,,,,,5.0,90,1105,2.9,90,1113,0.9,764,70,19.2,44,1510,73.8,22.3,1001.5,1014.7,6,1009.8,1544,1012.2,13.2,11.3,,,,,,,,,,,28.6,17.9,,,,,,,,,,,,,,
239,세종,2019-08-27,22.0,19.3,755,25.3,1611,412,17.4,342,38.2,4.2,90,1117,3.0,70,1126,1.3,1102,90,20.3,71,1612,90.8,23.8,997.4,1011.3,1,1006.2,1529,1008.1,13.2,1.1,,,,,,,,,,,24.3,19.8,,,,,,,,,,,,,,
239,세종,2019-08-28,23.5,20.6,333,28.4,1437,350,0.8,305,0.9,4.1,230,1559,2.4,200,1608,0.7,624,160,20.9,63,1439,86.6,24.7,996.8,1008.8,949,1005.8,1611,1007.5,13.1,3.1,,,,,,,,,,,25.9,21.1,,,,,,,,,,,,,,
239,세종,2019-08-29,21.8,19.6,1631,27.6,1406,1427,8.2,1421,8.9,7.7,320,1422,5.5,320,1424,0.9,811,180,20.3,70,1415,92.4,23.9,996.5,1008.5,2359,1005.6,1406,1007.2,13.1,2.3,,,,,,,,,,,23.9,19.7,,,,,,,,,,,,,,
239,세종,2019-08-30,21.9,17.8,557,27.5,1335,,,,,5.1,290,1453,2.8,320,1348,1.1,933,290,17.3,46,1454,77.9,19.8,999.1,1012.5,2346,1007.9,146,1009.9,13.1,6.6,,,,,,,,,,,25.2,17.7,,,,,,,,,,,,,,
239,세종,2019-08-31,22.1,17.4,548,27.6,1434,,,,,3.8,360,1024,2.2,180,1557,0.9,750,200,17.9,51,1507,79.0,20.5,1003.6,1016.7,2338,1012.2,104,1014.4,13.0,10.3,,,,,,,,,,,25.5,16.9,,,,,,,,,,,,,,
239,세종,2019-09-01,22.1,17.8,559,27.4,1508,,,,,3.1,90,1230,1.9,70,1239,0.6,541,90,18.9,56,1516,83.4,21.8,1006.3,1018.5,948,1015.9,1805,1017.2,13.0,2.9,,,,,,,,,,,24.6,17.8,,,,,,,,,,,,,,
239,세종,2019-09-02,22.3,19.0,502,27.0,1219,2205,3.0,2145,3.3,5.0,160,1616,3.4,160,1620,1.1,969,110,18.9,59,1442,82.4,21.9,1006.3,1018.5,719,1015.3,1536,1017.1,12.9,1.4,,,,,,,,,,,24.5,18.8,,,,,,,,,,,,,,
239,세종,2019-09-03,22.0,20.0,202,23.7,1727,147,0.4,101,1.1,3.4,50,1247,2.4,70,1252,1.3,1087,90,20.7,87,1717,92.6,24.4,1004.6,1017.0,1,1013.5,1531,1015.5,12.9,0.0,,,,,,,,,,,23.6,21.0,,,,,,,,,,,,,,
239,세종,2019-09-04,23.2,21.3,2309,28.2,1405,1650,3.5,1631,7.1,4.7,320,1649,3.0,320,1716,0.9,816,90,21.8,74,1256,92.6,26.1,1002.4,1014.9,1,1011.6,1539,1013.2,12.9,0.8,,,,,,,,,,,24.9,21.7,,,,,,,,,,,,,,
239,세종,2019-09-05,23.4,21.1,149,27.6,1307,1617,25.5,1609,28.1,5.6,290,1616,2.9,290,1616,0.8,672,90,22.5,78,1258,95.0,27.3,1001.4,1013.5,802,1010.0,1448,1012.2,12.8,0.4,,,,,,,,,,,25.0,21.5,,,,,,,,,,,,,,
239,세종,2019-09-06,25.3,22.0,546,27.8,1344,,0.3,2147,0.6,5.6,70,2329,3.5,90,2354,1.3,1112,70,22.8,76,1347,87.0,27.9,998.1,1011.8,1,1005.1,2350,1008.8,12.8,1.3,,,,,,,,,,,25.9,22.1,,,,,,,,,,,,,,
239,세종,2019-09-07,25.8,22.4,1954,30.5,1233,1955,0.9,1905,1.4,15.7,140,1344,9.5,140,1245,4.3,3749,160,21.8,57,1237,79.3,26.1,988.7,1007.3,2313,991.6,1047,999.3,12.8,0.6,,,,,,,,,,,24.6,21.5,,,,,,,,,,,,,,
239,세종,2019-09-08,24.3,22.0,542,28.3,1345,,0.4,701,0.6,3.8,160,124,2.5,140,132,0.8,656,290,22.2,68,1350,88.9,26.8,998.1,1010.5,2221,1007.2,208,1008.7,12.7,0.1,,,,,,,,,,,25.7,21.3,,,,,,,,,,,,,,
239,세종,2019-09-09,23.5,22.3,813,24.8,1659,543,1.2,530,7.2,3.4,50,1710,2.1,70,1710,0.9,804,70,22.6,89,1657,95.6,27.5,1000.0,1011.9,853,1009.3,1640,1010.7,12.7,0.0,,,,,,,,,,,25.0,23.3,,,,,,,,,,,,,,
239,세종,2019-09-10,26.6,23.2,125,30.5,1133,,,,,5.3,200,2356,3.5,140,1117,1.1,939,90,21.9,57,1257,76.6,26.3,1001.2,1013.4,1006,1010.5,1615,1011.8,12.6,4.9,,,,,,,,,,,27.8,23.1,,,,,,,,,,,,,,
239,세종,2019-09-11,24.3,23.1,459,26.7,1137,459,1.6,415,1.8,7.0,180,112,3.2,340,1343,1.8,1598,90,21.6,69,2400,85.8,25.9,1003.8,1016.5,2257,1012.4,15,1014.5,12.6,1.1,,,,,,,,,,,26.2,21.5,,,,,,,,,,,,,,
239,세종,2019-09-12,20.6,19.3,1923,23.8,1,617,4.5,617,10.1,6.3,90,415,4.2,90,1611,2.3,2013,90,17.2,69,1,81.6,19.7,1006.1,1018.7,1046,1016.0,231,1017.0,12.6,0.0,,,,,,,,,,,22.5,18.5,,,,,,,,,,,,,,
239,세종,2019-09-13,22.5,18.2,324,27.1,1518,,,,,5.5,70,1146,3.7,70,1155,1.6,1384,90,16.5,50,1629,70.5,18.7,1003.1,1016.2,1,1011.7,1546,1013.9,12.5,10.1,,,,,,,,,,,25.2,17.1,,,,,,,,,,,,,,
239,세종,2019-09-14,22.4,18.6,514,27.7,1310,,,,,4.6,160,1102,1.9,290,1431,0.8,656,290,19.4,64,1307,84.1,22.6,1001.3,1013.6,927,1010.4,1649,1012.1,12.5,2.0,,,,,,,,,,,23.9,18.1,,,,,,,,,,,,,,
239,세종,2019-09-15,24.6,21.1,445,30.1,1540,,,,,4.4,320,1838,2.8,290,1841,1.0,903,290,19.6,47,1546,75.3,22.8,999.8,1012.4,930,1008.3,1556,1010.5,12.5,8.2,,,,,,,,,,,27.7,20.9,,,,,,,,,,,,,,
239,세종,2019-09-16,24.0,20.4,615,29.0,1348,,,,,4.8,360,1353,3.3,340,1724,1.1,963,70,18.0,45,1327,70.6,20.6,1000.0,1012.8,2353,1009.1,1455,1010.7,12.4,8.6,,,,,,,,,,,27.1,18.3,,,,,,,,,,,,,,
239,세종,2019-09-17,22.2,16.3,603,27.8,1505,,,,,5.8,70,1331,4.1,90,1215,1.2,998,70,14.2,30,1226,64.0,16.3,1004.0,1016.6,842,1012.7,9,1014.9,12.4,10.5,,,,,,,,,,,25.6,13.6,,,,,,,,,,,,,,
239,세종,2019-09-18,20.7,14.5,2353,27.9,1302,,,,,8.0,340,1514,5.6,320,1509,1.6,1368,320,11.0,25,1656,58.1,13.6,1005.8,1018.9,2312,1014.8,29,1016.7,12.3,10.4,,,,,,,,,,,25.2,11.3,,,,,,,,,,,,,,
239,세종,2019-09-19,19.6,12.0,618,26.5,1506,,,,,4.6,360,1650,2.4,90,1218,1.0,827,70,12.2,40,1508,64.8,14.3,1007.3,1020.7,706,1016.3,1650,1018.2,12.3,9.6,,,,,,,,,,,23.1,11.1,,,,,,,,,,,,,,
239,세종,2019-09-20,19.7,16.2,500,23.2,1109,,,,,7.2,70,1333,4.3,70,1403,1.8,1593,70,13.2,47,1232,67.3,15.2,1006.6,1019.3,2209,1016.5,521,1017.6,12.3,1.3,,,,,,,,,,,21.4,15.6,,,,,,,,,,,,,,
239,세종,2019-09-21,17.4,15.3,2322,19.9,1,1555,6.2,1510,39.2,5.5,20,1352,3.5,70,1549,2.0,1712,70,14.5,64,1,84.4,16.5,1007.8,1019.9,1102,1017.7,439,1018.8,12.2,0.0,,,,,,,,,,,18.6,15.4,,,,,,,,,,,,,,
239,세종,2019-09-22,16.2,14.9,230,17.6,2158,1203,9.2,1141,62.7,6.7,340,2233,4.8,340,2230,2.2,1896,70,14.9,76,2205,92.4,16.9,1000.7,1018.9,1,1008.1,2011,1011.8,12.2,0.0,,,,,,,,,,,17.2,14.8,,,,,,,,,,,,,,
239,세종,2019-09-23,17.8,13.7,2350,22.2,1052,,,,,6.2,340,50,3.8,320,38,1.7,1447,320,12.2,50,1100,71.4,14.3,1003.8,1018.3,2208,1008.8,1,1014.8,12.2,3.8,,,,,,,,,,,19.7,11.5,,,,,,,,,,,,,,
239,세종,2019-09-24,17.6,12.4,349,24.9,1555,,,,,4.3,90,1326,2.3,70,1334,0.7,606,50,13.5,46,1557,79.5,15.5,1008.4,1021.1,2202,1017.9,24,1019.5,12.1,6.8,,,,,,,,,,,20.0,10.4,,,,,,,,,,,,,,
239,세종,2019-09-25,17.8,12.2,520,24.3,1431,,,,,3.3,70,1457,1.8,140,2230,0.6,483,160,14.5,53,1514,83.3,16.6,1011.4,1024.1,2328,1020.9,13,1022.5,12.1,4.1,,,,,,,,,,,19.8,10.0,,,,,,,,,,,,,,
239,세종,2019-09-26,20.5,16.5,654,24.6,1526,,,,,5.1,90,1218,3.6,90,1218,1.1,951,70,16.3,61,1202,78.0,18.5,1013.0,1025.3,918,1022.9,1547,1023.9,12.0,2.3,,,,,,,,,,,21.5,15.8,,,,,,,,,,,,,,
239,세종,2019-09-27,22.1,16.7,559,28.7,1529,,,,,3.6,90,1135,2.2,70,1228,0.7,636,70,16.5,46,1525,72.9,18.8,1011.2,1024.7,836,1020.0,1710,1022.1,12.0,8.5,,,,,,,,,,,23.9,14.6,,,,,,,,,,,,,,
239,세종,2019-09-28,23.5,19.4,447,29.3,1302,,,,,5.7,340,1353,3.9,320,1356,0.9,737,290,18.5,53,1334,75.0,21.3,1007.4,1020.3,1,1015.9,1618,1018.2,12.0,7.3,,,,,,,,,,,25.4,18.7,,,,,,,,,,,,,,
239,세종,2019-09-29,21.9,17.3,2359,28.6,1454,,,,,4.7,340,1637,2.8,340,1639,0.7,628,320,15.3,39,1732,69.6,17.6,1006.1,1018.3,850,1015.0,1609,1017.0,11.9,9.8,,,,,,,,,,,24.7,15.1,,,,,,,,,,,,,,
239,세종,2019-09-30,21.2,14.7,627,29.4,1326,,,,,3.6,340,1512,2.0,290,1418,0.6,511,290,16.0,42,1304,74.4,18.1,1006.3,1018.3,2305,1015.7,1430,1017.2,11.9,8.9,,,,,,,,,,,23.9,13.3,,,,,,,,,,,,,,
239,세종,2019-10-01,21.4,17.4,522,25.5,1329,,,,,2.8,110,1423,1.8,140,1431,0.5,443,160,18.7,70,1332,85.9,21.6,1007.5,1020.0,919,1017.4,2308,1018.4,11.8,0.0,,,,,,,,,,,22.4,16.1,,,,,,,,,,,,,,
239,세종,2019-10-02,20.7,19.9,2342,21.6,313,2329,10.8,2249,66.2,8.4,50,2315,4.6,50,2245,1.6,1391,70,19.9,86,730,95.3,23.2,999.8,1017.9,50,1000.6,2358,1010.6,11.8,0.0,,,,,,,,,,,21.4,19.4,,,,,,,,,,,,,,
239,세종,2019-10-03,22.2,19.2,2342,27.1,1225,411,5.6,1,14.2,9.2,360,120,5.5,340,338,2.5,2190,320,18.6,58,1404,81.4,21.4,995.3,1012.0,2400,998.9,223,1006.1,11.8,5.3,,,,,,,,,,,23.5,18.0,,,,,,,,,,,,,,
239,세종,2019-10-04,21.7,19.2,3,27.4,1534,,,,,4.0,230,2311,2.0,230,1501,0.7,635,180,18.7,60,1430,84.3,21.6,1002.4,1014.6,1109,1011.9,2,1013.2,11.7,4.6,,,,,,,,,,,24.6,18.8,,,,,,,,,,,,,,
239,세종,2019-10-05,18.6,15.9,2205,21.6,1349,,,,,5.2,340,1750,3.1,320,1755,0.9,815,180,15.2,70,1622,81.1,17.3,1005.8,1020.8,2356,1014.2,31,1016.7,11.7,0.2,,,,,,,,,,,21.0,14.6,,,,,,,,,,,,,,
239,세종,2019-10-06,17.7,14.4,642,21.7,1513,,,,,6.0,90,1017,4.2,70,1204,2.2,1885,90,11.0,50,1143,66.0,13.2,1011.7,1024.5,828,1020.7,3,1022.8,11.6,7.3,,,,,,,,,,,20.1,12.7,,,,,,,,,,,,,,
239,세종,2019-10-07,14.9,13.9,658,16.9,1,1442,1.5,1415,8.4,3.7,160,450,2.6,70,126,1.1,959,70,13.7,69,1,92.9,15.7,1007.5,1022.1,1,1016.3,1813,1018.7,11.6,0.0,,,,,,,,,,,17.7,14.1,,,,,,,,,,,,,,
239,세종,2019-10-08,14.8,9.3,2356,22.1,1323,,,,,8.0,340,1520,5.3,320,1524,1.5,1298,290,9.3,28,1529,72.6,12.2,1007.9,1022.7,2356,1016.7,1323,1019.1,11.6,7.2,,,,,,,,,,,18.9,7.8,,,,,,,,,,,,,,
239,세종,2019-10-09,12.7,5.9,640,20.5,1553,,,,,3.8,50,1355,2.2,90,1211,0.7,563,50,6.6,38,1441,70.1,9.8,1009.1,1022.9,103,1017.4,1721,1020.3,11.5,9.2,,,,,,,,,,,16.6,3.3,,,,,,,,,,,,,,
239,세종,2019-10-10,13.9,9.5,343,18.6,1459,,,,,2.8,90,1251,1.7,90,1252,0.6,478,20,9.3,37,1512,76.9,11.8,1005.8,1018.8,1,1015.0,1628,1017.0,11.5,0.7,,,,,,,,,,,16.8,8.3,,,,,,,,,,,,,,
239,세종,2019-10-11,17.1,11.0,416,24.0,1438,,,,,4.3,340,1535,2.7,320,1538,0.7,592,340,10.6,41,1430,68.6,12.8,1004.1,1016.7,833,1012.8,1503,1015.2,11.5,7.2,,,,,,,,,,,19.0,10.6,,,,,,,,,,,,,,
239,세종,2019-10-12,18.1,13.8,621,23.8,1346,,,,,7.4,360,1744,4.3,50,1214,1.7,1472,50,8.9,36,1530,57.3,11.5,1005.8,1020.4,2332,1014.7,1414,1016.8,11.4,9.2,,,,,,,,,,,19.2,10.6,,,,,,,,,,,,,,
239,세종,2019-10-13,15.9,10.2,607,21.7,1324,,,,,5.7,70,1242,3.6,70,1243,1.2,1035,70,9.1,37,1329,66.4,11.6,1011.4,1024.2,2305,1020.4,1,1022.6,11.4,9.4,,,,,,,,,,,18.4,6.7,,,,,,,,,,,,,,
239,세종,2019-10-14,13.5,8.8,2400,20.2,1317,,,,,6.3,320,1453,4.4,340,1133,1.3,1108,290,8.8,46,1654,74.8,11.4,1014.3,1028.5,2400,1023.7,234,1025.6,11.3,6.6,,,,,,,,,,,16.9,7.0,,,,,,,,,,,,,,
239,세종,2019-10-15,13.1,7.3,210,19.1,1504,,,,,6.6,70,1128,3.4,90,1039,1.0,851,70,7.8,48,1507,73.0,10.6,1017.0,1030.0,847,1026.7,1539,1028.3,11.3,6.2,,,,,,,,,,,17.6,5.6,,,,,,,,,,,,,,
239,세종,2019-10-16,14.0,8.7,645,20.8,1400,,,,,3.6,340,1734,2.4,320,1740,0.6,560,70,8.7,40,1442,73.3,11.2,1015.3,1029.3,221,1024.3,1543,1026.6,11.3,9.0,,,,,,,,,,,16.0,5.7,,,,,,,,,,,,,,
239,세종,2019-10-17,14.6,10.5,652,20.4,1513,,,,,4.2,70,1707,3.0,70,1707,1.1,923,90,9.4,46,1519,73.0,11.8,1013.3,1025.8,7,1022.9,1645,1024.6,11.2,3.6,,,,,,,,,,,17.4,10.1,,,,,,,,,,,,,,
239,세종,2019-10-18,15.7,10.9,603,21.1,1434,,,,,5.6,70,1508,3.5,70,1418,1.3,1130,90,10.7,54,1438,73.6,12.9,1010.7,1025.1,58,1019.7,1747,1021.9,11.2,2.6,,,,,,,,,,,16.7,8.1,,,,,,,,,,,,,,
239,세종,2019-10-19,16.2,11.6,638,23.0,1433,,,,,4.9,290,1517,3.0,340,1311,0.8,661,340,10.8,43,1404,73.4,13.0,1009.8,1022.5,2341,1019.5,1432,1021.0,11.2,8.8,,,,,,,,,,,15.8,9.3,,,,,,,,,,,,,,
239,세종,2019-10-20,14.7,10.6,613,21.8,1542,,,,,3.6,50,1350,2.1,360,1358,0.5,418,360,10.1,34,1517,78.1,12.4,1010.9,1024.5,936,1020.1,1623,1022.1,11.1,5.6,,,,,,,,,,,19.3,8.4,,,,,,,,,,,,,,
239,세종,2019-10-21,14.7,8.8,543,23.1,1535,,,,,4.2,70,1350,2.0,70,1352,0.5,426,70,10.0,41,1445,77.5,12.3,1007.8,1021.5,830,1016.2,1538,1019.0,11.1,7.8,,,,,,,,,,,18.1,5.5,,,,,,,,,,,,,,
239,세종,2019-10-22,16.1,10.3,644,22.8,1454,,,,,5.0,50,1237,3.7,70,1241,0.7,637,90,10.4,40,1525,72.4,12.6,1006.8,1019.5,807,1016.0,1418,1018.0,11.1,9.4,,,,,,,,,,,18.5,6.8,,,,,,,,,,,,,,
239,세종,2019-10-23,16.0,12.4,459,19.0,1248,,,,,5.0,70,1241,3.2,90,1330,0.9,761,70,10.7,57,1304,72.3,12.9,1007.9,1020.2,2303,1017.9,1618,1019.0,11.0,0.0,,,,,,,,,,,16.1,9.2,,,,,,,,,,,,,,
239,세종,2019-10-24,17.9,13.5,628,22.9,1339,,,,,6.0,90,1342,3.0,70,1244,1.0,826,360,8.8,39,1342,57.1,11.4,1007.7,1020.7,851,1016.3,1453,1018.8,11.0,6.4,,,,,,,,,,,20.3,9.7,,,,,,,,,,,,,,
239,세종,2019-10-25,17.0,11.7,632,22.3,1225,,,,,4.5,340,1449,3.0,320,1504,0.9,810,290,9.7,42,1531,64.0,12.0,1006.9,1019.6,905,1016.1,1422,1018.0,10.9,6.0,,,,,,,,,,,18.3,9.4,,,,,,,,,,,,,,
239,세종,2019-10-26,11.5,6.9,2400,16.3,1509,,,,,5.6,320,1302,3.2,320,1502,1.5,1330,290,4.7,42,1425,64.6,8.5,1008.0,1020.9,905,1017.5,1700,1019.3,10.9,7.8,,,,,,,,,,,14.9,7.2,,,,,,,,,,,,,,
239,세종,2019-10-27,10.0,3.4,641,17.0,1344,,,,,6.7,340,1531,3.9,340,1448,1.0,826,320,3.5,33,1335,68.5,7.9,1008.8,1021.8,841,1018.5,1729,1020.2,10.9,9.3,,,,,,,,,,,12.8,2.3,,,,,,,,,,,,,,
239,세종,2019-10-28,11.7,4.1,711,17.8,1448,,,,,6.2,160,1430,3.4,160,1324,1.1,908,160,5.5,39,1322,69.0,9.1,1005.7,1020.5,121,1014.8,1725,1017.0,10.8,8.2,,,,,,,,,,,13.7,1.3,,,,,,,,,,,,,,
239,세종,2019-10-29,12.6,8.6,2359,18.1,1337,221,2.7,201,2.8,5.7,340,228,3.7,320,235,1.4,1194,290,7.5,38,1338,73.6,10.6,1005.5,1020.5,2357,1014.3,109,1016.8,10.8,3.7,,,,,,,,,,,14.9,6.3,,,,,,,,,,,,,,
239,세종,2019-10-30,10.5,4.9,715,17.6,1422,,,,,4.4,200,1314,2.8,340,1208,0.8,689,320,5.6,42,1556,74.8,9.1,1011.0,1024.0,925,1020.2,27,1022.4,10.8,9.0,,,,,,,,,,,11.7,1.8,,,,,,,,,,,,,,
239,세종,2019-10-31,12.6,5.0,645,19.8,1523,,,,,4.7,250,1215,2.4,200,1241,0.7,614,340,8.8,51,1525,79.8,11.4,1010.7,1023.7,139,1019.9,1540,1022.0,10.7,9.0,,,,,,,,,,,14.2,2.1,,,,,,,,,,,,,,
239,세종,2019-11-01,14.3,9.2,2400,21.3,1452,,,,,4.2,360,1642,2.8,340,1215,0.7,627,340,8.4,37,1616,71.3,11.3,1010.9,1023.4,859,1020.6,1442,1022.1,10.7,5.8,,,,,,,,,,,17.7,5.7,,,,,,,,,,,,,,
239,세종,2019-11-02,12.7,6.7,638,19.0,1510,,,,,2.6,320,1444,1.7,340,1449,0.3,232,70,8.5,54,1316,77.3,11.2,1009.5,1023.2,823,1018.9,1712,1020.8,10.7,3.8,,,,,,,,,,,13.5,3.4,,,,,,,,,,,,,,
239,세종,2019-11-03,13.6,8.6,636,19.8,1506,,,,,4.0,20,1856,2.3,70,1305,0.5,447,70,8.4,47,1504,74.0,11.1,1008.8,1022.1,2221,1018.2,1336,1020.0,10.6,6.2,,,,,,,,,,,16.8,6.3,,,,,,,,,,,,,,
239,세종,2019-11-04,13.1,8.5,703,19.7,1341,,,,,3.0,360,1213,1.9,340,1233,0.4,354,50,6.6,35,1435,68.3,9.8,1010.7,1024.0,834,1020.3,1452,1022.0,10.6,7.8,,,,,,,,,,,15.2,4.2,,,,,,,,,,,,,,
239,세종,2019-11-05,11.5,5.8,636,19.5,1353,,,,,5.5,290,1413,3.2,320,1447,0.7,644,290,6.6,41,1356,75.5,9.8,1008.7,1022.1,821,1018.0,1431,1020.1,10.6,8.0,,,,,,,,,,,13.9,1.0,,,,,,,,,,,,,,
239,세종,2019-11-06,10.4,3.9,628,17.8,1403,,,,,4.4,320,1350,2.3,360,1303,0.7,567,290,5.2,34,1347,73.5,8.9,1006.4,1020.1,811,1015.5,1437,1017.7,10.5,7.3,,,,,,,,,,,11.6,1.1,,,,,,,,,,,,,,
239,세종,2019-11-07,9.8,3.8,2350,16.8,1400,,,,,5.8,320,1721,3.4,320,1657,1.1,975,290,2.9,37,1427,65.4,7.7,1007.0,1021.4,2240,1016.2,417,1018.5,10.5,7.2,,,,,,,,,,,12.4,0.7,,,,,,,,,,,,,,
239,세종,2019-11-08,6.4,-0.7,700,14.3,1428,,,,,4.1,320,1253,2.6,320,1709,0.8,715,320,-2.9,21,1559,57.6,5.0,1010.6,1023.7,908,1020.1,1458,1022.2,10.5,8.8,,,,,,,,,,,9.3,-4.2,,,,,,,,,,,,,,
239,세종,2019-11-09,7.6,0.3,708,16.6,1451,,,,,2.7,270,1722,1.9,270,1727,0.5,441,90,-1.3,25,1443,58.1,5.6,1010.7,1024.6,824,1020.3,1554,1022.3,10.4,8.8,,,,,,,,,,,9.5,-3.8,,,,,,,,,,,,,,
239,세종,2019-11-10,8.4,2.7,431,15.1,1504,,,,16.6,6.3,290,1949,4.2,290,1952,0.7,592,320,3.5,40,1502,74.8,8.0,1001.5,1021.0,1,1005.8,1920,1012.9,10.4,2.3,,,,,,,,,,,9.3,-1.0,,,,,,,,,,,,,,
239,세종,2019-11-11,11.2,8.2,212,15.9,1419,,,,3.2,5.9,290,1220,3.6,320,1522,1.5,1305,290,7.5,53,1627,79.4,10.4,1001.0,1018.4,2339,1007.0,149,1012.3,10.4,1.6,,,,,,,,,,,10.7,5.8,,,,,,,,,,,,,,
239,세종,2019-11-12,9.1,2.7,623,15.4,1356,,,,,3.3,360,1206,2.2,20,1211,0.6,487,70,5.0,43,1340,78.5,8.8,1010.2,1023.0,2350,1018.3,1,1021.7,10.3,6.6,,,,,,,,,,,10.0,0.8,,,,,,,,,,,,,,
239,세종,2019-11-13,7.7,4.4,357,12.5,1447,,,,1.5,10.1,320,2352,6.7,320,2400,1.4,1183,320,4.7,51,2244,83.0,8.7,1007.3,1023.0,1,1013.3,1519,1018.8,10.3,0.0,,,,,,,,,,,8.0,0.2,,,,,,,,,,,,,,
239,세종,2019-11-14,2.2,-1.3,2400,6.6,1,,,,,10.2,320,2,6.7,320,3,2.5,2164,340,-10.0,25,1331,41.3,2.9,1013.4,1028.0,940,1022.2,2,1025.2,10.3,8.7,,,,,,,,,,,5.1,-4.8,,,,,,,,,,,,,,
239,세종,2019-11-15,9.2,-2.2,27,16.8,1440,,,,0.2,7.5,180,1424,3.7,200,1421,1.8,1598,180,2.1,51,1027,61.9,7.7,1007.9,1024.1,22,1016.8,1501,1019.3,10.3,5.9,,,,,,,,,,,8.0,-4.2,,,,,,,,,,,,,,
239,세종,2019-11-16,11.3,7.4,2359,17.3,1252,,,,2.0,5.9,160,50,3.1,360,1427,1.0,900,320,8.6,53,1400,84.0,11.2,1009.0,1023.0,2213,1017.8,443,1020.4,10.2,5.5,,,,,,,,,,,11.2,2.8,,,,,,,,,,,,,,
239,세종,2019-11-17,9.4,5.6,614,14.0,2355,,,,74.6,4.4,360,1539,3.3,320,1540,1.0,896,90,8.7,92,848,95.6,11.4,1006.6,1022.8,7,1011.6,2332,1018.0,10.2,0.0,,,,,,,,,,,9.3,2.7,,,,,,,,,,,,,,
239,세종,2019-11-18,6.9,1.8,2152,14.0,11,,,,11.0,9.0,340,940,5.8,320,933,2.3,1957,290,2.1,47,1410,72.4,7.5,1008.5,1023.6,2049,1011.4,47,1020.1,10.2,1.3,,,,,,,,,,,8.8,0.9,,,,,,,,,,,,,,
239,세종,2019-11-19,1.8,-1.0,2322,5.1,1312,,,,0.1,9.1,360,456,5.9,340,442,1.7,1439,320,-3.1,42,1010,70.9,4.9,1014.9,1030.4,2359,1022.6,116,1026.8,10.1,4.2,,,,,,,,,,,4.5,-3.4,,,,,,,,,,,,,,
239,세종,2019-11-20,1.7,-2.6,642,8.0,1443,,,,,4.8,360,1511,3.7,320,1636,1.0,881,70,-7.7,14,1514,56.3,3.6,1020.2,1033.8,2355,1030.4,1,1032.2,10.1,8.3,,,,,,,,,,,3.5,-5.6,,,,,,,,,,,,,,
239,세종,2019-11-21,4.5,-3.1,712,10.5,1432,,,,,3.5,320,1330,2.4,320,1332,0.7,610,50,-5.1,24,1535,53.9,4.2,1020.7,1035.1,937,1030.2,1507,1032.5,10.1,6.4,,,,,,,,,,,4.3,-7.5,,,,,,,,,,,,,,
239,세종,2019-11-22,9.7,2.9,725,16.7,1542,,,,,3.2,320,454,2.3,290,446,0.7,588,70,0.4,30,1412,54.5,6.4,1016.2,1030.6,1,1025.4,1640,1027.7,10.1,8.1,,,,,,,,,,,9.0,-2.3,,,,,,,,,,,,,,
239,세종,2019-11-23,11.3,5.0,750,17.8,1424,,,,0.1,3.9,140,1313,2.4,90,1257,0.6,489,70,5.8,45,1340,71.4,9.2,1012.8,1027.5,528,1021.6,2357,1024.2,10.0,7.3,,,,,,,,,,,9.3,-0.2,,,,,,,,,,,,,,
239,세종,2019-11-24,12.1,7.3,712,20.9,1503,,,,2.9,9.1,340,1905,5.5,340,1818,1.5,1278,320,7.9,50,1420,77.6,10.9,1009.4,1026.0,2357,1016.2,1536,1020.8,10.0,7.2,,,,,,,,,,,12.3,3.7,,,,,,,,,,,,,,
239,세종,2019-11-25,2.9,1.1,843,7.9,1,,,,,7.3,320,531,4.3,320,239,1.9,1636,340,-2.8,56,1344,66.4,5.0,1018.1,1031.8,2135,1026.0,2,1030.0,10.0,0.0,,,,,,,,,,,5.3,-0.8,,,,,,,,,,,,,,
239,세종,2019-11-26,7.4,0.3,603,14.1,1500,,,,0.0,4.7,320,2152,3.4,340,2203,0.8,689,340,1.9,45,1551,70.4,7.0,1017.7,1032.0,934,1026.8,1534,1029.3,10.0,6.4,,,,,,,,,,,7.7,-2.9,,,,,,,,,,,,,,
239,세종,2019-11-27,5.1,0.9,2400,8.1,6,,,,,6.1,320,1042,4.5,320,1042,2.1,1849,320,-4.3,29,1222,51.8,4.6,1016.7,1030.2,934,1026.9,1452,1028.5,10.0,4.3,,,,,,,,,,,6.4,-2.5,,,,,,,,,,,,,,
239,세종,2019-11-28,3.9,-1.4,600,11.2,1418,,,,,5.1,360,1650,3.9,340,1705,0.8,671,290,-2.4,42,1420,65.4,5.2,1018.2,1031.6,903,1028.0,1443,1030.0,9.9,7.0,,,,,,,,,,,4.3,-6.2,,,,,,,,,,,,,,
239,세종,2019-11-29,2.2,-2.4,653,8.9,1441,,,,,4.5,340,1632,2.7,20,1327,0.8,681,320,-6.8,18,1318,58.6,3.9,1020.2,1033.4,1022,1030.9,1403,1032.1,9.9,8.0,,,,,,,,,,,3.0,-8.1,,,,,,,,,,,,,,
239,세종,2019-11-30,4.6,-2.5,649,11.8,1512,,,,,5.2,320,1416,2.8,290,1440,0.7,608,320,-4.9,28,1445,53.1,4.3,1017.5,1032.7,225,1026.7,1516,1029.2,9.9,6.6,,,,,,,,,,,4.1,-8.0,,,,,,,,,,,,,,
239,세종,2019-12-01,5.8,4.3,729,7.6,1113,,,,8.9,3.5,320,2354,2.4,320,2400,0.4,346,90,2.2,52,15,79.5,7.3,1010.8,1027.2,1,1019.0,2215,1022.4,9.9,0.0,,,,,,,,,,,6.1,0.9,,,,,,,,,,,,,,
239,세종,2019-12-02,2.5,-1.1,2240,6.3,1344,,,,,8.2,340,1106,5.0,320,1059,2.2,1919,320,-4.4,32,1316,61.9,4.5,1011.3,1026.8,2250,1019.4,1,1023.1,9.9,6.4,,,,,,,,,,,4.3,-3.3,,,,,,,,,,,,,,
239,세종,2019-12-03,0.9,-3.2,723,6.4,1410,,,,0.8,4.6,230,1253,3.0,200,1336,1.0,844,320,-2.2,52,1228,81.0,5.3,1014.7,1027.8,943,1024.9,1410,1026.6,9.9,2.2,,,,,,,,,,,2.4,-5.8,,,,,,,,,,,,,,
239,세종,2019-12-04,4.7,0.3,16,9.7,1403,,,,0.0,8.5,340,1530,5.8,340,1531,1.3,1122,290,-2.2,28,1355,65.1,5.3,1017.8,1032.1,2335,1026.7,131,1029.5,9.8,7.2,,,,,,,,,,,5.2,-1.8,,,,,,,,,,,,,,
239,세종,2019-12-05,-1.1,-5.8,2356,3.5,9,,,,,10.8,340,957,6.9,340,951,2.8,2417,320,-11.6,17,957,45.6,2.5,1024.3,1039.5,2339,1031.9,6,1036.4,9.8,7.6,,,,,,,,,,,1.4,-7.4,,,,,,,,,,,,,,
239,세종,2019-12-06,-4.6,-9.4,742,1.3,1402,,,,,6.0,340,1416,3.9,320,1433,1.5,1253,320,-15.7,16,1422,44.3,1.8,1024.3,1039.7,720,1034.0,1838,1036.6,9.8,7.8,,,,,,,,,,,-1.5,-11.4,,,,,,,,,,,,,,
239,세종,2019-12-07,-1.0,-7.7,731,5.7,1410,,,,,3.3,230,1417,1.8,200,1422,0.6,554,320,-6.7,42,1220,66.5,3.8,1018.7,1034.1,1,1028.4,1439,1030.8,9.8,3.3,,,,,,,,,,,-1.1,-12.1,,,,,,,,,,,,,,
239,세종,2019-12-08,0.6,-4.5,804,6.4,1456,,,,,4.1,360,1242,2.9,360,1247,0.7,570,50,-4.1,48,1334,73.1,4.5,1017.5,1031.6,906,1027.7,1541,1029.4,9.8,6.4,,,,,,,,,,,1.7,-9.2,,,,,,,,,,,,,,
239,세종,2019-12-09,3.1,-3.8,743,9.9,1510,,,,,4.2,180,1604,2.5,160,1458,0.6,555,90,-2.1,46,1513,70.6,5.3,1012.8,1028.8,7,1022.0,1556,1024.6,9.7,5.1,,,,,,,,,,,1.6,-8.7,,,,,,,,,,,,,,
239,세종,2019-12-10,8.1,2.6,324,13.6,1451,,,,,5.6,200,1358,2.9,160,1502,0.9,819,180,3.3,57,1456,72.9,7.8,1008.6,1023.0,1,1018.7,1452,1020.2,9.8,3.6,,,,,,,,,,,4.9,-3.3,,,,,,,,,,,,,,
239,세종,2019-12-11,7.2,2.5,2318,11.9,951,,,,,7.1,340,2212,4.4,340,2218,2.1,1794,290,1.0,44,2127,65.9,7.0,1007.3,1024.0,2347,1015.9,1315,1018.8,9.7,2.5,,,,,,,,,,,5.8,-1.3,,,,,,,,,,,,,,
239,세종,2019-12-12,1.2,-2.4,2317,5.3,1410,,,,,6.3,20,1214,3.9,340,1601,1.7,1506,320,-8.3,30,1700,50.5,3.3,1017.4,1031.9,2238,1023.9,1,1029.3,9.7,7.8,,,,,,,,,,,2.2,-8.3,,,,,,,,,,,,,,
239,세종,2019-12-13,0.4,-5.2,654,6.2,1340,,,,,3.0,20,1442,2.0,20,1502,0.6,512,70,-8.5,20,1337,54.9,3.2,1016.2,1031.7,223,1024.3,2354,1028.2,9.7,7.5,,,,,,,,,,,0.8,-10.8,,,,,,,,,,,,,,
239,세종,2019-12-14,3.1,0.2,27,8.4,1510,,,,0.9,5.0,320,107,3.2,320,107,1.3,1117,290,-5.2,19,1508,58.3,4.3,1016.7,1031.1,2240,1023.9,59,1028.5,9.7,7.5,,,,,,,,,,,3.1,-4.6,,,,,,,,,,,,,,
239,세종,2019-12-15,4.9,-2.2,630,12.0,1407,,,,,3.2,160,1326,2.1,160,1328,0.6,510,70,-1.9,41,1428,63.4,5.4,1017.6,1031.9,911,1027.3,2131,1029.4,9.7,7.3,,,,,,,,,,,2.9,-7.6,,,,,,,,,,,,,,
239,세종,2019-12-16,7.7,1.6,525,14.8,1438,,,,,3.2,140,2204,1.9,140,2208,0.5,471,70,1.8,44,1358,67.8,7.0,1011.8,1027.5,1,1018.6,2319,1023.3,9.7,7.4,,,,,,,,,,,5.8,-4.2,,,,,,,,,,,,,,
239,세종,2019-12-17,6.9,5.2,303,10.3,1525,,,,2.2,4.6,340,1046,3.0,320,1053,0.9,811,290,4.8,70,1,86.8,8.7,1005.3,1020.4,2308,1013.8,1417,1016.8,9.7,0.0,,,,,,,,,,,5.8,0.2,,,,,,,,,,,,,,
239,세종,2019-12-18,2.4,-0.5,2359,6.0,1409,,,,,4.4,320,2056,2.9,360,1337,1.3,1150,270,-3.3,49,1426,66.6,4.8,1012.7,1026.5,1017,1020.3,1,1024.5,9.7,3.2,,,,,,,,,,,3.7,-3.0,,,,,,,,,,,,,,
239,세종,2019-12-19,0.3,-3.7,722,5.2,1341,,,,,7.7,340,1525,4.9,340,1526,1.4,1169,320,-9.1,23,1334,52.9,3.2,1014.9,1029.0,2221,1025.1,1322,1026.8,9.7,7.8,,,,,,,,,,,1.5,-8.5,,,,,,,,,,,,,,
239,세종,2019-12-20,-0.3,-3.1,2358,5.1,1347,,,,0.1,5.3,360,1333,3.3,340,1434,1.2,1061,290,-5.8,46,1343,66.9,4.0,1018.2,1032.3,2243,1028.3,430,1030.1,9.7,4.1,,,,,,,,,,,0.8,-9.0,,,,,,,,,,,,,,
239,세종,2019-12-21,-0.5,-5.4,434,4.6,1545,,,,,3.9,270,1415,2.8,320,1426,0.8,655,90,-5.2,50,1326,71.4,4.2,1016.7,1031.6,1,1025.5,2324,1028.6,9.7,1.4,,,,,,,,,,,-0.4,-9.6,,,,,,,,,,,,,,
239,세종,2019-12-22,2.8,-1.3,26,8.9,1522,,,,,2.8,340,1703,1.9,340,1639,0.6,547,320,-2.2,48,1521,70.5,5.2,1009.8,1026.4,1,1018.7,1519,1021.5,9.7,4.2,,,,,,,,,,,2.1,-6.5,,,,,,,,,,,,,,
239,세종,2019-12-23,3.3,0.0,2400,7.4,1230,,,,0.2,5.9,320,1354,4.1,340,1606,1.4,1225,290,-1.1,53,1232,74.1,5.7,1011.2,1027.2,2358,1018.6,46,1022.9,9.7,3.1,,,,,,,,,,,3.4,-6.5,,,,,,,,,,,,,,
239,세종,2019-12-24,0.0,-2.7,827,5.3,1542,,,,,3.0,70,1219,1.9,70,1221,0.5,469,320,-3.5,41,1544,78.5,4.8,1015.9,1030.0,1035,1026.2,1600,1027.9,9.7,4.9,,,,,,,,,,,0.7,-8.7,,,,,,,,,,,,,,
239,세종,2019-12-25,1.1,-4.3,428,6.1,1618,,,,,2.8,360,2144,1.7,90,712,0.7,572,90,-3.8,46,1625,72.1,4.6,1012.3,1027.7,1,1020.3,2359,1024.2,9.7,2.3,,,,,,,,,,,0.6,-9.1,,,,,,,,,,,,,,
239,세종,2019-12-26,2.1,0.4,2258,3.2,1,,,,3.2,7.2,340,2154,3.3,320,2235,1.3,1123,320,-2.8,52,44,70.8,5.0,1006.5,1020.6,2359,1016.2,1408,1018.3,9.7,0.0,,,,,,,,,,,2.2,-3.3,,,,,,,,,,,,,,
239,세종,2019-12-27,-0.1,-3.1,723,4.2,1526,,,,,5.2,320,44,3.7,340,1510,1.4,1174,290,-8.0,33,1458,56.9,3.4,1013.7,1029.1,2342,1020.5,7,1025.7,9.7,7.6,,,,,,,,,,,0.0,-8.9,,,,,,,,,,,,,,
239,세종,2019-12-28,0.3,-5.3,704,7.2,1523,,,,,2.9,70,1347,2.0,70,1400,0.5,456,70,-6.7,32,1533,62.0,3.7,1017.5,1030.7,940,1028.0,1356,1029.4,9.7,7.7,,,,,,,,,,,-0.2,-10.2,,,,,,,,,,,,,,
239,세종,2019-12-29,1.5,-2.1,344,4.1,1411,,,,9.3,3.6,70,2002,2.9,70,2007,0.7,571,90,-2.4,55,1148,76.4,5.2,1014.7,1030.4,3,1023.1,2343,1026.6,9.7,0.0,,,,,,,,,,,0.8,-8.0,,,,,,,,,,,,,,
239,세종,2019-12-30,3.7,-1.1,2359,9.3,1337,,,,0.9,9.0,320,1627,5.0,320,1634,1.6,1341,320,0.7,53,1724,82.1,6.7,1012.6,1029.1,2353,1021.3,356,1024.3,9.7,0.5,,,,,,,,,,,3.9,-2.3,,,,,,,,,,,,,,
239,세종,2019-12-31,-5.6,-8.3,2400,-1.1,1,,,,,9.2,290,314,5.2,320,159,2.5,2174,320,-14.3,34,1431,51.5,2.1,1022.9,1037.0,930,1028.9,6,1035.2,9.7,7.8,,,,,,,,,,,-2.4,-11.3,,,,,,,,,,,,,,
