지역,년도,생산량,면적,영향을 준 태풍 수,1분기 강수량 합계,2분기 강수량 합계,3분기 강수량 합계,1분기 평균 기온,1분기 일 강수량 평균,1분기 최대 순간풍속,1분기 평균 풍속,1분기 평균 이슬점온도,1분기 최소 상대습도,1분기 평균 상대습도,1분기 평균 현지기압,1분기 가조시간,1분기 평균 일조 시간,1분기 1시간 최다 일사량 평균,1분기 일 최심적설,1분기 지면온도,1분기 최저 초상온도,1분기 30cm 지중온도,1분기 3.0m 지중온도,2분기 평균 기온,2분기 일 강수량 평균,2분기 최대 순간풍속,2분기 평균 풍속,2분기 평균 이슬점온도,2분기 최소 상대습도,2분기 평균 상대습도,2분기 평균 현지기압,2분기 가조시간,2분기 평균 일조 시간,2분기 1시간 최다 일사량 평균,2분기 일 최심적설,2분기 지면온도,2분기 최저 초상온도,2분기 30cm 지중온도,2분기 3.0m 지중온도,3분기 평균 기온,3분기 일 강수량 평균,3분기 최대 순간풍속,3분기 평균 풍속,3분기 평균 이슬점온도,3분기 최소 상대습도,3분기 평균 상대습도,3분기 평균 현지기압,3분기 가조시간,3분기 평균 일조 시간,3분기 1시간 최다 일사량 평균,3분기 일 최심적설,3분기 지면온도,3분기 최저 초상온도,3분기 30cm 지중온도,3분기 3.0m 지중온도,1분기 평균 일교차,2분기 평균 일교차,3분기 평균 일교차,1분기 일교차 15이상인 날,2분기 일교차 15이상인 날,3분기 일교차 15이상인 날,1분기 한파일 수,2분기 한파일 수,3분기 한파일 수,1분기 폭염일 수,2분기 폭염일 수,3분기 폭염일 수
강원도,2001,161222,4794,1,1.6092724867724866,10.71399062049062,7.52815921606738,16.566885245901638,1.6092724867724866,9.1672131147541,2.5068852459016395,6.194098360655738,30.49180327868853,55.85245901639344,989.4281967213116,13.980819672131146,7.847540983606557,2.67905737704918,0.0095081967213114,20.50524590163935,7.624426229508197,16.933333333333334,11.63688524590164,23.30639344262295,10.71399062049062,6.651967213114755,1.692459016393443,18.870983606557377,56.72295081967213,77.57016393442623,986.3644262295082,14.482131147540985,5.178524590163934,2.2775819672131155,0.0,26.02213114754098,18.619180327868847,24.616393442622947,15.468852459016396,19.68540983606557,7.52815921606738,6.552786885245901,1.6960655737704915,14.121475409836066,47.98360655737706,72.39163934426229,992.2183606557376,12.681147540983607,6.245081967213114,2.1944672131147542,0.0,22.9844262295082,13.072622950819673,23.55136612021858,19.720491803278687,13.168852459016392,8.398196721311475,10.680491803278688,19,0,5,0,0,0,0,0,0
경상북도,2001,2412,92,1,2.245103995621237,8.717344444444445,6.307074468085105,16.976229508196724,2.245103995621237,9.679344262295078,2.310819672131148,6.6714754098360665,31.82295081967213,55.37950819672131,996.4727868852456,13.917049180327869,9.79344262295082,2.433770491803279,0.0,21.865573770491807,8.449344262295082,18.38087431693989,12.485245901639349,23.71245901639344,8.717344444444445,7.514098360655738,1.6845901639344265,18.790983606557376,55.61639344262295,75.19032786885245,993.454262295082,14.387704918032783,7.892131147540983,2.240573770491804,0.0,28.182950819672133,18.75622950819672,25.652459016393443,15.29016393442623,20.210327868852456,6.307074468085105,7.875901639344263,1.8496721311475413,14.671803278688524,50.0672131147541,71.92475409836065,998.663606557377,12.639016393442626,7.015573770491804,2.11155737704918,0.0,23.999672131147545,13.78901639344262,24.20437158469945,17.974590163934426,13.333278688524592,8.911803278688527,10.2072131147541,19,0,2,0,0,0,0,0,0
강원도,2002,182212,4428,4,6.960670634920635,13.176495670995674,12.57734126984127,15.868688524590164,6.960670634920635,8.687377049180327,2.186229508196722,7.57311475409836,35.52295081967214,61.06016393442621,990.808524590164,14.007704918032788,7.461639344262294,2.7187295081967213,0.0,19.588032786885243,7.408852459016392,17.300546448087434,12.588524590163932,21.71426229508196,13.176495670995674,7.559016393442622,1.9314754098360651,16.847049180327865,56.3344262295082,75.5606557377049,985.3608196721308,14.50114754098361,4.935573770491804,2.218196721311475,0.0,24.77262295081967,16.412622950819674,23.854644808743167,16.131967213114752,18.640163934426237,12.57734126984127,6.910491803278688,1.6724590163934423,14.178196721311476,53.913114754098366,77.04901639344261,992.1263934426228,12.655409836065576,4.754426229508197,2.012827868852459,0.0,20.72327868852459,12.989344262295084,22.120218579234976,20.054918032786883,12.269508196721311,8.253606557377047,9.20377049180328,14,2,2,0,0,0,0,0,0
경상북도,2002,2175,89,4,7.619102474323064,11.667026804432464,8.616000881834216,15.765737704918031,7.619102474323064,8.412459016393441,1.992131147540984,7.855737704918033,39.24426229508197,62.535573770491794,998.0686885245902,13.931475409836066,7.682950819672133,2.4280327868852463,0.0,20.167049180327865,8.401311475409836,17.846994535519126,12.790163934426229,22.31180327868853,11.667026804432464,7.85655737704918,1.936065573770492,16.81540983606557,54.67704918032786,72.94360655737704,992.190163934426,14.405245901639343,6.134262295081968,2.148032786885246,0.0,26.39229508196721,16.97360655737705,24.546448087431692,15.18688524590164,19.10754098360656,8.616000881834216,7.152131147540983,1.6850819672131148,14.391147540983606,55.07704918032788,75.68540983606557,998.8219672131148,12.634754098360656,5.465737704918033,1.9845901639344263,0.0,22.00426229508197,13.638196721311475,23.078688524590163,18.479508196721312,11.84016393442623,8.666885245901641,9.083770491803277,13,2,1,0,0,0,0,0,0
강원도,2003,129196,3801,4,9.11120071684588,10.049742798353908,18.426914210128498,15.31704918032787,9.11120071684588,8.07655737704918,2.008360655737705,8.233934426229508,40.76065573770491,66.54918032786885,991.4452459016392,14.001311475409835,6.615737704918032,2.55438524590164,0.0,18.716885245901643,7.664262295081968,16.591256830601097,11.410655737704918,21.447868852459024,10.049742798353908,7.01344262295082,1.7052459016393444,17.856393442622952,61.5327868852459,80.65180327868853,985.2927868852458,14.504262295081968,3.9198360655737705,2.126762295081968,0.0,24.133278688524587,17.030983606557374,23.327322404371586,15.268852459016395,19.004590163934427,18.426914210128498,6.983278688524591,1.6675409836065571,15.220163934426228,56.83934426229508,79.76852459016393,992.9218032786883,12.664918032786886,4.062295081967213,1.8879918032786884,0.0,21.20967213114753,14.07016393442623,22.1103825136612,19.61065573770492,11.949016393442625,7.512786885245901,8.498688524590165,10,0,0,0,0,0,0,0,0
경상북도,2003,910,47,4,13.658056923918991,13.20421572871573,10.913215095562034,15.52639344262295,13.658056923918991,8.325081967213114,2.010327868852459,9.019508196721311,43.778688524590166,68.57655737704918,998.4318032786886,13.925081967213115,7.30016393442623,2.3169672131147543,0.0,19.363278688524588,8.231311475409836,17.128961748633873,12.05409836065574,21.39114754098361,13.20421572871573,7.097868852459017,1.5457377049180328,17.601967213114754,62.29508196721312,79.58196721311474,992.3524590163936,14.410327868852455,4.575245901639343,1.8546721311475411,0.0,24.289180327868856,17.36245901639344,23.253551912568305,15.162295081967212,19.89327868852459,10.913215095562034,7.498032786885246,1.6190163934426227,15.418688524590166,56.74590163934426,76.28508196721313,999.6022950819672,12.641475409836064,4.60967213114754,1.7232786885245903,0.0,22.2744262295082,15.270491803278686,23.426775956284157,18.07459016393442,11.649672131147542,7.385081967213114,8.35,12,0,0,0,0,0,0,0,0
강원도,2004,125116,4014,5,6.042126216077829,13.922114067849362,11.506790328534514,16.16,6.042126216077829,9.48672131147541,2.316065573770492,7.565081967213114,34.83934426229508,61.74049180327867,988.91,14.025901639344262,6.763934426229508,2.5903278688524587,0.0321311475409836,19.1688524590164,8.395409836065575,16.823497267759564,12.295901639344264,23.33311475409836,13.922114067849362,7.669508196721311,1.8704918032786888,19.25327868852459,59.40983606557377,79.78622950819671,986.2904918032788,14.49245901639344,4.775081967213114,2.212254098360656,0.0,26.27032786885245,18.874098360655736,24.6775956284153,16.81967213114754,19.37262295081967,11.506790328534514,7.087377049180328,1.7781967213114755,15.019508196721311,52.76065573770492,77.36622950819672,992.2273770491804,12.636065573770493,5.025737704918033,2.140450819672131,0.0,21.700819672131143,13.638032786885244,22.95573770491803,20.25327868852459,12.028032786885245,8.084098360655737,9.562459016393442,14,2,1,0,0,0,0,1,0
경상북도,2004,1214,59,5,5.814408602150539,13.337078483245149,10.140284516322254,16.727704918032785,5.814408602150539,9.44672131147541,2.325081967213115,7.8124590163934435,35.4688524590164,59.7555737704918,995.9565573770492,13.94688524590164,7.415245901639344,2.348934426229508,0.0,20.348360655737707,8.70639344262295,17.736065573770496,12.582786885245904,23.965901639344263,13.337078483245149,7.9311475409836065,1.773606557377049,18.9711475409836,55.839344262295086,75.30672131147541,993.1409836065573,14.398688524590163,5.996065573770492,2.13327868852459,0.0,27.66049180327869,18.656393442622957,25.16174863387978,15.235245901639349,19.936721311475416,10.140284516322254,7.910819672131146,1.8091803278688523,15.562622950819671,55.837704918032784,76.78704918032787,998.650163934426,12.615245901639344,4.730655737704917,1.8227868852459013,0.0,22.589836065573767,14.630983606557374,23.349726775956288,18.841803278688527,12.364426229508195,8.908360655737704,8.959016393442623,20,4,0,0,0,0,0,6,0
강원도,2005,151609,4290,1,4.068934240362812,11.48964771622935,13.659631642512078,15.270163934426233,4.068934240362812,9.604590163934429,2.346065573770492,6.369672131147542,34.19180327868853,60.36180327868851,988.9637704918034,14.0172131147541,7.441639344262295,2.780081967213115,0.0,18.08311475409836,7.125245901639345,16.166666666666668,11.71311475409836,23.876557377049178,11.48964771622935,7.583278688524591,1.8311475409836064,19.37,56.77540983606558,77.09032786885247,984.775573770492,14.496065573770492,4.972622950819672,2.393770491803279,0.0,26.565245901639347,19.235245901639345,24.874316939890708,15.731147540983608,20.10803278688525,13.659631642512078,7.484590163934424,1.9495081967213117,16.02,56.54262295081966,78.22918032786885,992.8045901639344,12.64590163934426,4.434590163934426,2.054754098360656,0.0,22.110491803278684,15.406721311475408,23.02295081967213,19.96311475409836,12.21081967213115,8.153770491803279,8.354098360655737,12,0,0,0,0,0,0,1,0
경상북도,2005,2620,95,1,5.447991452991453,9.990596119929457,8.318153235653238,15.949344262295082,5.447991452991453,9.87672131147541,2.3524590163934427,7.264754098360655,35.35081967213115,60.63049180327869,995.9775409836064,13.939508196721311,8.225245901639344,2.5504918032786885,0.0,20.315409836065573,7.942131147540983,17.389071038251366,12.280327868852462,24.095901639344252,9.990596119929457,7.169180327868853,1.7590163934426228,19.86327868852459,58.644262295081965,78.2311475409836,991.5734426229508,14.401967213114752,5.924262295081967,2.2061475409836064,0.0,28.155409836065576,19.06540983606557,25.30437158469945,15.005737704918037,20.93950819672131,8.318153235653238,7.917377049180327,1.929672131147541,17.1072131147541,59.30327868852459,79.34901639344261,999.1419672131148,12.623114754098362,4.661311475409836,1.900655737704918,0.0,23.637049180327868,16.06,23.93825136612022,18.18934426229508,12.69606557377049,8.565409836065573,8.357377049180329,12,0,0,0,0,0,0,2,0
강원도,2006,95232,3951,3,5.718557585825028,20.54394014550265,7.50718998015873,14.531147540983609,5.718557585825028,9.383278688524587,2.328688524590164,6.814918032786886,38.92295081967213,63.82590163934426,988.9559016393442,14.00967213114754,5.702459016393442,2.557336065573771,0.0160655737704918,16.89983606557377,7.7134426229508195,15.304371584699451,11.663934426229506,22.25229508196721,20.54394014550265,7.317049180327869,1.7877049180327869,18.11426229508197,58.58196721311475,78.69918032786886,986.4613114754098,14.500819672131149,4.2404918032786885,2.169877049180328,0.0,24.74803278688524,18.07540983606557,23.314207650273225,15.961475409836067,20.17655737704918,7.50718998015873,7.285081967213114,1.8000000000000005,15.094590163934429,48.798360655737696,74.17950819672133,991.3311475409836,12.654426229508196,5.611639344262296,2.3427868852459013,0.0,23.10770491803279,14.44622950819672,23.540437158469945,19.60737704918033,11.009999999999998,7.86,10.162622950819673,6,0,4,0,0,0,0,3,0
경상북도,2006,211,20,3,5.5675722425722425,16.133586093857833,5.237625661375661,15.084754098360657,5.5675722425722425,9.881639344262297,2.4137704918032785,8.026229508196721,42.42786885245901,65.65409836065574,995.81,13.933114754098362,6.53016393442623,2.2152459016393435,0.0,18.708360655737707,7.944426229508197,16.132240437158472,12.307377049180326,22.75163934426229,16.133586093857833,7.417213114754097,1.6737704918032787,18.732950819672126,59.49508196721311,79.32344262295081,993.2854098360656,14.405081967213112,5.118032786885245,2.017786885245901,0.0,26.178360655737706,17.838196721311473,23.837158469945354,14.98032786885246,20.602786885245894,5.237625661375661,8.056229508196722,1.9801639344262296,16.20016393442623,52.69672131147541,77.05540983606558,997.4952459016394,12.631967213114756,6.138852459016393,2.0779508196721315,0.0,24.368032786885248,14.680983606557376,24.21584699453552,18.06639344262295,11.204754098360654,8.239672131147541,9.717704918032789,8,0,0,0,0,0,0,9,1
강원도,2007,111043,3153,3,4.147616071428571,11.813710722384192,9.443129870129866,15.535245901639344,4.147616071428571,9.588360655737706,2.336065573770492,7.587213114754098,36.53770491803278,63.19426229508195,988.9662295081966,14.001311475409835,6.1693442622950805,2.661475409836066,0.000327868852459,17.992295081967214,8.135245901639344,15.870491803278693,12.104098360655737,22.53491803278688,11.813710722384192,7.465409836065573,1.8137704918032784,17.95540983606557,57.37868852459016,77.23967213114753,986.096393442623,14.50344262295082,4.24344262295082,2.2787704918032783,0.0,25.266065573770483,17.952950819672132,23.598907103825137,15.318032786885247,21.097704918032782,9.443129870129866,7.450983606557376,1.7936065573770492,17.219508196721314,58.263934426229504,79.22098360655738,992.0265573770492,12.66344262295082,3.510983606557377,1.9475,0.0,22.94508196721312,16.811311475409838,23.382513661202186,19.23114754098361,11.371311475409836,8.277377049180329,7.878032786885245,9,5,0,0,0,0,0,0,0
경상남도,2007,219,7,3,5.511411564625851,10.290830853174604,14.374792960662525,17.42438524590164,5.511411564625851,9.272745901639343,1.9129098360655736,9.151024590163932,34.35245901639344,62.33012295081968,1002.7600409836066,13.833811475409838,7.083811475409838,2.8829508196721307,0.0,20.494877049180328,8.8577868852459,18.77540983606557,,24.05983606557377,10.290830853174604,7.38360655737705,1.492622950819672,19.69918032786885,58.44467213114754,77.92438524590165,998.8110655737706,14.290573770491804,4.020696721311476,2.285245901639344,0.0,26.98463114754098,19.12622950819673,25.71311475409836,,23.30143442622951,14.374792960662525,6.948770491803278,1.294672131147541,19.402049180327868,58.30327868852459,79.5860655737705,1004.0625,12.613729508196723,4.366393442622952,2.101639344262295,0.0,25.601844262295074,18.615368852459017,25.69180327868852,,12.28094262295082,7.993647540983606,7.80717213114754,10,0,0,0,0,0,0,6,6
경상북도,2007,1280,41,3,3.869572420634922,9.025519841269842,9.606313267445342,16.227377049180326,3.869572420634922,10.24360655737705,2.369344262295082,8.318032786885247,36.736065573770496,63.60819672131149,995.0606557377048,13.926229508196723,6.792622950819672,2.514426229508197,0.0,20.041803278688526,8.539180327868852,17.35846994535519,12.848360655737704,22.668032786885245,9.025519841269842,7.814426229508195,1.7622950819672132,18.862131147540985,60.70655737704918,80.43344262295082,991.9547540983608,14.407540983606555,4.109508196721312,2.110491803278688,0.0,25.7783606557377,17.9816393442623,24.03224043715847,15.28934426229508,21.875573770491805,9.606313267445342,7.894918032786885,1.77,18.44639344262295,61.40163934426231,81.58721311475408,997.5196721311474,12.640819672131148,4.017213114754098,1.812377049180328,0.0,24.446393442622952,17.280655737704915,24.41311475409836,17.993442622950823,11.879344262295083,8.171311475409837,7.912131147540982,8,3,0,0,0,0,0,0,2
충청남도,2007,35,1,3,4.24078431372549,12.614592592592592,11.866215277777778,16.04032786885246,4.24078431372549,8.899016393442624,2.197704918032787,9.129836065573771,37.70491803278688,66.83508196721311,1004.9636065573771,13.913442622950818,6.746557377049179,2.6116393442622945,0.0,18.94983606557377,8.234754098360655,16.542622950819673,,23.91114754098361,12.614592592592592,7.3616393442622945,1.862950819672131,19.439344262295084,57.85901639344262,77.47672131147542,1000.4816393442622,14.387868852459016,3.669180327868853,2.186393442622951,0.0,26.43245901639344,19.26098360655737,24.567213114754097,,22.43475409836066,11.866215277777778,7.241967213114755,1.7511475409836064,18.56754098360656,57.53114754098362,79.40950819672132,1006.09868852459,12.635737704918032,4.152786885245902,2.044426229508197,0.0,24.10065573770492,17.884262295081964,23.962295081967216,,12.048524590163934,8.142622950819671,8.324918032786886,15,1,0,0,0,0,0,0,0
강원도,2008,120960,3302,1,4.571683862433861,12.188709454796411,9.103632561132562,15.535081967213117,4.571683862433861,8.649836065573771,2.157704918032787,7.551147540983608,37.993442622950816,64.4532786885246,990.9367213114756,14.023606557377052,6.102295081967212,2.652909836065574,0.0,18.468524590163938,7.4537704918032786,16.062841530054644,11.84754098360656,23.39377049180328,12.188709454796411,7.335901639344263,1.890655737704918,18.378688524590164,54.885245901639344,75.93032786885246,987.540819672131,14.492622950819673,5.070163934426229,2.485983606557377,0.0,26.624918032786887,18.321475409836065,23.97513661202186,15.792622950819672,20.066557377049183,9.103632561132562,6.655081967213115,1.666065573770492,15.454426229508195,50.58032786885246,77.38229508196721,991.5547540983608,12.634754098360656,5.406393442622951,2.3300819672131152,0.0,22.96606557377049,14.720983606557375,23.395901639344267,21.196721311475407,11.678688524590164,8.82606557377049,9.727377049180328,13,3,1,0,0,0,0,0,0
경상북도,2008,1821,62,1,4.243845486111111,8.638647102251753,6.210814393939396,16.237704918032787,4.243845486111111,9.562786885245902,2.3949180327868858,8.287377049180328,38.03770491803279,64.41065573770491,997.014426229508,13.947213114754096,6.9572131147541,2.801147540983606,0.0,20.37196721311475,8.015901639344262,17.824043715846994,12.514754098360656,23.889016393442624,8.638647102251753,7.890983606557376,1.9254098360655736,19.07524590163935,55.61147540983606,76.86213114754099,993.505737704918,14.398032786885246,5.531967213114754,2.712131147540984,0.0,28.25803278688524,18.532622950819672,25.404918032786885,15.30409836065574,20.62377049180328,6.210814393939396,7.255901639344262,1.7375409836065574,16.465573770491805,54.40819672131147,79.21524590163934,997.3034426229508,12.613770491803278,5.3560655737704925,2.44844262295082,0.0,24.427213114754093,14.676557377049178,24.404918032786885,18.63688524590164,12.098688524590164,9.091311475409835,9.575573770491802,18,2,0,0,0,0,0,1,0
강원도,2009,114631,3283,0,6.5426344797178135,12.728407839326206,9.124175627240142,15.694918032786887,6.5426344797178135,8.721967213114754,2.100163934426229,7.37032786885246,36.850819672131145,63.8944262295082,989.9703278688525,14.018196721311476,6.435901639344263,2.633934426229509,0.0,18.703442622950817,7.542459016393443,16.361748633879785,12.444262295081968,22.402131147540985,12.728407839326206,7.268032786885246,1.7934426229508198,17.3544262295082,54.55573770491803,76.03967213114754,985.4677049180328,14.495245901639343,4.801639344262295,2.512540983606557,0.0,25.773606557377043,17.379508196721314,23.75628415300547,16.503278688524592,19.88524590163934,9.124175627240142,6.716229508196722,1.6281967213114752,14.38901639344262,46.67049180327869,73.68901639344261,992.2645901639344,12.644590163934426,6.073114754098361,2.436393442622951,0.0,23.25114754098361,13.09622950819672,23.267213114754103,19.61393442622951,11.945737704918036,8.65639344262295,10.540327868852458,17,0,1,0,0,0,0,0,0
경상북도,2009,1211,39,0,5.462571857571857,9.367405437352245,5.211281966490301,16.591803278688523,5.462571857571857,9.409344262295084,2.2744262295081965,7.970819672131148,36.31967213114754,62.7216393442623,996.0065573770491,13.94065573770492,6.747377049180329,2.758032786885245,0.0,20.34786885245902,7.98311475409836,17.808196721311475,12.953278688524591,22.693278688524583,9.367405437352245,7.5167213114754095,1.833934426229508,17.66016393442623,55.913114754098366,76.16540983606558,991.621475409836,14.401311475409836,4.71327868852459,2.514098360655737,0.0,26.0844262295082,17.24295081967213,23.78142076502732,15.635245901639344,20.765409836065576,5.211281966490301,7.147540983606556,1.779508196721311,15.432131147540986,49.554098360655736,74.16016393442624,998.0547540983608,12.622459016393446,5.873606557377048,2.478606557377049,0.0,24.75307832422586,13.832950819672131,23.530054644808743,18.19672131147541,12.26262295081967,8.729344262295083,10.094098360655735,22,1,2,0,0,0,0,1,0
강원도,2010,138022,3741,3,4.928803323412698,6.482850274725275,14.026997894395857,14.505245901639343,4.928803323412698,8.704098360655735,2.201475409836065,5.465081967213115,34.21147540983607,59.97508196721312,992.3808196721312,14.01065573770492,6.528852459016394,2.711803278688525,0.0067213114754098,17.719180327868855,5.9775409836065565,14.867759562841533,11.397540983606556,24.12868852459017,6.482850274725275,6.7885245901639335,1.634590163934426,19.17622950819672,55.13934426229508,76.20540983606557,987.397868852459,14.498852459016392,4.196065573770492,2.4327049180327878,0.0,27.22819672131148,19.51360655737705,24.60765027322404,14.890163934426228,20.86688524590164,14.026997894395857,6.653278688524591,1.5668852459016396,16.89360655737705,56.71803278688524,80.06688524590164,992.5524590163934,12.652622950819673,4.099508196721311,2.131803278688525,0.0,23.08344262295082,16.6227868852459,23.684153005464488,19.62950819672131,11.935409836065574,8.144918032786887,8.373934426229509,15,1,0,0,0,0,0,0,0
경상남도,2010,47,2,3,8.934981962481961,12.048773291925466,15.01119658119658,15.72745901639344,8.934981962481961,8.345491803278689,1.8602459016393444,7.965983606557377,37.35860655737705,64.7625,1006.0688524590164,13.842418032786886,6.86311475409836,2.831803278688525,0.0028688524590163,19.39180327868852,7.344877049180328,16.81147540983607,,24.97868852459016,12.048773291925466,7.095286885245901,1.5108606557377051,20.71188524590164,59.364754098360656,79.22315573770491,1000.614549180328,14.286475409836068,4.460655737704919,2.4667213114754096,0.0,28.67561475409836,20.43934426229508,25.468852459016396,,23.390368852459016,15.01119658119658,7.119174473067916,1.4931206088992977,19.168237704918035,54.55122950819672,79.24631147540981,1005.2846311475412,12.603688524590169,5.163934426229508,2.511967213114755,0.0,26.095901639344262,18.13811475409836,26.090163934426236,,11.83688524590164,8.071311475409836,9.112704918032788,12,0,0,0,0,0,0,1,4
경상북도,2010,1354,58,3,6.407552437641724,5.986747619047621,11.199158163265306,14.912786885245902,6.407552437641724,9.371311475409836,2.334426229508197,6.311311475409839,35.673770491803275,61.54344262295081,998.752131147541,13.933114754098364,7.193770491803279,2.780491803278689,0.0,19.2655737704918,6.486229508196723,16.497267759562842,12.25655737704918,24.64901639344263,5.986747619047621,7.512131147540983,1.7960655737704918,19.60770491803279,54.89344262295082,75.95245901639345,993.570655737705,14.403934426229506,5.088032786885245,2.6366393442622957,0.0,28.893606557377048,19.48803278688524,25.82131147540984,15.354918032786887,21.908852459016398,11.199158163265306,7.390000000000001,1.6940983606557376,17.90508196721311,56.2688524590164,79.87114754098361,998.4981967213116,12.63,4.60016393442623,2.3654918032786885,0.0,24.589016393442623,16.883770491803276,25.08907103825137,18.53524590163934,11.946557377049178,8.651147540983605,8.84032786885246,15,0,0,0,0,0,0,0,2
강원도,2011,93349,3724,3,7.004969969969969,21.34897698412698,8.763649691358024,14.729180327868852,7.004969969969969,8.923442622950818,2.270983606557377,6.062950819672131,36.61475409836066,62.311147540983605,988.892131147541,14.002459016393445,5.903934426229508,2.514877049180328,0.0740983606557377,17.265081967213117,6.4940983606557365,14.822404371584698,11.487704918032788,23.075245901639345,21.34897698412698,7.124426229508195,1.758852459016393,18.72213114754098,60.18688524590164,79.41852459016393,986.4337704918032,14.502295081967214,3.7972131147540975,2.1224180327868853,0.0,25.754754098360657,18.945901639344264,23.621857923497267,16.187704918032786,19.71836065573771,8.763649691358024,6.685573770491805,1.692459016393442,14.45377049180328,48.62786885245902,74.72852459016391,992.473606557377,12.661967213114751,5.279672131147541,2.315,0.0,22.27196721311476,14.225081967213116,22.91967213114754,19.88688524590164,11.104754098360656,7.513278688524591,9.54901639344262,8,0,2,0,0,0,0,0,0
경상북도,2011,1596,60,3,7.99881324404762,13.033748473748476,5.870128205128205,15.495737704918035,7.99881324404762,9.94377049180328,2.484444444444445,6.920655737704919,37.38961748633879,62.562112932604734,995.2662112932604,13.926393442622953,6.227377049180329,2.6505737704918038,0.0,18.885045537340613,8.005573770491804,16.622950819672134,11.704918032786887,23.896065573770493,13.033748473748476,8.023132969034608,1.992112932604736,19.47234972677596,59.16867030965391,78.74249544626592,992.5714571948998,14.407540983606555,4.541147540983607,2.4632786885245905,0.0,27.579271402550088,19.528069216757743,25.392896174863385,14.948360655737703,20.5372131147541,5.870128205128205,7.534590163934427,1.8844262295081968,15.69622950819672,52.167213114754105,76.35655737704919,998.1311475409836,12.64,5.04344262295082,2.284426229508197,0.0,23.50639344262295,15.113606557377048,23.832786885245905,17.6827868852459,11.324426229508196,7.937295081967214,9.341803278688523,10,0,2,0,0,0,0,0,0
강원도,2012,125077,3741,5,4.301601731601732,8.88731021394065,12.05185585086748,16.39377049180328,4.301601731601732,7.831639344262295,1.9955737704918035,8.076721311475408,37.313114754098365,63.46262295081967,989.9434426229508,14.025081967213117,7.293515482695811,2.733114754098361,0.0,19.516885245901644,8.515573770491804,16.81584699453552,11.268032786885245,23.68360655737705,8.88731021394065,6.883114754098361,1.8898360655737707,18.43163934426229,54.46229508196722,75.28528233151182,986.8562295081967,14.492295081967214,5.795901639344262,2.5298360655737704,0.0,27.43786885245901,18.67213114754098,24.98743169398907,15.408196721311477,19.903114754098365,12.05185585086748,7.169016393442622,1.7403278688524593,15.871803278688525,54.77213114754098,79.81885245901638,992.2909836065576,12.631803278688524,4.95016393442623,2.0936885245901644,0.0,22.03934426229508,14.65901639344262,22.92950819672131,19.593442622950818,11.558196721311475,8.608196721311474,8.928852459016394,12,0,0,0,0,0,0,0,0
경상북도,2012,1294,52,5,4.4075021450021445,8.202398486526393,13.130270034843203,16.89352459016393,4.4075021450021445,8.738670309653916,2.1982331511839712,8.942695810564665,38.3129326047359,64.5947358834244,996.1493260473588,13.9472131147541,7.239617486338797,2.8698360655737702,0.0,21.219562841530056,8.981311475409836,18.52868852459016,11.681967213114753,24.03008196721311,8.202398486526393,7.520491803278689,1.919672131147541,19.244681238615662,56.74098360655736,77.05384335154825,992.8111475409836,14.396229508196722,5.5547540983606565,2.59844262295082,0.0,28.94897996357013,18.7155737704918,25.91775956284153,15.11311475409836,20.74786885245901,13.130270034843203,7.778360655737705,1.900819672131148,16.600291438979962,55.91311475409837,79.24508196721311,998.136903460838,12.611967213114754,4.746393442622951,2.269344262295082,0.0,23.669125683060116,15.3816029143898,24.09071038251365,18.428688524590164,11.574836065573772,8.541147540983607,8.857540983606556,10,0,0,0,0,0,0,9,0
강원도,2013,108562,3665,3,4.133508184523809,13.13693171608266,7.725366071428573,15.246721311475412,4.133508184523809,8.827049180327867,2.182950819672131,6.902950819672131,36.41639344262296,62.95737704918033,990.6901639344262,14.018360655737704,7.621639344262295,2.735819672131148,0.0042622950819672,17.794918032786885,6.708196721311476,15.479781420765027,11.300819672131148,24.58639344262295,13.13693171608266,7.6875409836065565,1.820983606557377,20.42377049180328,60.008196721311485,79.7350819672131,985.3124590163934,14.493934426229508,4.964590163934425,2.242418032786885,0.0,26.745245901639343,20.35967213114754,25.24371584699454,15.889344262295085,21.324590163934424,7.725366071428573,6.671785063752276,1.6460655737704917,16.893934426229507,53.131147540983605,78.51934426229509,992.2808196721312,12.64311475409836,6.394918032786885,2.234672131147541,0.0,23.8667213114754,15.458196721311474,24.30054644808743,19.749180327868856,11.651639344262296,7.260819672131146,9.164508196721313,11,0,1,0,0,0,0,0,1
경상북도,2013,2563,86,3,6.731277472527473,7.1540172735760965,7.912070614570616,15.625245901639344,6.731277472527473,9.184754098360656,2.32311475409836,7.328524590163933,36.21803278688524,62.81426229508196,997.0080327868852,13.940819672131148,7.666721311475409,2.713852459016393,0.0027868852459016,19.70754098360656,7.343606557377049,17.253551912568305,12.470491803278687,25.152950819672125,7.1540172735760965,7.618524590163934,1.7872131147540986,20.71344262295082,57.2327868852459,78.36524590163935,991.6477049180328,14.39983606557377,4.957377049180328,2.4982786885245902,0.0,28.73495446265938,20.767377049180325,26.17978142076503,15.237704918032788,22.077704918032783,7.912070614570616,7.074590163934427,1.8044262295081963,17.179836065573767,51.570491803278685,76.30983606557378,998.0172131147542,12.622131147540989,6.021147540983607,2.1223770491803275,0.0,26.078360655737704,16.793770491803276,25.63060109289618,17.964754098360658,12.225245901639344,8.170491803278686,9.598032786885248,14,0,1,0,0,0,0,4,9
강원도,2014,106947,2926,4,3.8885971055088695,6.377652943121693,8.379900309717385,17.15885245901639,3.8885971055088695,8.979016393442626,2.236721311475409,7.938852459016394,34.84426229508197,60.176065573770494,991.0496721311476,14.00983606557377,7.457377049180328,2.673155737704917,0.0,19.930000000000003,8.402295081967214,17.230054644808742,12.028688524590164,23.56885245901639,6.377652943121693,7.49327868852459,1.8104918032786883,18.40081967213115,52.0032786885246,75.68876138433515,985.9009836065574,14.497377049180328,6.120819672131147,2.4834836065573778,0.0,26.540491803278687,18.15622950819672,24.78551912568306,15.650819672131147,19.783934426229507,8.379900309717385,6.36704918032787,1.57327868852459,15.401967213114752,52.61803278688525,78.69894353369762,992.8565573770492,12.650983606557377,6.037540983606557,2.234508196721312,0.0,22.115409836065574,13.811311475409832,23.068852459016387,19.080327868852464,11.805901639344263,8.964262295081967,9.51704918032787,15,0,1,0,0,0,0,1,0
경상북도,2014,1552,49,4,5.652231182795699,6.14173492063492,9.536857956857956,17.132786885245903,5.652231182795699,9.004590163934427,2.3521311475409834,7.688032786885245,34.083606557377045,59.32131147540984,997.2611475409836,13.932622950819672,7.239344262295082,2.58811475409836,0.0,21.39393442622951,8.54950819672131,18.694535519125687,12.199180327868852,23.59344262295082,6.14173492063492,7.67655737704918,2.0034426229508195,18.20346083788707,52.43934426229509,74.49985428051004,991.86233151184,14.40295081967213,5.407213114754098,2.4859016393442626,0.0,27.93311475409837,18.139672131147545,25.331967213114755,14.549180327868852,19.975409836065577,9.536857956857956,6.722950819672132,1.7929508196721309,15.531147540983609,53.9016393442623,78.08295081967213,998.6298360655738,12.629180327868854,5.649999999999999,2.2944262295081965,0.0,23.3244262295082,13.92786885245902,22.76475409836066,17.657377049180326,12.049672131147542,8.776065573770493,9.323934426229508,16,0,1,0,0,0,0,1,0
강원도,2015,131025,3373,4,3.0687716450216453,8.41670476190476,5.468876678876679,16.998688524590165,3.0687716450216453,8.991803278688526,2.1818943533697635,5.944590163934425,29.644262295081965,54.84697632058288,989.8511475409834,14.002622950819674,8.957868852459015,2.738483606557377,0.0,20.814098360655738,6.600163934426231,17.118852459016395,11.98934426229508,23.284754098360654,8.41670476190476,7.727540983606557,1.9134426229508197,18.24540983606557,53.53934426229508,76.2685245901639,987.00131147541,14.501475409836068,6.410018214936248,2.5113661202185797,0.0,26.57065573770492,18.238360655737704,24.674590163934425,15.599180327868854,19.941803278688525,5.468876678876679,7.2040983606557365,1.6868852459016397,14.577085610200363,46.99180327868852,74.74938069216756,991.683515482696,12.660819672131147,7.1419672131147545,2.447827868852459,0.0,23.014426229508192,13.3855737704918,23.895901639344263,18.94754098360656,13.424754098360657,8.793606557377048,10.538360655737703,23,0,3,0,0,0,0,2,0
경상북도,2015,843,30,4,3.9323666666666655,5.645850340136054,5.190140778533636,17.28704918032787,3.9323666666666655,9.083770491803277,2.3637704918032787,6.665573770491804,29.67868852459016,56.27910746812387,996.0411475409836,13.92704918032787,8.65950819672131,2.6020491803278687,0.0,21.976393442622957,7.512622950819673,18.613934426229505,12.172131147540986,23.43983606557377,5.645850340136054,7.649999999999999,2.000983606557377,18.326557377049184,52.76393442622952,75.83885245901638,993.0009836065574,14.406065573770489,6.231967213114753,2.34311475409836,0.0,28.67983606557377,18.16819672131148,25.00983606557377,14.905737704918034,20.16327868852459,5.190140778533636,7.569180327868851,1.976065573770492,14.94344262295082,48.12622950819672,75.19524590163935,997.4450819672132,12.63901639344262,6.177213114754099,2.1604098360655737,0.0,23.69131147540984,13.69344262295082,23.361475409836064,17.736885245901636,13.34311475409836,8.95950819672131,10.28049180327869,23,0,3,0,0,0,0,7,0
강원도,2016,120345,3518,2,4.094605442176871,11.568930224867728,5.816394064872324,16.810409836065578,4.094605442176871,8.608196721311476,2.054590163934426,7.151930783242258,30.985245901639345,58.83102003642988,990.4388706739528,14.025409836065576,8.359854280510019,2.8787704918032784,0.0,20.67765027322405,7.968032786885246,18.62049180327869,12.197540983606558,23.71196721311476,11.568930224867728,6.490163934426229,1.504754098360655,19.08229508196721,55.19508196721311,77.94639344262293,987.22262295082,14.491475409836069,6.165901639344264,2.49811475409836,0.0,27.15754098360656,19.180819672131147,25.74754098360656,17.00983606557377,21.140983606557377,5.816394064872324,6.64622950819672,1.5547540983606558,16.54632058287796,52.8311475409836,77.61965391621129,990.6487978142076,12.631475409836066,5.422240437158469,2.1489207650273228,0.0,23.91426229508197,15.847377049180327,24.85,20.274590163934423,12.696721311475413,8.394098360655738,8.672459016393445,16,0,0,0,0,0,0,2,2
경상북도,2016,1582,61,2,4.68683621933622,8.563988536155204,9.529111276455026,16.950983606557376,4.68683621933622,8.886065573770493,2.378360655737705,7.959344262295081,33.31475409836065,61.06655737704917,996.8388524590164,13.948032786885246,8.275027322404371,2.561639344262296,0.0,21.291475409836067,8.299180327868854,17.865573770491803,12.268852459016395,24.347213114754098,8.563988536155204,7.067049180327868,1.7491803278688527,19.75785063752277,54.64754098360656,78.14868852459017,993.2668123861564,14.395737704918034,6.292459016393442,2.4131967213114747,0.0,29.2188524590164,19.021930783242254,25.68114754098361,15.108196721311478,21.716721311475407,9.529111276455026,7.232295081967213,1.9427868852459016,17.41459016393443,55.91475409836065,79.16704918032787,996.2775409836064,12.61065573770492,5.071256830601093,1.9547814207650276,0.0,25.168360655737704,16.3944262295082,24.106557377049175,18.633606557377053,12.354426229508196,8.811803278688524,8.405901639344263,18,0,0,0,0,0,0,5,6
강원도,2017,98639,3228,3,2.876728395061728,12.507694962042788,9.124,16.863606557377047,2.876728395061728,9.428032786885248,2.145409836065574,6.081967213114754,29.752459016393445,54.855409836065576,989.317049180328,14.018360655737704,8.72688524590164,2.9036885245901645,0.0,20.784262295081973,7.159508196721312,18.527049180327868,12.732786885245902,24.20622950819672,12.507694962042788,6.556229508196722,1.4668852459016393,19.09180327868852,54.493442622950816,76.31786885245899,986.8190163934426,14.494098360655736,6.187540983606557,2.5404098360655736,0.0,27.858688524590164,19.47757741347905,26.52377049180328,16.814754098360655,19.88245901639344,9.124,6.502131147540983,1.474754098360656,15.222950819672132,53.231876138433535,77.33258652094716,992.7210018214936,12.641967213114755,5.449635701275045,2.163196721311475,0.0,22.37672131147541,14.373005464480872,23.771311475409835,20.946721311475414,12.484590163934426,8.588688524590163,9.046557377049185,15,1,0,0,0,0,0,0,0
경상북도,2017,256,16,3,3.2802272727272728,7.083595238095239,6.901366459627329,17.520163934426225,3.2802272727272728,9.601639344262294,2.428032786885246,6.631803278688525,28.89180327868852,54.89081967213115,995.6396721311476,13.940983606557376,8.900000000000002,2.468524590163934,0.0,22.281475409836062,7.64016393442623,19.10819672131147,12.520491803278686,24.618852459016388,7.083595238095239,7.065373406193078,1.7748998178506374,19.356102003642988,53.3344262295082,75.76193078324225,992.8995810564664,14.39950819672131,6.684990892531876,2.0719672131147537,0.0,29.63590163934426,19.00187613843352,26.45983606557377,15.327868852459016,20.860983606557376,6.901366459627329,7.005591985428051,1.8378688524590163,16.346065573770492,53.14754098360657,78.10262295081968,998.350655737705,12.621311475409838,6.0413114754098345,1.7740437158469946,0.0,24.19049180327869,14.70688524590164,23.80163934426229,18.082786885245905,12.965901639344263,9.233114754098358,9.418032786885249,18,1,1,0,0,0,0,4,0
강원도,2018,91277,3427,5,8.391847041847043,13.423985088985091,12.15789847883598,16.27885245901639,8.391847041847043,8.487213114754097,2.0185245901639344,7.918032786885246,37.22786885245902,63.57311475409836,991.6388524590166,14.011967213114756,7.966393442622953,2.710450819672131,0.0,19.348688524590163,7.48639344262295,17.655737704918035,12.56639344262295,24.513934426229508,13.423985088985091,6.967704918032786,1.6795081967213117,19.005901639344263,53.05737704918032,74.46344262295081,987.320655737705,14.497868852459016,7.378524590163935,2.685819672131148,0.0,29.437704918032782,18.868852459016388,27.20245901639344,16.67868852459016,20.00147540983607,12.15789847883598,7.17983606557377,1.6501639344262298,15.101803278688529,51.97540983606557,76.26754098360654,991.7450819672132,12.65049180327869,6.052513661202186,2.245163934426229,0.0,22.45639344262295,14.160455373406194,24.01311475409836,20.767213114754103,12.028196721311476,9.110163934426229,9.298196721311475,15,1,0,0,0,0,0,13,2
경상북도,2018,534,36,5,7.359680059523809,8.959836601307192,10.800189318783069,17.183934426229513,7.359680059523809,8.715737704918034,2.4339344262295075,8.731238615664846,37.25136612021858,63.57779599271403,997.5765573770492,13.933606557377052,7.907868852459017,2.51,0.0,21.14393442622951,8.681475409836066,17.854098360655737,12.33032786885246,25.205245901639344,8.959836601307192,7.160819672131147,1.9881967213114755,19.29451730418944,51.70218579234972,72.89238615664844,993.1688524590164,14.40245901639344,7.3442622950819665,2.4444262295081964,0.0,31.40065573770492,19.352349726775955,26.356557377049175,15.320491803278689,21.074754098360653,10.800189318783069,7.577540983606557,1.9454098360655736,16.224918032786885,53.41967213114754,76.47508196721311,997.5152459016394,12.628032786885246,5.455737704918034,2.009562841530055,0.0,24.21622950819672,15.06032786885246,24.002459016393445,18.224590163934437,12.04754098360656,9.406229508196718,8.947704918032787,18,1,0,0,0,0,0,21,3
강원도,2019,138378,3761,7,3.5979682539682543,7.045802808302809,11.130050756736804,16.593934426229506,3.5979682539682543,8.259180327868854,1.8419672131147544,6.541639344262295,32.02295081967214,57.94885245901639,990.6596721311475,14.004590163934424,8.159927140255009,2.8675081967213107,0.0,20.30344262295082,6.547868852459016,17.76065573770492,12.624590163934428,23.557213114754106,7.045802808302809,6.857540983606558,1.5614754098360653,18.655081967213118,55.52459016393443,76.55639344262295,986.5159016393444,14.502295081967214,6.688524590163935,2.6447868852459013,0.0,27.17049180327869,18.46180327868852,25.556557377049185,16.291803278688526,20.857786885245904,11.130050756736804,6.4457377049180336,1.4368852459016392,16.70049180327869,56.10819672131147,79.48176684881601,991.7245719489982,12.65967213114754,5.28672131147541,2.2031803278688527,0.0,23.2655737704918,16.057868852459016,24.28770491803279,20.25491803278689,12.905573770491802,8.763114754098362,8.725245901639342,18,0,0,0,0,0,0,0,0
경상북도,2019,1298,83,7,5.239500293944739,6.13912153750389,11.297253637566138,17.113278688524588,5.239500293944739,8.414644808743171,2.1827322404371583,7.669016393442623,34.11147540983607,59.8188524590164,996.8767213114754,13.927540983606558,8.302477231329691,2.566311475409836,0.0,21.80065573770492,7.53448087431694,18.759836065573765,12.968852459016391,23.82131147540984,6.13912153750389,7.185737704918034,1.8813843351548267,19.307704918032787,56.37413479052824,78.1973770491803,992.4939344262292,14.405737704918032,6.540127504553735,2.3622950819672126,0.0,28.674426229508203,18.351311475409837,25.005737704918023,15.540983606557376,21.80188524590164,11.297253637566138,7.078360655737704,1.7810063752276866,17.85882969034608,58.7672131147541,80.39095628415299,997.4820810564662,12.6377868852459,4.95870218579235,1.914918032786885,0.0,24.927868852459014,16.061475409836067,24.38360655737705,18.38524590163934,12.863032786885244,8.82081967213115,8.442295081967213,22,0,0,0,0,0,0,7,0
