지역,년도,생산량,면적,평균 기온,최저 기온,최고 기온,1시간 최다강수량,일 강수량 평균,강수량 합계,최대 순간풍속,최대 풍속,평균 풍속,풍정합,평균 이슬점온도,최소 상대습도,평균 상대습도,평균 증기압,평균 현지기압,가조시간,평균 일조 시간,1시간 최다 일사량 평균,평균 일 합계 일사,일 최심신적설,일 최심적설,지면온도,최저 초상온도,5cm 지중온도,10cm 지중온도,20cm 지중온도,30cm 지중온도,0.5m 지중온도,1.0m 지중온도,1.5m 지중온도,3.0m 지중온도,5.0m 지중온도,평균 일교차,일교차 15이상인 날,태풍 수,영향을 준 태풍 수,한파일 수,폭염일 수
강원도,2001,52796,970,13.431206896551725,8.662241379310345,19.31022988505747,3.236134296415195,7.112093253968253,825.0028174603174,6.733045977011493,3.857413793103449,1.730459770114943,1495.0660919540232,7.068045977011495,42.704597701149424,68.28896551724138,13.009597701149422,995.0614942528736,11.78902298850575,5.9975287356321845,1.981896551724138,11.932471264367816,0.1003448275862068,0.2162068965517241,15.093850574712643,6.612643678160919,16.003065134099614,16.280842911877397,16.74463601532567,17.122413793103448,17.755555555555553,18.54770114942529,18.96551724137931,18.41465517241379,16.85028735632184,10.647988505747126,10,23,1,8,0
경기도,2001,210816,3661,14.043390804597705,9.002442528735632,20.17040229885058,4.467989417989418,8.724900793650793,732.8916666666667,6.032183908045977,3.523994252873563,1.346551724137931,1163.4367816091954,7.737787356321839,41.75431034482759,68.33045977011494,13.438936781609195,1009.5021551724138,11.779310344827588,6.72183908045977,2.079137931034482,13.034080459770117,0.0456896551724137,0.0544540229885057,16.40704022988506,6.677298850574712,16.868390804597702,17.688505747126435,17.72586206896552,18.17528735632184,18.679885057471264,19.334482758620688,19.30919540229885,18.805172413793105,17.00287356321839,11.167959770114944,27,23,1,11,3
경상남도,2001,99791,1381,15.96609195402299,11.412787356321838,21.900646551724137,4.149630036630037,7.09564024390244,581.8425000000001,6.755387931034483,3.754454022988506,1.4211206896551722,1227.7995689655172,8.914727011494252,41.77298850574713,64.87650862068966,14.004166666666668,1009.8739224137933,11.797485632183909,6.020977011494252,2.1588505747126434,13.521206896551725,0.0021551724137931,0.0035919540229885,17.892456896551725,9.308261494252871,17.66551724137931,17.911494252873563,18.30402298850575,18.5367816091954,19.24080459770116,19.39827586206896,,,,10.487859195402295,11,23,1,0,5
경상북도,2001,99386,1673,14.41258620689655,9.846264367816092,20.197471264367813,2.695385678616016,5.496597805788983,747.5373015873016,8.043620689655173,4.436436781609196,1.862183908045977,1608.9781609195402,8.082126436781607,45.045402298850576,67.69655172413793,13.535057471264365,1001.827356321839,11.789827586206895,6.77471264367816,1.9657758620689647,11.902298850574711,0.0935057471264367,0.2823563218390804,16.739885057471266,7.909597701149426,17.75478927203065,17.81111111111111,18.217432950191565,18.413218390804595,18.908045977011493,19.26053639846744,19.36580459770115,17.505172413793105,15.7683908045977,10.351206896551725,6,23,1,3,0
전라남도,2001,331259,4582,16.639901477832513,12.83743842364532,21.18292282430213,3.13234126984127,4.7564734950584,504.18619047619046,10.04367816091954,6.663218390804597,3.148850574712644,2720.316091954023,10.641379310344828,48.52791461412152,68.94228243021347,15.282101806239735,1011.11026272578,11.822660098522164,7.336124794745484,2.2011494252873565,13.964827586206894,0.0151067323481116,0.0169129720853858,18.52635467980296,10.335057471264369,18.347701149425287,18.483045977011496,18.9933908045977,19.3014367816092,19.876724137931035,20.417241379310344,20.373563218390803,19.580172413793104,18.0632183908046,8.345484400656813,0,23,1,0,1
전라북도,2001,455009,5983,15.121100164203614,10.435467980295568,20.982594417077173,4.220874316939892,5.934619538537064,575.6580952380953,7.162315270935961,4.290804597701149,1.4821839080459769,1280.6896551724135,9.697619047619046,46.54761904761904,71.73333333333332,14.388177339901477,1002.6816912972084,11.795238095238096,6.434072249589491,2.070057471264368,12.532643678160918,0.0986863711001642,0.2149425287356322,17.076026272577998,8.055172413793104,17.948850574712644,18.10919540229885,18.804597701149422,19.29597701149425,20.00632183908046,20.4764367816092,,,,10.547126436781609,18,23,1,3,10
제주도,2001,120282,1598,18.90890804597701,16.153304597701148,22.131178160919543,3.293661971830986,6.821105919003116,729.8583333333333,11.793965517241382,7.630459770114944,4.397988505747127,3799.4525862068967,12.539080459770116,51.78735632183908,66.92801724137931,16.694396551724136,1011.453735632184,11.835344827586209,5.79080459770115,2.195,13.233735632183908,0.0021551724137931,0.0021551724137931,20.123132183908044,14.105890804597705,20.729597701149427,21.162356321839084,21.343965517241376,21.71293103448276,22.060632183908048,22.492816091954023,21.9264367816092,21.733908045977014,18.898850574712647,5.97787356321839,0,23,1,0,0
충청남도,2001,194741,3737,14.97287356321839,9.904367816091954,21.092413793103447,4.923452380952381,7.063132530120482,586.24,7.016896551724138,4.085172413793103,1.55183908045977,1340.7448275862068,9.386896551724137,45.8183908045977,70.86218390804598,14.309195402298853,1011.4510344827588,11.79103448275862,8.561609195402298,2.12528735632184,13.37390804597701,0.1019540229885057,0.2020689655172414,17.96551724137931,8.048620689655172,17.229310344827585,17.50574712643678,17.735057471264373,17.836206896551722,18.519540229885056,18.835632183908046,,,,11.188045977011496,25,23,1,3,5
충청북도,2001,32982,721,13.86264367816092,8.691034482758619,20.097586206896548,3.15204641350211,5.26183800623053,563.0166666666667,7.663908045977012,4.666206896551724,1.9221839080459768,1660.9586206896554,7.267816091954023,42.00229885057471,66.59482758620689,12.826551724137929,996.8627586206896,11.791494252873562,6.869770114942528,2.239022988505747,13.655344827586209,0.0896551724137931,0.1785057471264367,16.409885057471264,7.182528735632185,,,,,,,,,,11.40655172413793,23,23,1,3,3
강원도,2002,33509,836,12.159540229885057,8.009540229885056,17.244080459770117,4.1539593253968246,10.2974592999593,1204.802738095238,7.885632183908045,4.749022988505748,1.9767241379310347,1707.8316091954025,6.498850574712644,48.2132183908046,70.93316091954023,12.371724137931034,994.1154022988508,11.777816091954024,4.766954022988506,1.816882183908046,10.80610632183908,0.2096551724137931,1.248793103448276,13.438103448275864,6.13235632183908,14.50191570881226,14.772222222222222,15.238697318007665,15.781226053639848,16.504406130268205,17.539080459770116,18.280172413793103,18.36436781609196,17.01034482758621,9.234540229885058,8,20,3,1,0
경기도,2002,178507,3440,12.973132183908048,8.565229885057471,18.38405172413793,3.784880952380952,9.099829931972788,891.7833333333333,5.798994252873563,3.3853448275862066,1.2478448275862069,1078.1077586206898,7.319971264367815,47.30603448275862,70.61867816091954,13.104022988505749,1008.6367816091956,11.778304597701151,5.417097701149425,1.8543103448275864,11.353620689655171,0.052155172413793,0.1284482758620689,14.327586206896552,6.598706896551724,15.41264367816092,16.198275862068964,16.320689655172412,16.860919540229887,16.772413793103446,17.891379310344828,18.3316091954023,18.133333333333336,16.83505747126437,9.81882183908046,15,20,3,1,1
경상남도,2002,63910,1065,15.257902298850574,10.80280172413793,20.85711206896552,5.106428571428571,11.814911014911017,1169.6761904761904,7.208117816091954,4.078807471264368,1.4830459770114943,1281.342672413793,8.820258620689655,45.798132183908045,67.77313218390806,14.005531609195405,1009.0799568965516,11.80574712643678,6.3782327586206895,2.0441379310344825,12.620229885057473,0.0063218390804597,0.0077586206896551,16.460201149425288,8.619540229885056,16.62988505747126,17.064367816091956,17.46954022988506,17.81206896551724,18.04367816091954,18.86206896551724,,,,10.054310344827584,18,20,3,0,3
경상북도,2002,71109,1325,13.411954022988503,9.180689655172412,18.57224137931035,3.464062620983353,8.151384345086635,1067.8313492063492,8.473563218390805,4.860632183908046,2.0564942528735632,1776.8103448275858,7.347816091954023,48.048850574712645,68.8905172413793,12.786724137931031,1000.9158620689656,11.790804597701149,5.661896551724138,1.8780172413793104,11.461781609195402,0.0772413793103448,0.2909770114942528,15.258678160919542,7.295057471264367,16.569348659003833,16.66800766283525,17.1323754789272,17.402490421455937,18.142720306513407,18.810344827586206,19.079885057471262,17.69425287356322,15.986206896551726,9.39155172413793,7,20,3,0,0
전라남도,2002,257074,3619,15.641543513957307,11.929638752052544,20.079146141215105,4.249234234234234,8.94979305740988,957.6278571428572,10.564039408866996,6.910837438423647,3.205172413793103,2769.2627257799672,10.423152709359606,53.04187192118226,72.50845648604269,15.026929392446634,1010.3616584564862,11.814696223316911,5.713218390804599,2.035028735632184,12.314051724137933,0.0115763546798029,0.0131362889983579,16.695730706075533,9.985878489326764,17.357758620689655,17.464942528735634,17.807758620689658,18.146839080459767,19.0066091954023,19.69942528735632,19.81149425287356,19.404310344827586,18.141954022988504,8.149507389162563,1,20,3,0,0
전라북도,2002,358820,5138,14.184893267651889,9.817980295566503,19.567733990147783,3.578649749373433,7.618339710884352,853.2540476190475,7.383825944170772,4.385960591133005,1.6104269293924462,1391.418719211823,9.19088669950739,51.07307060755337,73.51395730706075,14.030295566502462,1001.865106732348,11.800574712643678,5.319458128078818,1.9030459770114945,11.660287356321838,0.1059113300492611,0.1768472906403941,15.617405582922824,8.0756157635468,16.730459770114944,17.08793103448276,17.878735632183908,17.998850574712645,18.64425287356322,19.31206896551724,,,,9.74975369458128,18,20,3,0,0
제주도,2002,111532,1508,18.270402298850573,15.415373563218388,21.44741379310345,4.523631840796019,8.863629283489097,948.4083333333332,11.97485632183908,7.604310344827587,4.220689655172414,3646.645114942529,13.315660919540228,58.77873563218391,73.875,17.391810344827586,1010.8545977011496,11.827873563218391,5.255028735632183,2.044741379310345,12.23646551724138,0.0,0.0,18.97385057471264,12.670833333333336,19.793390804597696,19.868390804597706,20.03879310344828,20.673850574712645,21.316091954022987,22.011494252873565,21.37701149425287,21.46149425287356,18.99885057471264,6.032040229885056,0,20,3,0,0
충청남도,2002,141248,2576,13.823793103448274,9.38528735632184,19.193563218390807,3.940526315789474,8.030694444444444,867.315,7.523448275862068,4.360114942528736,1.6990804597701148,1467.9862068965515,8.986781609195402,52.64022988505747,74.09310344827587,14.133908045977012,1010.5511494252876,11.793793103448278,6.305632183908045,1.903103448275862,11.546379310344827,0.0757471264367816,0.1264367816091954,16.121034482758617,7.522068965517239,15.381034482758622,15.724137931034482,15.920689655172414,16.227011494252874,17.134482758620692,17.558045977011496,,,,9.808275862068966,15,20,3,0,1
충청북도,2002,20198,444,12.930574712643676,8.509655172413792,18.34850574712644,3.92972602739726,8.369093567251461,954.0766666666666,8.344942528735633,4.881494252873564,1.9593103448275864,1692.877011494253,7.301149425287357,47.56666666666667,70.72022988505746,12.798390804597702,995.9010344827587,11.788045977011494,5.578275862068965,1.6736781609195404,9.67919540229885,0.0470114942528735,0.0975862068965517,14.562413793103447,6.827931034482759,,,,,,,,,,9.838850574712644,16,20,3,1,0
강원도,2003,33894,786,13.119080459770114,8.923850574712642,18.2616091954023,4.871340048840049,11.94130507343124,1277.7196428571428,7.81,4.739367816091954,1.9378735632183903,1674.2977011494252,7.669367816091954,48.94942528735631,72.22281609195402,13.15206896551724,994.4133908045976,11.783850574712645,4.621436781609195,1.824913793103448,10.820057471264368,0.0101724137931034,0.0143103448275862,14.582528735632184,7.125632183908046,15.418199233716471,15.591570881226056,15.989463601532568,16.406130268199234,17.15325670498084,18.07567049808429,18.60833333333333,18.268965517241377,16.37442528735632,9.337758620689655,12,15,2,7,0
경기도,2003,137252,3119,13.908908045977013,9.523563218390803,19.25890804597701,5.966666666666667,12.613796296296297,1135.2416666666666,6.216666666666666,3.592959770114942,1.2461206896551724,1075.9770114942528,8.70905172413793,48.810344827586206,72.71724137931034,13.948994252873565,1008.9035919540228,11.787212643678163,5.174568965517242,1.86316091954023,11.357183908045975,0.026867816091954,0.0330459770114942,15.1183908045977,7.648275862068965,16.0132183908046,16.822988505747126,17.171264367816093,17.291954022988506,17.141954022988504,18.142528735632187,18.81149425287356,17.95287356321839,16.33045977011495,9.735344827586204,15,15,2,7,0
경상남도,2003,66734,1053,16.144827586206894,11.769683908045977,21.74360632183908,5.357478021978023,10.488001046572476,954.4080952380953,7.347772988505748,4.16882183908046,1.4630747126436785,1264.0977011494251,10.027514367816092,47.21623563218391,69.08347701149425,14.817528735632184,1009.39375,11.812859195402298,5.693965517241379,2.0111494252873565,12.031206896551726,0.0003591954022988,0.0003591954022988,17.26645114942529,9.658405172413794,17.288505747126436,17.80862068965517,18.067816091954025,18.49597701149425,18.7316091954023,19.68908045977012,,,,9.973922413793105,18,15,2,0,0
경상북도,2003,80264,1534,14.257068965517242,10.082816091954024,19.431666666666665,3.786903870162297,8.244912579066716,1096.5733730158731,8.546551724137931,4.846494252873563,1.9744827586206897,1705.9298850574712,8.466264367816091,49.02816091954023,69.93114942528734,13.454195402298849,1001.2175862068964,11.79712643678161,5.206321839080459,1.695977011494253,10.115747126436782,0.0391954022988505,0.0870114942528735,15.783850574712645,8.47844827586207,17.008812260536395,17.083908045977015,17.48831417624521,17.910919540229884,18.448850574712647,18.948084291187744,19.041091954022985,17.543390804597703,15.850287356321838,9.348850574712642,5,15,2,2,0
전라남도,2003,214078,3190,16.379474548440065,12.832101806239736,20.57101806239737,5.76392661982826,9.152871870397645,887.8285714285714,10.371921182266007,6.783415435139573,3.196387520525452,2761.658456486043,11.517405582922825,55.093596059113295,73.75410509031198,15.83062397372742,1010.7557471264367,11.819786535303775,5.6059934318555,2.165948275862069,12.328103448275863,0.0096880131362889,0.0110837438423645,17.730541871921183,11.20952380952381,17.82442528735632,18.058908045977013,18.471264367816094,18.807758620689658,19.41867816091954,19.992528735632185,20.022701149425288,19.43908045977012,18.1396551724138,7.738916256157634,0,15,2,0,0
전라북도,2003,352982,5629,14.982758620689657,10.590722495894909,20.44408866995074,5.364457671957672,8.529040943480195,912.6073809523808,7.295894909688014,4.314696223316913,1.5045155993431858,1299.9187192118227,9.954187192118226,49.7151067323481,73.0832512315271,14.452134646962234,1002.1201970443352,11.80903119868637,5.161576354679802,1.80867816091954,10.95183908045977,0.0547619047619047,0.1189655172413793,16.452216748768475,8.93111658456486,17.28448275862069,17.761494252873565,18.118390804597706,18.46494252873564,18.88505747126437,19.385057471264368,,,,9.853366174055829,20,15,2,4,0
제주도,2003,62000,756,19.22672413793104,16.39382183908046,22.529454022988503,6.081586021505376,10.139095744680851,953.075,11.053448275862069,7.068390804597701,3.876436781609196,3349.239942528736,14.270258620689656,58.36925287356322,73.20977011494253,18.680028735632185,1011.2474137931036,11.833189655172411,5.386350574712644,2.045459770114942,12.09471264367816,0.0100574712643678,0.0166666666666666,20.625,14.26278735632184,20.32586206896552,21.0,20.94310344827586,21.48793103448276,22.003160919540225,22.5735632183908,21.769540229885056,21.596551724137928,19.02241379310345,6.135632183908045,0,15,2,0,0
충청남도,2003,155008,2663,14.492528735632185,9.954942528735632,19.966666666666665,5.405966183574879,8.533024054982818,827.7033333333333,7.0416091954023,4.1466666666666665,1.5479310344827588,1337.4080459770114,9.55919540229885,50.92988505747126,73.38390804597701,14.222758620689657,1010.8379310344828,11.800229885057473,5.496206896551724,1.877183908045977,11.590172413793104,0.006551724137931,0.006551724137931,16.243563218390804,8.485172413793105,16.237931034482756,16.34022988505747,16.523563218390805,16.689080459770114,17.45977011494253,17.7235632183908,,,,10.011724137931036,20,15,2,4,0
충청북도,2003,36822,748,13.929540229885056,9.488735632183907,19.40597701149425,5.49517316017316,9.803813813813814,1088.2233333333334,8.248505747126439,4.908850574712643,1.8891954022988504,1632.2482758620688,8.455977011494252,48.54942528735632,71.15793103448276,13.467356321839082,996.2929885057472,11.795057471264366,5.347931034482758,1.90051724137931,10.942126436781608,0.0102298850574712,0.0137931034482758,15.003218390804598,7.987011494252874,,,,,,,,,,9.917241379310344,24,15,2,3,0
강원도,2004,50390,926,14.11074712643678,9.549022988505746,19.8364367816092,3.764739974937344,8.56724318658281,908.1277777777776,7.492356321839081,4.541954022988506,1.859942528735632,1606.9833333333331,8.48764367816092,45.71954022988506,71.55005747126437,13.7416091954023,995.1369540229884,11.763333333333334,5.554137931034483,1.963850574712644,11.89626436781609,0.0132758620689655,0.0183908045977011,15.535574712643676,7.531379310344826,16.68103448275862,16.818199233716474,17.244444444444444,17.55574712643678,18.082758620689653,19.033716475095787,19.729597701149423,19.08304597701149,16.77126436781609,10.287413793103449,9,21,4,6,1
경기도,2004,196075,3379,14.638793103448274,9.678448275862069,20.72672413793104,5.211904761904762,9.82987012987013,756.9,6.398563218390804,3.764655172413793,1.2774425287356324,1103.3793103448277,8.890660919540231,43.60632183908046,70.59913793103448,14.057614942528732,1009.3931034482756,11.76580459770115,6.04396551724138,2.096149425287356,12.97109195402299,0.0,0.0,16.560201149425286,8.199281609195403,17.410919540229884,18.2028735632184,18.4632183908046,18.55804597701149,18.08333333333333,18.98045977011494,19.27528735632184,18.62528735632184,16.95632183908046,11.048275862068966,24,21,4,7,6
경상남도,2004,88069,1197,16.954956896551725,12.257040229885057,23.0319683908046,4.1559026297086,9.587219485495348,834.0880952380953,7.303951149425288,4.097485632183909,1.4691091954022988,1269.1314655172414,10.898275862068967,44.06106321839081,69.73290229885059,15.647557471264369,1009.5270833333336,11.791882183908044,5.963146551724138,2.1386206896551725,13.318908045977013,0.007183908045977,0.0078304597701149,18.2683908045977,9.879741379310346,18.415517241379312,18.81206896551724,19.47873563218391,19.60689655172414,19.728735632183906,20.54252873563218,,,,10.77492816091954,18,21,4,0,17
경상북도,2004,92146,1549,15.121954022988508,10.53086206896552,20.7580459770115,3.904824658545589,7.999261463844797,1007.9069444444444,8.281896551724138,4.76316091954023,1.945057471264368,1680.5132183908042,9.432931034482758,47.49022988505747,70.57948275862068,14.266206896551726,1001.7745977011494,11.776091954022988,5.771436781609194,1.802471264367816,11.202902298850574,0.0301724137931034,0.0963793103448275,16.905057471264364,8.681724137931035,18.00383141762452,18.10708812260537,18.47969348659004,18.69693486590038,19.105555555555554,19.52126436781609,19.65890804597701,18.07270114942529,16.120114942528737,10.227183908045978,7,21,4,2,6
전라남도,2004,241334,3200,17.14310344827586,13.271592775041054,21.8316091954023,4.284907604832978,9.645593958013317,897.0402380952382,10.658702791461414,6.993185550082102,3.316666666666666,2865.606732348111,12.042364532019704,51.91543513957307,72.96026272577996,16.5512315270936,1011.23973727422,11.798522167487684,6.239490968801314,2.194568965517241,13.92181034482759,0.0169950738916256,0.019047619047619,19.13382594417077,11.820032840722495,19.12183908045977,19.442241379310342,19.692241379310342,19.968103448275865,20.736494252873563,20.867528735632185,20.74626436781609,19.97385057471265,18.102011494252874,8.560016420361247,0,21,4,0,0
전라북도,2004,449528,5573,15.6115763546798,10.723481116584564,21.66888341543514,4.654568452380952,8.95421768707483,814.8338095238096,6.923070607553367,4.031609195402299,1.3692118226600984,1182.994252873563,10.2940065681445,45.26518883415436,72.36469622331691,15.020114942528735,1002.56789819376,11.788587848932677,6.10968801313629,1.978793103448276,12.326724137931034,0.0110837438423645,0.0114942528735632,17.795155993431855,8.734318555008212,18.47528735632184,18.371839080459768,19.243678160919544,19.66896551724138,19.989655172413794,20.606896551724137,,,,10.945402298850574,26,21,4,3,13
제주도,2004,25754,296,19.746839080459768,16.73908045977012,23.19626436781609,5.936693548387097,11.15174418604651,959.05,11.480172413793106,7.162356321839081,4.036781609195402,3487.783045977012,14.305316091954024,55.25574712643678,71.05330459770116,18.52485632183908,1011.433764367816,11.812356321839085,6.235344827586206,2.168793103448276,13.35022988505747,0.0126436781609195,0.0126436781609195,21.55272988505748,14.54683908045977,21.804885057471264,22.173563218390804,22.389367816091955,22.73706896551724,22.75229885057471,23.25603448275861,22.46551724137931,22.28735632183908,20.01551724137932,6.457183908045978,0,21,4,0,0
충청남도,2004,222458,3541,15.480114942528736,10.515862068965518,21.564367816091952,5.611412429378531,8.915440613026819,775.6433333333332,6.820574712643677,4.094597701149426,1.526781609195402,1319.1540229885056,10.237586206896552,45.33333333333334,72.65379310344827,14.942068965517242,1011.3616091954026,11.77850574712644,6.1688505747126445,2.085344827586207,13.11683908045977,0.0028735632183908,0.0028735632183908,17.35218390804598,8.848275862068967,17.34080459770115,17.55287356321839,17.797701149425286,17.792528735632185,18.224137931034484,18.381034482758626,,,,11.048505747126436,24,21,4,3,11
충청북도,2004,42117,809,14.503908045977012,9.623218390804595,20.59908045977012,4.776322751322752,9.116950757575758,802.2916666666666,8.100229885057471,4.8533333333333335,1.852068965517241,1600.067816091954,8.460459770114943,44.9896551724138,68.62229885057472,13.505402298850576,997.4122988505746,11.775402298850576,6.131954022988506,2.0106321839080463,12.004597701149429,0.0003448275862068,0.0005747126436781,16.31448275862069,8.075402298850575,,,,,,,,,,10.975862068965515,25,21,4,4,3
강원도,2005,42501,822,13.12241379310345,8.808505747126437,18.501666666666665,4.271234514130856,8.986684225312544,1015.4953174603174,8.183218390804598,4.865632183908047,2.044367816091954,1765.853448275862,6.982701149425286,44.99195402298851,69.40425287356322,13.649827586206898,994.3194252873564,11.77011494252874,5.455919540229886,2.038333333333333,12.323204022988504,0.0518965517241379,0.085287356321839,14.646954022988504,6.963563218390805,15.86072796934866,15.989655172413793,16.45095785440613,16.89406130268199,17.479501915708813,18.52528735632184,19.393390804597704,18.635632183908047,16.547126436781607,9.693160919540231,1,19,1,16,1
경기도,2005,155055,2526,13.8257183908046,9.351867816091955,19.432040229885057,5.495328282828283,10.407142857142858,947.05,6.535057471264367,3.790804597701149,1.301867816091954,1124.8031609195402,8.20560344827586,45.5948275862069,71.20028735632184,14.557471264367816,1008.9054597701148,11.772413793103448,5.749568965517241,1.9837931034482763,12.256666666666666,0.0745689655172413,0.1418103448275862,15.422270114942531,7.714367816091953,16.0632183908046,16.72528735632184,16.634482758620692,17.00919540229885,17.308045977011492,18.28563218390805,18.654597701149427,18.15977011494253,16.01206896551724,10.080172413793104,8,19,1,11,5
경상남도,2005,66285,947,15.763002873563217,11.201724137931034,21.54209770114943,4.18489898989899,7.304079173838211,606.2385714285715,7.442313218390804,4.245761494252872,1.5465517241379312,1336.1673850574712,9.47823275862069,44.0653735632184,68.62392241379311,15.277083333333334,1008.3553879310344,11.79978448275862,5.752155172413793,2.097848837209302,12.745862068965517,0.0125718390804597,0.0224137931034482,17.511709770114944,9.114655172413793,17.578735632183907,17.844252873563217,18.544252873563217,18.522413793103446,18.95804597701149,19.804022988505743,,,,10.34037356321839,16,19,1,0,6
경상북도,2005,64271,1075,14.26609195402299,9.874712643678162,19.62218390804598,3.094645086499019,6.044419823890627,828.0855158730159,8.684310344827585,4.923505747126437,2.1137931034482755,1825.8206896551724,8.442471264367814,48.28908045977011,70.2827011494253,14.516781609195403,1000.9598850574714,11.782816091954023,5.743678160919539,1.873850574712644,11.732040229885058,0.0906321839080459,0.4693103448275862,16.16936781609195,8.020862068965517,17.219923371647507,17.418007662835247,17.876245210727966,18.05574712643678,18.745593869731803,19.26551724137931,18.98936781609196,17.63419540229885,16.285057471264366,9.747471264367816,4,19,1,0,1
전라남도,2005,168043,2317,16.435878489326768,12.757389162561577,20.97241379310345,3.423704481792717,5.195930735930736,514.3971428571429,10.683743842364535,6.980870279146141,3.3004105090311984,2851.28078817734,11.61871921182266,53.71182266009853,74.35862068965518,16.778489326765186,1010.924302134647,11.80632183908046,5.631609195402299,2.106379310344828,12.9882183908046,0.2430213464696223,0.6489326765188834,18.107471264367817,11.465435139573072,18.167528735632185,18.40114942528736,18.716666666666665,19.164655172413795,19.78793103448276,20.371839080459768,20.76091954022988,20.243390804597706,18.64425287356321,8.215024630541874,0,19,1,0,0
전라북도,2005,290639,3913,14.602873563218392,9.897947454844006,20.256814449917897,4.805901587301588,7.419423328964614,808.7171428571429,7.082676518883415,4.088752052545155,1.4333333333333331,1238.38013136289,9.825615763546798,48.94417077175697,74.91420361247947,15.356814449917897,1002.006486042693,11.795484400656814,5.41272577996716,1.9367241379310345,11.733333333333333,0.5269293924466338,1.8262725779967164,16.92126436781609,8.0559934318555,17.833333333333336,18.01609195402299,18.595402298850573,19.122413793103448,19.306896551724137,20.46609195402299,,,,10.35886699507389,17,19,1,1,4
제주도,2005,77460,858,19.00100574712644,16.240229885057474,22.29123563218391,4.10962441314554,6.602557755775578,666.8583333333333,11.59727011494253,7.498850574712645,4.277011494252874,3694.817528735632,13.305603448275862,53.92816091954023,69.99583333333334,17.97701149425287,1011.3933908045976,11.822413793103449,5.368390804597701,2.1092241379310344,12.592183908045977,0.0649425287356321,0.1058908045977011,20.56091954022988,14.545258620689657,21.24712643678161,21.461494252873564,21.77413793103449,22.11235632183908,22.537068965517243,23.00804597701149,22.364942528735632,21.98965517241379,20.71609195402299,6.051005747126437,0,19,1,0,0
충청남도,2005,143244,2310,14.326206896551726,9.638965517241378,20.04850574712644,5.052142857142857,8.331160130718954,849.7783333333334,6.910459770114943,4.14448275862069,1.5360919540229885,1327.167816091954,9.425747126436782,48.47126436781609,74.20218390804597,15.07896551724138,1010.9704597701148,11.784942528735632,5.530919540229885,2.0019540229885058,12.32316091954023,0.275632183908046,0.759425287356322,16.04816091954023,7.841149425287357,16.22586206896552,16.487931034482756,16.896551724137932,17.383333333333333,17.829310344827583,18.13448275862069,,,,10.409540229885057,21,19,1,4,4
충청북도,2005,33885,636,13.508735632183908,8.807241379310344,19.237931034482763,5.763603603603603,8.956620795107032,976.2716666666664,8.099885057471264,4.802758620689655,1.8944827586206896,1636.837931034483,7.716781609195403,47.195402298850574,70.07011494252873,14.069655172413793,996.8002298850575,11.781264367816092,6.05574712643678,1.9961494252873568,11.619137931034484,0.0708045977011494,0.1591954022988506,15.135402298850575,7.147126436781608,,,,,,,,,,10.430689655172412,10,19,1,5,0
강원도,2006,51458,851,14.018908045977012,9.67890804597701,19.37201149425288,5.130896020243847,11.906456310679612,1226.365,7.632816091954024,4.606896551724139,1.8598275862068967,1606.883908045977,8.60948275862069,47.67758620689655,72.20206896551724,13.759655172413796,994.8372988505748,11.77718390804598,4.939655172413793,1.9298419540229883,11.603750000000002,0.0920689655172413,0.3366091954022988,15.590114942528738,8.083045977011492,16.541762452107278,16.65134099616858,17.105747126436782,17.37030651340996,17.845785440613025,18.520306513409963,19.31264367816092,18.554310344827584,16.64080459770115,9.693103448275862,5,21,3,9,3
경기도,2006,162592,2897,14.997557471264368,10.426293103448277,20.684770114942527,5.279333333333334,12.306623931623932,959.9166666666669,6.1183908045977,3.507614942528736,1.2732758620689657,1099.771551724138,9.276005747126437,44.570402298850574,70.82284482758621,14.359913793103448,1008.7646551724138,11.778879310344829,5.498132183908046,1.941494252873564,12.085172413793105,0.0669540229885057,0.1294540229885057,16.71005747126437,8.315229885057471,17.763793103448275,18.06551724137931,17.96149425287356,18.31896551724138,18.815517241379307,18.91206896551724,18.864942528735632,18.16896551724138,15.829885057471264,10.258477011494252,10,21,3,6,9
경상남도,2006,77944,1152,16.53994252873563,12.060775862068963,22.39382183908046,4.388537126715093,7.179327731092435,610.242857142857,6.980028735632184,3.986278735632185,1.4265804597701148,1232.5617816091954,10.85977011494253,45.3419540229885,71.17923850574712,15.610560344827586,1008.0938936781608,11.80610632183908,5.811997126436781,2.178218390804598,13.856954022988504,0.0041666666666666,0.0066810344827586,18.14367816091954,9.83189655172414,18.44770114942529,18.579310344827583,18.95804597701149,19.154597701149427,19.71149425287356,20.26609195402299,,,,10.333045977011492,7,21,3,1,16
경상북도,2006,85359,1332,15.096954022988506,10.708275862068966,20.603103448275863,3.705819088319088,8.04755376344086,997.8966666666666,8.233850574712642,4.715977011494254,1.989080459770115,1718.570689655172,10.073908045977012,49.18735632183908,73.73333333333332,14.834597701149423,1001.0862068965516,11.789540229885056,5.507356321839081,1.807586206896552,11.156321839080462,0.0513218390804597,0.158103448275862,17.176494252873564,8.792068965517242,17.961494252873564,17.98390804597701,18.397892720306512,18.534865900383146,19.02183908045977,19.31819923371648,19.005459770114943,17.537643678160922,16.05258620689655,9.894827586206896,5,21,3,1,10
전라남도,2006,218548,2702,17.20574712643678,13.41305418719212,21.89039408866996,3.774164648910413,6.474497057249866,576.2302380952381,9.598522167487683,6.246059113300492,2.86247947454844,2472.625615763547,12.457060755336618,52.53366174055829,74.70254515599343,16.894499178981935,1010.5383415435138,11.813464696223315,5.802627257799672,2.1085919540229887,13.334367816091952,0.0104269293924466,0.0119868637110016,18.88431855500821,12.0512315270936,19.113505747126435,19.36637931034483,19.56867816091954,19.998563218390803,20.40114942528735,20.74712643678161,20.921264367816093,20.05632183908046,18.68764367816092,8.477339901477833,1,21,3,0,3
전라북도,2006,344994,4121,15.747701149425287,10.960344827586209,21.88768472906404,5.523698412698412,8.352727513227514,751.7454761904762,6.967733990147783,3.999589490968801,1.3729885057471265,1186.2717569786537,10.88152709359606,46.585385878489326,74.6427750410509,15.500985221674878,1001.704214559387,11.800985221674877,5.7159277504105095,1.9132758620689656,11.869827586206895,0.1596059113300492,0.3461412151067323,17.660837438423645,9.203366174055828,18.47528735632184,18.592528735632182,19.070689655172416,19.445977011494254,19.570114942528736,20.460919540229884,,,,10.927339901477833,20,21,3,0,16
제주도,2006,81414,834,19.610919540229887,16.863936781609198,22.834482758620688,3.883064516129032,6.46232638888889,620.3833333333334,10.090948275862068,6.57183908045977,3.691091954022988,3189.1436781609195,13.888793103448275,54.26867816091954,69.77356321839079,17.845689655172418,1010.8237068965518,11.827155172413796,5.407902298850575,2.0273275862068965,12.43014367816092,0.0005747126436781,0.0005747126436781,21.286494252873567,15.557471264367816,21.810632183908048,21.80977011494253,21.991379310344826,22.35287356321839,22.73275862068965,23.09511494252873,22.27528735632184,21.753448275862063,20.635057471264368,5.970545977011494,0,21,3,0,0
충청남도,2006,151410,2421,15.275172413793104,10.608505747126436,21.0216091954023,3.898421052631579,6.852619047619048,623.5883333333334,6.946781609195404,4.1771264367816086,1.5859770114942524,1370.3103448275865,10.17425287356322,46.34827586206897,73.4335632183908,14.82413793103448,1010.6820689655171,11.792643678160925,5.964367816091953,1.994022988505748,12.233620689655172,0.0856321839080459,0.1498850574712643,17.080459770114942,8.923448275862068,18.1632183908046,18.221264367816094,18.34942528735632,18.572988505747126,18.7580459770115,18.996531791907515,,,,10.413103448275862,11,21,3,1,6
충청북도,2006,37498,699,14.459540229885055,9.831264367816091,20.31367816091954,4.742089947089947,10.026037414965987,982.5516666666668,7.548390804597702,4.470574712643678,1.766551724137931,1526.294252873563,9.514137931034483,48.367816091954026,73.97057471264367,14.261839080459772,996.8477011494252,11.786781609195405,5.602873563218392,1.9206896551724133,11.428333333333336,0.0480459770114942,0.0980459770114942,16.10942528735632,8.090804597701151,,,,,,,,,,10.48241379310345,11,21,3,3,5
강원도,2007,30704,577,13.89235632183908,9.999080459770116,18.82609195402299,3.99051421957672,7.589922138047138,1001.8697222222222,7.709540229885056,4.634655172413794,1.8555172413793104,1603.1540229885056,8.757183908045976,50.07758620689656,73.313908045977,14.1833908045977,994.7435057471264,11.782816091954023,4.272586206896551,1.8579310344827584,10.987974137931037,0.0861494252873563,0.1259770114942529,15.090574712643678,8.557241379310344,15.758620689655173,15.98103448275862,16.603639846743295,16.951149425287355,17.722796934865904,18.464559386973185,19.45977011494253,18.27816091954023,16.714655172413792,8.827011494252874,2,22,3,1,0
경기도,2007,118625,2163,14.347701149425289,10.286063218390805,19.654022988505748,4.834375,8.279663608562691,902.4833333333332,6.386206896551724,3.5091954022988507,1.244683908045977,1075.4022988505749,9.708477011494251,50.03879310344828,75.17298850574713,14.911494252873563,1008.1149425287356,11.786063218390805,4.272557471264368,1.8215517241379315,10.800747126436782,0.0971264367816091,0.1477011494252873,15.498132183908046,8.704310344827586,15.788505747126436,16.028735632183906,16.06551724137931,16.633333333333333,18.52471264367816,18.705747126436783,19.39367816091954,18.02126436781609,16.00862068965517,9.367959770114942,10,22,3,1,0
경상남도,2007,51162,760,16.63405172413793,12.399209770114943,22.12183908045977,4.669944150499706,9.50794584500467,969.8104761904764,7.302370689655174,4.0720545977011495,1.4482758620689655,1251.2313218390805,11.284554597701147,47.93175287356322,72.36041666666667,16.236853448275863,1007.563793103448,11.81264367816092,5.119612068965517,2.064367816091954,13.154080459770118,0.0007902298850574,0.0007902298850574,18.200574712643675,10.074784482758622,18.562643678160924,18.56206896551724,18.951149425287355,19.347126436781608,20.02241379310345,20.67528735632184,,,,9.722629310344828,11,22,3,1,12
경상북도,2007,56908,1064,15.162931034482758,11.08362068965517,20.282471264367818,3.3372234369938454,6.285915454144621,905.1718253968254,8.628160919540232,4.73051724137931,1.942758620689655,1678.53908045977,10.327873563218391,52.02758620689655,74.41362068965516,15.363793103448277,1000.398735632184,11.796206896551723,4.619080459770115,1.7517241379310342,10.71278735632184,0.0318390804597701,0.0363793103448275,16.562816091954026,9.313735632183908,17.55823754789272,17.677777777777777,18.03256704980843,18.520881226053643,18.84789272030651,19.239846743295026,18.910919540229884,17.602011494252874,16.364080459770115,9.198850574712644,4,22,3,1,2
전라남도,2007,144772,2036,16.845730706075532,13.377257799671591,21.07709359605911,5.701261549395878,10.361378968253968,994.6923809523807,10.750492610837435,6.920935960591132,3.2493431855500825,2807.436781609196,12.285221674876848,55.045155993431855,75.31206896551724,16.975779967159276,1010.0064039408868,11.819786535303775,5.138587848932676,2.0312068965517245,12.744252873563218,0.0242200328407224,0.0259441707717569,18.191707717569788,12.112233169129722,18.06982758620689,18.56465517241379,18.94540229885057,19.2382183908046,20.1278735632184,20.611494252873563,21.144540229885056,20.40890804597701,19.118390804597706,7.69983579638752,0,22,3,0,0
전라북도,2007,242537,2951,15.375697865353038,11.152463054187193,20.80090311986864,6.115316326530612,11.133326261197547,1124.4659523809523,7.254433497536946,4.095566502463054,1.4054187192118226,1214.268472906404,11.197044334975368,51.9392446633826,77.29745484400657,15.985714285714284,1001.2258620689656,11.808538587848936,4.442692939244664,1.824310344827586,11.034885057471264,0.1422824302134647,0.2486042692939244,16.84064039408867,9.55944170771757,17.725862068965515,18.016091954022983,18.531034482758624,19.026436781609195,19.378160919540232,20.129310344827587,,,,9.648440065681443,14,22,3,1,2
제주도,2007,18224,192,19.475,16.862931034482763,22.52485632183908,8.439682539682538,14.775457875457878,1344.5666666666668,10.91566091954023,7.103448275862069,4.035632183908047,3486.794540229885,13.560632183908046,53.45258620689656,69.02873563218392,17.91724137931034,1010.3469827586208,11.83189655172414,5.296216475095786,2.30183908045977,13.697701149425283,0.0035919540229885,0.0035919540229885,20.939367816091952,15.55043103448276,21.49683908045977,21.72787356321839,21.829597701149428,22.331321839080463,22.96034482758621,23.41264367816092,22.69022988505748,22.198275862068964,21.27701149425287,5.661925287356322,0,22,3,0,0
충청남도,2007,133113,2109,15.201494252873562,11.051264367816092,20.505632183908048,4.648786008230452,8.354529914529914,977.48,7.292413793103448,4.380114942528736,1.6903448275862063,1460.4459770114945,10.92264367816092,51.62643678160919,76.70517241379311,15.714482758620688,1010.1719540229884,11.799080459770115,4.320459770114942,1.8456896551724136,11.16816091954023,0.0798850574712643,0.1128735632183908,16.49735632183908,9.481494252873564,16.908045977011493,17.05,17.27471264367816,17.423563218390804,18.128735632183908,18.882183908045977,,,,9.454367816091954,5,22,3,1,0
충청북도,2007,27497,492,14.160919540229886,9.924597701149423,19.628850574712644,4.378260073260073,8.47898611111111,1017.4783333333332,7.890459770114943,4.543103448275862,1.7564367816091957,1517.5655172413794,9.77344827586207,52.247126436781606,76.41425287356321,14.827816091954023,996.1009195402298,11.794022988505748,4.444137931034483,1.8332183908045976,10.490632183908046,0.063103448275862,0.0810344827586206,15.765517241379309,8.6416091954023,,,,,,,,,,9.70425287356322,9,22,3,1,0
강원도,2008,47211,636,14.155229885057471,9.75632183908046,19.52787356321839,4.611342490842491,9.103112473945808,901.208134920635,7.427413793103447,4.457183908045978,1.8402298850574712,1590.3816091954025,8.334080459770115,45.51609195402298,71.3898275862069,13.702758620689655,994.322356321839,11.762356321839082,5.280862068965518,2.044497126436782,12.416810344827589,0.0998275862068965,0.3364367816091954,15.701781609195404,8.118275862068964,15.893295019157089,16.132758620689653,16.565804597701153,17.10134099616858,17.554406130268198,18.43132183908046,20.078448275862065,19.57068965517242,17.286494252873567,9.77155172413793,5,16,1,4,0
경기도,2008,182253,2639,14.654310344827582,10.045977011494251,20.467672413793107,5.81882183908046,11.492647058823527,976.875,6.6,3.58103448275862,1.3126436781609196,1135.3189655172414,9.357758620689657,46.11925287356322,73.21609195402299,14.63175287356322,1007.7459770114942,11.765086206896552,5.272126436781608,1.982816091954023,12.063505747126438,0.0169540229885057,0.0222701149425287,16.238505747126435,8.061781609195402,16.528735632183906,16.764942528735634,17.113218390804597,17.407471264367818,18.607471264367813,18.90977011494253,19.604022988505744,17.914367816091957,15.79137931034483,10.42169540229885,14,16,1,3,5
경상남도,2008,61197,832,16.68656609195402,11.829885057471262,22.891810344827583,2.926803571428572,3.8314858348402656,302.687380952381,7.071192528735632,4.009913793103449,1.4614942528735633,1261.9367816091954,10.29112274220033,42.82614942528736,69.11594827586207,15.365619868637111,1007.5260570607554,11.792313218390806,5.693103448275862,2.0349425287356326,12.532758620689654,0.0007902298850574,0.0007902298850574,19.06253078817734,9.153304597701151,19.327011494252872,19.327011494252872,19.98965517241379,20.251724137931035,20.4,20.83103448275861,,,,11.061925287356324,25,16,1,1,7
경상북도,2008,67595,1022,15.062816091954025,10.49051724137931,20.7096551724138,3.241919191919192,5.745782511835143,655.0192063492063,8.206551724137931,4.6193103448275865,1.9782183908045976,1709.6143678160918,9.391053639846744,47.267816091954025,71.85076628352489,14.51014687100894,1000.2998467432948,11.776206896551727,5.555919540229885,2.208304597701149,13.65132183908046,0.0201724137931034,0.0327586206896551,17.426768837803323,8.146666666666665,18.06704980842912,18.16704980842912,18.544827586206896,18.8896551724138,19.383716475095785,19.73735632183908,19.632758620689653,17.94626436781609,16.13965517241379,10.219137931034483,9,16,1,1,0
전라남도,2008,193735,2547,17.23185550082102,13.40279146141215,21.869293924466337,2.846390778533636,3.6012380952380947,324.1114285714285,9.499096880131365,6.275615763546799,2.8243842364532017,2440.38013136289,11.99376026272578,51.09852216748768,73.39737274220033,16.524055829228242,1010.1371921182264,11.798932676518882,5.4947454844006565,2.1788793103448274,13.529597701149424,0.0288998357963875,0.0538587848932676,19.12586206896552,11.427257799671592,18.71293103448276,18.971264367816094,19.5264367816092,19.73764367816092,20.53764367816092,20.88390804597701,21.132183908045977,20.17327586206897,18.843965517241383,8.466502463054189,0,16,1,0,0
전라북도,2008,269145,3185,15.785796387520524,10.892364532019704,21.8311986863711,3.865137648809524,4.625072681704261,439.3819047619048,7.201806239737274,4.222988505747126,1.4830049261083746,1280.1182266009853,10.467651888341544,45.61576354679803,73.39589490968801,15.214121510673234,1001.15960591133,11.788013136289,5.244827586206896,2.0717241379310347,12.38528735632184,0.0935139573070607,0.1616584564860427,18.02380952380952,9.132512315270937,18.597701149425287,18.695977011494254,19.19425287356322,19.366091954022988,20.08275862068966,20.816091954022987,,,,10.938834154351394,23,16,1,1,1
제주도,2008,201146,2024,19.463936781609195,16.67270114942529,22.65,4.601865671641791,6.766666666666667,649.6,10.270258620689656,6.7732758620689655,3.624712643678161,3130.574712643678,13.348706896551723,52.872126436781606,68.8875,17.485919540229883,1010.5965517241378,11.815229885057471,4.9768678160919535,2.165,13.463706896551724,0.0047413793103448,0.0051724137931034,20.66522988505747,15.52471264367816,21.87327586206897,21.903448275862072,22.157183908045976,22.49080459770116,23.1117816091954,23.343103448275865,22.26034482758621,21.78505747126437,20.966666666666665,5.977298850574712,0,16,1,0,0
충청남도,2008,162144,2139,15.38448275862069,10.644942528735632,21.14908045977011,4.190911458333333,5.881770833333333,564.65,7.077356321839081,4.212643678160919,1.5637931034482755,1351.3103448275865,10.438160919540229,47.61264367816092,74.76022988505747,15.174597701149423,1009.9870114942528,11.777241379310349,5.146666666666668,1.9679885057471267,12.140114942528736,0.1034482758620689,0.1902298850574712,17.18873563218391,8.803793103448276,17.23793103448276,17.183908045977013,17.781034482758617,17.65977011494253,18.614942528735632,19.2551724137931,,,,10.504137931034483,13,16,1,1,1
충청북도,2008,47571,733,14.325517241379307,9.52574712643678,20.254022988505746,4.218666666666668,6.314288194444444,606.1716666666666,7.594942528735632,4.484022988505747,1.7497701149425289,1511.8781609195405,9.163045977011494,47.24597701149425,73.92778735632184,14.289367816091955,995.839051724138,11.774367816091951,5.444252873563218,2.122471264367816,13.005172413793105,0.0116091954022988,0.0116091954022988,16.359080459770112,7.507586206896551,,,,,,,,,,10.728275862068964,24,16,1,1,0
강원도,2009,36627,556,13.428275862068968,9.02045977011494,18.692643678160923,3.745767195767196,8.230756193443108,880.6909126984126,7.570747126436781,4.516379310344827,1.8778735632183912,1621.2586206896551,7.397356321839081,46.12758620689656,70.38913793103448,12.833390804597702,994.3544252873562,11.769367816091956,5.108390804597702,2.022658045977012,12.306580459770116,0.0391954022988505,0.0862643678160919,15.50477011494253,6.762586206896552,16.01455938697318,16.26091954022988,16.668773946360155,17.10977011494253,17.44080459770115,18.21264367816092,19.2235632183908,18.545689655172414,16.578735632183907,9.672183908045978,4,18,0,5,0
경기도,2009,188691,2617,14.052873563218393,9.49956896551724,19.61494252873564,5.979647435897435,11.556051587301589,970.7083333333331,6.822701149425288,3.74051724137931,1.4547413793103448,1259.0114942528735,8.535488505747127,46.80747126436781,72.10842911877394,13.855316091954023,1007.7816091954024,11.77183908045977,5.3520114942528725,2.012298850574713,12.4017816091954,0.0165229885057471,0.0443965517241379,15.939367816091954,7.836494252873561,15.934482758620687,16.329310344827586,16.58505747126437,16.95689655172414,18.241954022988505,18.67528735632184,19.443678160919543,17.74137931034483,16.099999999999998,10.115373563218393,7,18,0,2,2
경상남도,2009,47442,616,15.903663793103446,11.459123563218393,21.566091954022987,4.417836617405583,7.823238966318234,641.5055952380952,7.35617816091954,4.160919540229885,1.5959770114942524,1379.3469827586207,9.507183908045976,44.82183908045977,68.96235632183907,14.558189655172416,1007.3820402298852,11.798994252873564,5.288362068965517,2.1185632183908045,12.902701149425283,0.0006465517241379,0.0006465517241379,17.45617816091954,8.961422413793104,17.652298850574713,17.871839080459768,18.47471264367816,18.773563218390805,19.913218390804595,20.870114942528737,,,,10.106968390804596,12,18,0,0,0
경상북도,2009,59382,900,14.4816091954023,10.088563218390805,19.84275862068965,2.8771566358024696,5.828362663906143,670.2617063492064,8.098045977011495,4.553563218390805,2.033505747126436,1756.342528735632,8.416264367816092,46.85862068965516,70.02977011494251,13.56477011494253,1000.2813218390804,11.781781609195404,5.096206896551724,2.117988505747127,12.844597701149423,0.0134482758620689,0.0331609195402298,16.63211366538953,7.430459770114943,16.96015325670498,17.12030651340996,17.522222222222222,17.614750957854405,18.072796934865902,18.67260536398468,18.58132183908046,17.672988505747128,15.545114942528738,9.754195402298851,8,18,0,0,0
전라남도,2009,135954,1510,16.544622331691297,12.971018062397372,20.85032840722496,4.972832080200501,7.4451831501831505,677.5116666666667,9.926026272577996,6.554022988505747,3.043103448275861,2628.254515599343,11.14971264367816,52.34646962233169,72.5087575259989,15.627859879584015,1009.9940202517788,11.804926108374383,5.170853858784892,2.067614942528736,12.86456896551724,0.0327586206896551,0.0601806239737274,17.82287903667214,11.08152709359606,17.733045977011496,17.658620689655173,18.55172413793104,18.7514367816092,19.97672413793104,20.1617816091954,20.758333333333336,20.028448275862072,18.958620689655174,7.879310344827586,0,18,0,0,0
전라북도,2009,270853,2906,14.973481116584564,10.315681444991789,20.639244663382595,5.161212121212121,7.308015063168125,716.1854761904763,7.39047619047619,4.3407224958949095,1.5931034482758624,1376.9121510673235,9.659441707717573,46.93596059113301,73.09187192118226,14.420361247947453,1001.0826765188834,11.79449917898194,5.203366174055829,2.014655172413793,12.077873563218391,0.1094417077175698,0.2044334975369458,17.273891625615764,8.5183908045977,17.8367816091954,17.895977011494256,18.46206896551724,18.58793103448276,19.45977011494253,20.25977011494253,,,,10.323563218390804,16,18,0,0,0
제주도,2009,195026,1824,18.65948275862069,16.064798850574714,21.719252873563217,5.138157894736841,7.771548821548821,769.3833333333333,10.972270114942528,7.083477011494254,4.018821839080459,3473.882183908046,12.24037356321839,52.55172413793103,67.68376436781611,16.19022988505747,1010.3461206896552,11.821695402298852,4.663074712643678,2.112413793103448,12.950114942528732,0.019683908045977,0.0274425287356321,19.82399425287356,15.066810344827584,20.26896551724138,20.34885057471264,20.86264367816092,21.251149425287355,22.118678160919536,22.63103448275862,22.159770114942525,21.94080459770115,21.654022988505748,5.654454022988506,0,18,0,0,0
충청남도,2009,158654,2003,14.818793103448275,10.19758620689655,20.18804597701149,5.473141025641025,7.132967032967033,649.1,7.310344827586207,4.397471264367817,1.7589655172413796,1519.2379310344825,9.666321839080462,47.64022988505747,73.668908045977,14.335862068965518,1009.965747126437,11.784137931034484,5.269655172413794,2.01,12.58367816091954,0.0897701149425287,0.1727586206896551,17.006609195402298,8.454482758620689,16.920114942528738,16.964942528735634,17.544827586206896,17.377011494252873,18.3396551724138,19.02701149425287,,,,9.990459770114944,9,18,0,0,0
충청북도,2009,32065,493,13.607241379310343,8.960459770114943,19.12333333333333,4.39425,7.030967741935482,653.8799999999999,7.931954022988505,4.653908045977011,1.911609195402299,1653.2022988505744,8.11287356321839,47.293103448275865,72.21942528735633,13.296436781609197,995.798620689655,11.779770114942528,5.247586206896552,2.09,12.701666666666668,0.0039080459770114,0.0060919540229885,15.609885057471264,6.8616091954022975,,,,,10.5,14.5,,,,10.16287356321839,14,18,0,1,0
강원도,2010,26276,587,14.043218390804595,9.834827586206895,19.19919540229885,5.044808508674787,8.262674799947527,999.7836507936508,7.507931034482758,4.453908045977012,1.859597701149425,1606.8528735632185,7.966839080459771,46.50229885057471,70.0941379310345,14.214597701149426,994.082356321839,11.776091954022988,4.771954022988505,1.9764511494252872,11.678419540229886,0.0778735632183908,0.1587931034482758,15.474540229885056,7.918333333333333,16.291379310344826,16.407088122605362,16.87490421455939,17.36417624521073,17.702969348659003,18.435632183908048,19.206609195402297,18.39683908045977,16.314367816091952,9.364367816091956,2,13,3,10,0
경기도,2010,109435,2195,14.220977011494252,9.91336206896552,19.610344827586207,7.483571428571427,12.60017730496454,1184.4166666666667,6.970450191570882,3.827490421455938,1.4131704980842912,1221.66091954023,9.175,50.22030651340995,74.24372605363985,15.35483716475096,1007.7099616858236,11.77816091954023,4.736063218390805,1.9279885057471264,11.468390804597702,0.1048850574712643,0.2397988505747126,15.880124521072796,7.920306513409963,15.5683908045977,16.182758620689658,16.655747126436783,17.112068965517242,18.756896551724136,19.11436781609196,19.85977011494253,18.08103448275861,16.37471264367816,9.69698275862069,9,13,3,12,1
경상남도,2010,29882,520,16.29159482758621,11.745474137931032,22.11903735632184,6.332415458937199,12.647811147186149,1113.007380952381,7.320730706075534,4.158784893267652,1.5795669129720853,1363.2729885057472,10.384482758620688,45.54454022988506,71.15926724137933,16.186709770114945,1007.5433189655172,11.805531609195398,5.643247126436782,2.249080459770115,13.803965517241382,0.0155890804597701,0.0232758620689655,18.061278735632182,9.251149425287355,17.85919540229885,18.372988505747127,19.097701149425287,19.40919540229885,20.45804597701149,21.42528735632185,,,,10.373563218390805,20,13,3,0,5
경상북도,2010,39510,834,15.127298850574713,10.703850574712645,20.661896551724137,4.738739962651728,7.351515616999488,911.5879365079364,8.562413793103449,4.851551724137931,2.076379310344828,1794.0896551724136,9.041666666666668,46.172413793103445,70.0017816091954,15.015114942528736,1000.1785057471265,11.7883908045977,5.342873563218391,2.1854310344827583,13.249080459770116,0.0516666666666666,0.0997126436781609,17.044367816091956,8.588850574712644,17.950574712643675,18.08295019157088,18.454597701149428,18.63180076628353,18.750957854406128,19.619731800766285,19.47672413793104,17.9264367816092,15.731609195402298,9.958045977011494,5,13,3,2,2
전라남도,2010,128785,1824,16.8615763546798,13.095566502463054,21.355829228243024,6.159434092477571,9.700913107511049,940.9885714285716,10.31806239737274,6.711247947454844,3.152709359605911,2722.361247947455,11.990065681444992,53.7151067323481,75.06108374384236,17.227996715927752,1010.1557471264366,11.812725779967158,5.321907498631637,2.184396551724138,13.36301724137931,0.0685550082101806,0.1183087027914614,18.83087027914614,11.254187192118229,18.2551724137931,18.48448275862069,19.293678160919537,19.21206896551724,20.48419540229885,20.88448275862069,21.02586206896552,20.204310344827583,18.496839080459768,8.260262725779967,2,13,3,0,0
전라북도,2010,195709,2543,15.348111658456489,10.761001642036126,21.02413793103448,6.536205936920223,10.5201572327044,1115.1366666666663,7.8711822660098525,4.637848932676519,1.694991789819376,1465.2430213464695,10.237931034482758,47.4392446633826,73.95566502463053,15.71584564860427,1001.23144499179,11.8004105090312,5.099343185550082,2.0455172413793106,12.169425287356324,0.132183908045977,0.2331691297208538,17.261986863711,9.195155993431856,18.095402298850573,18.16149425287356,18.7132183908046,18.84367816091954,19.64712643678161,20.48218390804598,,,,10.263136288998355,14,13,3,1,5
제주도,2010,182058,1736,19.22011494252873,16.39683908045977,22.3903735632184,4.468722943722943,9.19312297734628,946.8916666666668,11.217432950191569,7.338793103448276,4.049664750957855,3497.039272030651,13.55316091954023,55.616379310344826,70.9169540229885,18.158045977011493,1010.6097222222222,11.826005747126436,5.125383141762453,2.209051724137931,13.711954022988506,0.0775862068965517,0.0867816091954023,20.47514367816092,15.010967432950192,20.8698275862069,20.98132183908046,21.65833333333333,21.90172413793104,22.64568965517241,23.15,22.716666666666665,22.16264367816092,20.71494252873564,5.993534482758621,0,13,3,0,0
충청남도,2010,108772,1956,15.245402298850571,10.728735632183907,20.622413793103448,6.965548245614035,10.48375,1132.245,7.739195402298852,4.674137931034483,1.8536781609195403,1602.419540229885,10.028850574712644,48.293103448275865,73.32264367816092,15.595747126436784,1009.9716091954024,11.791839080459772,5.160344827586207,2.0420689655172417,12.376896551724135,0.1051724137931034,0.2355172413793103,17.18758620689655,9.084942528735631,16.92873563218391,17.35402298850575,17.32183908045977,18.061494252873565,18.56379310344828,19.266666666666666,,,,9.89367816091954,12,13,3,1,1
충청북도,2010,34952,664,14.163448275862066,9.527701149425289,19.876551724137933,5.014324894514768,7.527833333333334,828.0616666666667,7.952758620689655,4.604827586206897,1.7824137931034485,1540.0045977011498,8.97655172413793,48.57701149425288,73.69908045977012,14.87896551724138,995.7368965517244,11.786436781609195,5.237931034482758,2.12316091954023,12.73206896551724,0.0445977011494252,0.0922988505747126,16.047356321839082,8.044367816091954,,,,,,,,,,10.348850574712642,17,13,3,7,0
강원도,2011,58617,915,13.7833908045977,9.676781609195404,18.79350574712644,4.891371493803001,9.674007558578989,1015.7707936507936,6.97264367816092,4.217586206896552,1.7558045977011494,1515.481609195402,8.057586206896554,48.12701149425288,71.77959770114941,13.716781609195404,995.8202298850576,11.782068965517244,4.646149425287357,1.8979741379310344,11.33425287356322,0.0963218390804597,0.7503448275862069,15.223908045977012,8.131896551724138,15.925766283524904,15.874137931034484,16.37950191570881,16.79501915708812,17.301532567049808,18.13448275862069,19.056896551724137,18.591666666666665,16.555172413793105,9.116724137931032,7,16,2,20,0
경기도,2011,226223,3456,14.632255747126436,10.281034482758622,19.99066091954023,7.75611111111111,13.306944444444444,1197.625,6.555172413793103,3.6003831417624523,1.3411877394636016,1158.0421455938697,9.066810344827584,47.75,72.1139367816092,14.55684865900383,1009.1041187739464,11.785201149425289,4.953065134099616,1.855406976744186,11.345964912280705,0.0139367816091954,0.0375,16.025335249042147,8.547413793103448,15.019540229885058,14.688505747126438,15.740804597701148,15.183908045977011,18.897701149425288,19.217816091954028,19.852873563218395,18.18505747126437,16.91724137931034,9.709626436781608,15,16,2,17,0
경상남도,2011,66212,772,16.411386494252874,12.298204022988504,21.57140804597701,4.63442673992674,8.647540554683411,786.9261904761904,6.988002873563218,3.985919540229885,1.5841235632183908,1368.4583333333333,10.370915435139572,47.52442528735632,70.38521141215107,15.519386288998358,1008.496459359606,11.81206896551724,5.112859195402298,2.1148275862068964,12.976954022988505,0.0011494252873563,0.0011494252873563,18.348696633825945,10.344612068965516,17.905172413793107,18.36609195402299,18.993678160919536,19.41954022988505,20.60172413793104,21.46666666666667,,,,9.273204022988503,13,16,2,0,1
경상북도,2011,60077,823,15.101494252873565,10.959913793103448,20.10856321839081,3.546848000803697,5.708682977127859,725.0027380952381,8.145977011494253,4.614923371647509,2.03676245210728,1759.5747765006383,9.448869731800766,49.50338441890166,71.90886334610472,14.792867177522352,1001.6676947637294,11.795689655172414,4.7074137931034485,2.024540229885057,12.457988505747126,0.056551724137931,0.1764942528735632,16.912043422733078,9.19133461047254,17.57145593869732,17.73448275862069,18.13199233716476,18.26091954022989,18.389463601532565,19.317816091954025,18.572413793103447,17.01810344827586,15.209195402298851,9.148649425287356,6,16,2,2,0
전라남도,2011,216880,2521,16.989573070607552,13.524055829228244,21.22192118226601,3.506969009826153,6.374453781512604,650.1942857142856,9.308620689655172,6.017898193760263,2.9003284072249595,2505.66420361248,11.889737274220034,53.71428571428571,74.20090311986864,16.645073891625618,1011.0663382594416,11.81863711001642,5.030952380952381,2.0099425287356323,12.451436781609194,0.0119047619047619,0.0183908045977011,18.90796387520525,11.42159277504105,18.602011494252874,18.81810344827586,19.279022988505748,19.24655172413793,19.78764367816092,20.17155172413793,20.33793103448276,19.26867816091954,18.061781609195403,7.697865353037767,0,16,2,0,0
전라북도,2011,338285,4245,15.426190476190476,11.055829228243022,20.790065681445,5.178174603174603,8.997356656948494,881.7409523809524,7.044991789819376,4.159934318555008,1.5366174055829231,1327.5985221674878,10.324220032840724,48.83087027914613,74.06912972085385,15.18784893267652,1002.268883415435,11.807635467980296,4.688998357963874,1.967586206896552,11.84764367816092,0.0246305418719211,0.0366995073891625,17.51691297208539,9.391707717569789,18.11034482758621,18.17586206896552,18.648850574712647,18.805172413793105,19.71156069364162,20.37919075144509,,,,9.73423645320197,14,16,2,9,4
제주도,2011,22972,180,19.42557471264368,16.929597701149426,22.44051724137931,2.715204678362573,8.751075268817203,813.8499999999999,9.988793103448277,6.503879310344828,3.697557471264368,3194.419540229885,14.065229885057471,57.44971264367816,72.47758620689655,18.239942528735632,1011.28591954023,11.83189655172414,4.975431034482758,2.235603448275862,13.996637931034485,0.0015804597701149,0.001867816091954,21.110488505747124,15.599137931034482,21.09454022988505,21.489942528735632,21.99712643678161,22.064367816091952,22.64798850574713,22.70545977011494,22.562643678160924,21.360919540229883,19.4264367816092,5.510919540229885,0,16,2,0,0
충청남도,2011,259380,3514,15.27448275862069,11.046436781609197,20.37632183908046,6.818306010928962,9.752816666666666,975.2816666666664,7.077356321839081,4.313563218390805,1.7757471264367817,1534.077011494253,10.033764367816094,49.0816091954023,73.31870689655172,15.074655172413792,1011.1210057471266,11.798735632183911,4.604022988505746,1.869022988505748,11.29471264367816,0.0425287356321839,0.0701149425287356,16.904367816091952,9.671379310344827,16.936206896551724,17.314367816091956,17.30919540229885,17.947701149425285,18.27413793103448,18.904597701149424,,,,9.329885057471264,13,16,2,7,1
충청북도,2011,43510,704,14.191954022988506,9.777586206896553,19.47770114942529,5.171153846153846,8.896932624113475,836.3116666666667,7.622327586206897,4.398074712643679,1.7683045977011491,1528.9850574712646,8.765862068965518,49.13793103448276,72.40011494252873,14.16367816091954,997.147011494253,11.793448275862067,4.899770114942529,1.9421264367816096,11.75551724137931,0.0244827586206896,0.0591954022988505,15.878620689655174,8.27344827586207,,,,,,,,,,9.700114942528735,16,16,2,12,0
강원도,2012,42519,643,12.955574712643678,8.650574712643678,18.06264367816092,3.468469611528822,7.451645781119466,849.4876190476191,7.66551724137931,4.536321839080459,1.917011494252873,1655.3356321839085,7.34264367816092,47.234482758620686,71.8835632183908,13.48522988505747,994.1823563218392,11.760747126436785,5.595229885057472,1.96066091954023,11.839956896551724,0.0868965517241379,0.4843103448275861,14.938045977011493,6.725862068965518,15.51609195402299,15.633141762452109,16.112452107279694,16.568390804597705,17.165708812260537,18.048563218390804,18.870689655172413,18.27298850574712,16.264367816091955,9.41206896551724,2,19,5,13,0
경기도,2012,146284,2141,13.576867816091951,9.119971264367816,19.019540229885056,5.501119402985074,10.939122807017544,1039.2166666666667,7.098994252873562,3.8498563218390807,1.4462643678160918,1248.8333333333333,8.360632183908045,47.65229885057471,73.25603448275862,14.285057471264368,1007.703448275862,11.763649425287356,5.686206896551723,1.948908045977012,11.92109195402299,0.0344827586206896,0.1561781609195402,15.661925287356324,7.6992816091954035,15.574137931034484,15.999425287356322,16.18448275862069,16.627586206896552,17.53218390804598,18.620114942528737,19.117241379310343,19.158620689655173,18.017241379310345,9.899568965517242,8,19,5,13,12
경상남도,2012,32101,493,15.48038793103448,11.09992816091954,20.88376436781609,7.7107683982683985,14.922927423981642,1238.6029761904765,7.612643678160919,4.327729885057472,1.6555316091954022,1430.0165229885058,9.204813218390806,43.4705459770115,69.3732040229885,14.80926724137931,1007.2239942528738,11.791522988505749,5.947772988505746,2.139526627218935,13.13164705882353,0.0538074712643678,0.1353448275862069,17.833117816091953,8.786278735632184,17.50632183908046,17.965517241379313,18.50919540229885,18.687356321839083,19.829885057471262,21.84137931034483,,,,9.78383620689655,9,19,5,0,12
경상북도,2012,44690,692,14.142729885057472,9.79212643678161,19.371436781609194,4.285641534391535,8.215899037210512,1002.3396825396826,8.58051724137931,4.875402298850575,2.116149425287356,1828.7553001277136,8.2489846743295,46.97528735632184,70.71146232439334,14.192816091954024,1000.1374201787996,11.774885057471264,5.516091954022988,2.08066091954023,12.626867816091956,0.0841379310344827,0.3094827586206897,16.595140485312896,7.888033205619413,17.131513409961684,17.36934865900383,17.7272030651341,17.925766283524908,18.477011494252874,19.34645593869732,19.069540229885053,17.826149425287355,15.355459770114942,9.579310344827586,7,19,5,1,9
전라남도,2012,186602,2279,16.41592775041051,12.838998357963876,20.548070607553363,6.622888368462139,11.861797385620914,1209.9033333333332,10.548891625615765,6.7690065681445,3.171606458675424,2741.227558839628,11.824521072796935,54.54761904761904,76.32439792008756,16.866694033935413,1009.8936644772854,11.798686371100164,5.804761904761905,2.003735632183908,12.121810344827589,0.0502463054187192,0.0679802955665024,18.102134646962234,10.608579638752053,18.016379310344828,17.9948275862069,18.21954022988506,18.45890804597701,18.76408045977012,19.66350574712644,20.18505747126437,19.81264367816092,18.42844827586207,7.70907224958949,0,19,5,0,4
전라북도,2012,236478,2995,14.415188834154351,9.832512315270938,19.769211822660097,6.445423669467787,11.464378684807254,1203.7597619047615,7.671346469622332,4.480623973727422,1.6647783251231527,1438.1001642036126,9.44367816091954,48.26929392446634,74.76633825944171,14.794991789819374,1001.036288998358,11.78752052545156,5.360509031198686,1.888850574712644,11.43057471264368,0.052791461412151,0.102791461412151,17.038423645320197,8.394499178981937,17.7,17.78045977011494,18.2448275862069,18.378160919540232,19.298850574712645,20.122988505747127,,,,9.936699507389164,11,19,5,2,14
제주도,2012,20574,186,18.65316091954024,15.94669540229885,21.74008620689656,6.546693121693122,11.976116071428567,1341.3249999999998,11.43520114942529,7.276293103448276,3.90919540229885,3378.382183908046,13.632902298850574,57.90086206896552,74.26954022988505,18.243821839080457,1010.196551724138,11.814655172413794,5.489032567049809,2.182586206896552,13.478936781609196,0.0241379310344827,0.0333333333333333,19.561925287356324,14.767385057471262,17.195689655172416,20.55287356321839,21.01551724137931,21.04540229885057,21.87270114942529,22.78965517241379,22.22068965517241,21.691954022988508,19.793678160919537,5.793390804597702,0,19,5,0,0
충청남도,2012,166095,2300,14.108850574712644,9.702298850574712,19.32758620689655,6.593138888888888,11.531374570446737,1118.5433333333333,7.532413793103448,4.419080459770115,1.7113793103448274,1478.3758620689655,9.482471264367817,50.78390804597702,76.06752873563218,14.913103448275862,1009.8317241379308,11.777586206896553,5.63103448275862,1.8278160919540227,10.974310344827586,0.1075862068965517,0.3350574712643678,16.51905172413793,8.101034482758621,16.61896551724138,16.55689655172414,16.921264367816093,17.154597701149427,16.87745664739884,18.524855491329483,,,,9.62528735632184,6,19,5,4,8
충청북도,2012,20038,362,13.08632183908046,8.507931034482757,18.53793103448276,4.811534391534392,9.236329966329968,914.3966666666666,8.14103448275862,4.705402298850575,1.886206896551724,1630.6758620689657,7.979425287356322,48.66666666666666,73.67114942528737,13.798620689655172,995.7096551724136,11.773908045977011,5.629310344827586,1.757413793103448,10.83310344827586,0.004367816091954,0.0072413793103448,15.3257183908046,7.234022988505746,,,,,,,,,,10.03,17,19,5,9,5
강원도,2013,49452,693,14.241149425287356,10.079109195402298,19.307528735632182,4.860878237259816,8.151212443310659,912.9357936507936,7.64918901660281,4.493243933588761,1.8970689655172408,1638.430459770115,8.976206896551723,49.010919540229885,73.61827586206896,14.576436781609196,993.9981034482756,11.768390804597702,6.009137931034483,1.912227011494253,11.415316091954022,0.0712068965517241,0.3691954022988506,15.674252873563216,7.654712643678161,16.489080459770115,16.662260536398467,17.051724137931036,17.448275862068964,17.78936781609195,18.72911877394636,19.44741379310345,18.6066091954023,16.276724137931033,9.228419540229885,2,25,2,14,1
경기도,2013,160553,2053,14.53764367816092,10.127011494252876,19.98922413793104,7.212878787878788,11.05484496124031,950.7166666666668,6.617241379310344,3.7906609195402288,1.4198275862068963,1227.9798850574712,9.41537356321839,48.19683908045977,73.96278735632185,14.89655172413793,1007.637643678161,11.770833333333334,5.844827586206897,1.828850574712644,11.194022988505743,0.0267241379310344,0.0808908045977011,16.267528735632187,8.67227011494253,25.695238095238096,25.719047619047625,24.8,24.32857142857143,24.804761904761904,22.976190476190474,20.714285714285715,17.157142857142855,13.761904761904765,9.86221264367816,12,25,2,14,6
경상남도,2013,49372,584,16.690086206896552,12.096767241379313,22.46472701149425,3.892422003284072,5.759459496442255,501.0729761904762,7.154525862068964,4.073275862068965,1.56242816091954,1349.396551724138,10.317190065681444,42.38146551724138,69.03120894909688,15.680665024630542,1007.3052442528736,11.798419540229888,6.793606321839079,2.268563218390805,14.398793103448272,0.0067528735632183,0.0094827586206896,19.390014367816093,9.700307881773398,18.379885057471263,19.08023255813953,19.481034482758623,19.65977011494253,20.70867052023121,21.2393063583815,,,,10.367959770114943,3,25,2,0,15
경상북도,2013,51114,833,15.361724137931033,10.9216091954023,20.77994252873563,3.4583249791144524,5.677624532197704,698.3478174603175,8.366551724137933,4.856091954022989,2.132413793103448,1843.1241379310345,9.399080459770111,45.72816091954023,70.17999999999999,14.78971264367816,999.9620114942528,11.78183908045977,5.930574712643678,1.983103448275862,12.159454022988506,0.0360919540229885,0.1172413793103448,17.783058748403572,9.340229885057472,18.292528735632185,18.43773946360153,18.66436781609196,18.814750957854407,19.0778735632184,19.686877394636014,19.2294061302682,17.57442528735632,15.365517241379312,9.858333333333334,2,25,2,4,13
전라남도,2013,202228,2245,17.45426929392447,13.671018062397373,22.00114942528736,4.403708994708994,6.142628089210368,485.2676190476191,9.559605911330047,6.172331691297209,2.9705254515599337,2566.7323481116587,12.447441160372197,52.58702791461411,74.64771483305964,17.389983579638752,1010.2324986316366,11.804597701149426,6.568801313628899,2.1505172413793106,13.55227011494253,0.0189655172413793,0.0217569786535303,19.54403393541325,11.27840722495895,19.51408045977012,19.633333333333333,19.869540229885057,20.032758620689656,20.247988505747124,20.855172413793102,21.0566091954023,20.21408045977012,18.560632183908048,8.330131362889983,0,25,2,0,11
전라북도,2013,398521,4085,15.694006568144498,11.206732348111656,21.163957307060755,4.914761904761906,6.97943515704154,656.0669047619048,7.377175697865352,4.327011494252874,1.6688834154351393,1442.486042692939,10.771100164203611,48.3111658456486,75.15410509031199,15.726929392446632,1000.6008210180624,11.793596059113302,5.968390804597703,1.9308620689655167,11.73844827586207,0.0388341543513957,0.0613300492610837,18.037110016420364,9.519458128078815,18.882758620689657,18.97528735632184,19.354597701149423,19.486781609195404,20.11206896551724,20.77298850574713,,,,9.957224958949098,13,25,2,4,17
제주도,2013,58600,470,19.74137931034483,16.906752873563217,22.93175287356322,3.5983660130718964,5.281226053639847,459.4666666666667,11.013505747126436,6.974712643678162,3.9636494252873566,3425.119252873564,14.265086206896552,56.53591954022989,71.76652298850574,18.87528735632184,1010.7170977011496,11.82169540229885,6.673706896551724,2.2785344827586207,14.422097701149426,0.0034482758620689,0.003735632183908,21.758189655172416,15.89956896551724,22.01551724137931,22.117919075144503,22.53563218390805,22.361494252873563,22.99597701149425,22.97816091954023,22.38793103448276,21.3396551724138,18.97241379310345,6.025,0,25,2,0,1
충청남도,2013,165560,1995,15.36425287356322,10.937931034482755,20.69,4.878045977011493,6.729911347517731,632.6116666666667,7.208045977011493,4.251379310344828,1.660574712643678,1436.2241379310344,11.169080459770116,52.27816091954022,78.35919540229885,16.230114942528736,1009.9064367816092,11.783333333333337,5.929195402298849,1.853735632183908,11.310459770114942,0.124367816091954,0.2626436781609195,17.453793103448273,8.686551724137932,17.506321839080464,17.179885057471264,17.45632183908046,17.708045977011494,17.689080459770114,18.895977011494253,,,,9.752068965517244,8,25,2,6,2
충청북도,2013,33986,551,14.384252873563218,9.757011494252874,19.92114942528736,4.635479797979799,6.873564356435644,694.23,7.698505747126436,4.457241379310345,1.7773563218390804,1535.333333333333,9.53241379310345,49.39080459770115,75.04172413793104,14.811149425287358,995.6298850574713,11.779655172413792,5.710000000000001,1.970462427745665,12.09462427745665,0.0010344827586206,0.0010344827586206,16.56005747126437,8.413908045977012,,,,,,,,,,10.164137931034483,14,25,2,12,3
강원도,2014,47689,644,13.635689655172415,9.034022988505749,19.01344827586207,3.2283719576719574,7.030457451499118,759.2894047619047,7.408333333333333,4.398620689655172,1.837707535121328,1587.256577266922,7.494540229885058,45.16149425287356,70.20324393358878,13.300249042145596,994.8797126436782,11.774942528735632,6.047931034482759,1.9522126436781608,11.993922413793104,0.0427011494252873,0.2274712643678161,15.103218390804598,6.6066091954022985,16.231226053639844,16.367337164750957,16.795785440613027,17.229597701149423,17.675957854406132,18.499329501915707,18.69080459770115,17.893965517241377,15.960057471264369,9.979425287356325,11,16,4,4,1
경기도,2014,169493,1859,14.044396551724136,9.297413793103448,19.869540229885057,4.691176470588235,7.191666666666667,611.2916666666667,6.404022988505748,3.746408045977012,1.4248563218390802,1231.3548850574712,8.267816091954023,45.00574712643678,71.27442528735632,13.79123563218391,1008.410632183908,11.777729885057472,5.782902298850575,1.4865517241379311,9.063448275862068,0.0153735632183908,0.0185344827586206,15.872557471264368,7.884770114942529,,,,,,,,,,10.572126436781607,19,16,4,2,3
경상남도,2014,37698,470,15.558225574712644,11.251652298850576,21.08735632183908,5.05491443452381,10.988150281618024,1021.8979761904762,6.772485632183908,3.880244252873564,1.4971982758620692,1292.074712643678,9.786545566502465,45.71623563218391,71.55903119868637,14.723450328407225,1007.8424055829228,11.805028735632185,5.716307471264368,2.0452873563218392,12.621551724137932,0.0139367816091954,0.0175287356321839,17.806537356321844,9.07744252873563,27.428571428571427,27.53333333333333,27.24761904761905,26.604761904761908,26.133333333333333,23.89047619047619,,,,9.835704022988509,14,16,4,1,3
경상북도,2014,48862,658,14.290689655172413,9.867241379310345,19.6048275862069,2.9513656084656086,7.535570228091236,896.7328571428571,7.927241379310344,4.657011494252874,2.08632183908046,1802.920689655172,8.272413793103448,46.31034482758622,70.32224137931034,13.58905491698595,1000.7784482758622,11.78793103448276,5.630862068965517,2.0762356321839084,12.599252873563218,0.0539655172413793,0.1327586206896551,16.34712643678161,7.542011494252873,17.41704980842912,17.59243295019157,17.681800766283523,17.73955938697318,17.715708812260537,18.596551724137928,18.5316091954023,17.007758620689653,15.192816091954024,9.737586206896552,11,16,4,1,1
전라남도,2014,135365,1567,16.4991789819376,12.936124794745483,20.74614121510673,4.922290764790764,9.424795918367346,989.6035714285712,9.560344827586206,6.185632183908046,2.895238095238096,2499.6954022988507,11.923932676518882,55.514778325123146,76.57647783251232,16.1938013136289,1010.5059113300492,11.81182266009852,5.53136288998358,1.9235057471264367,11.700718390804598,0.0926108374384236,0.1845648604269293,18.08981937602628,11.0,17.947413793103447,18.06005747126437,18.345402298850573,18.58477011494253,18.872988505747124,19.75201149425288,20.17557471264368,19.93362068965517,18.617816091954023,7.810016420361247,1,16,4,0,0
전라북도,2014,245877,2445,14.645689655172417,10.185960591133004,20.13555008210181,4.726739926739927,8.39092970521542,881.047619047619,6.89064039408867,3.9614121510673233,1.504893267651888,1300.791789819376,10.432416529830324,51.27504105090311,78.64511494252874,15.029529282977558,1000.8637931034484,11.800328407224958,5.143431855500821,2.0390804597701155,11.91557471264368,0.0707717569786535,0.1488505747126436,16.733388067870827,8.547372742200329,27.295454545454547,27.027272727272724,26.95,26.67727272727273,25.14761904761904,23.290476190476188,,,,9.9495894909688,18,16,4,1,1
제주도,2014,20474,168,18.691810344827587,16.048706896551725,21.72068965517241,4.158333333333333,8.32631172839506,899.2416666666666,10.869540229885056,6.839080459770115,3.8054597701149424,3288.1609195402298,14.02155172413793,60.689655172413794,75.43304597701149,18.031465517241383,1010.860632183908,11.8257183908046,5.320258620689656,1.6798275862068968,10.162873563218389,0.021551724137931,0.0274425287356321,19.73060344827586,14.851005747126436,20.02183908045977,20.327586206896555,20.65632183908046,20.70804597701149,21.15689655172413,21.279885057471265,20.78218390804598,20.865517241379308,19.248275862068965,5.671982758620689,0,16,4,0,0
충청남도,2014,161471,1797,14.471379310344828,9.970804597701152,19.920114942528738,4.611999999999999,8.33641304347826,766.9499999999999,6.83264367816092,4.008965517241379,1.5359770114942528,1326.602298850575,10.246666666666666,51.8816091954023,78.38218390804597,15.001982758620688,1010.4748275862069,11.790833333333332,5.481867816091953,1.69448275862069,10.293275862068963,0.1964367816091954,0.5325287356321838,16.59896551724138,8.605632183908046,26.066666666666663,25.757142857142856,25.70952380952381,25.361904761904764,25.38571428571429,23.02380952380953,,,,9.949310344827586,15,16,4,1,1
충청북도,2014,18280,259,13.41425287356322,8.568965517241379,19.097241379310343,3.648535353535353,8.211296296296297,812.9183333333334,7.455862068965516,4.382988505747127,1.817241379310345,1568.5436781609194,8.067931034482758,46.85402298850575,73.19080459770116,13.43057471264368,996.3416091954024,11.785402298850574,5.572873563218391,2.0304597701149425,12.332586206896554,0.0001149425287356,0.0001149425287356,15.538390804597702,7.770919540229886,,,,,,,,,,10.528275862068964,25,16,4,2,0
강원도,2015,48497,655,14.625862068965516,10.413965517241378,19.69545977011494,3.14603228962818,5.960931867097121,703.3899603174602,7.228448275862069,4.206896551724138,1.7282183908045978,1492.7109195402302,9.244742975734354,48.85376756066411,73.7562053001277,14.06226213282248,995.3517496807152,11.781487867177525,5.856047254150703,1.964396551724138,12.055799808429118,0.0031609195402298,0.0048850574712643,16.380172413793105,8.140229885057472,17.26551724137931,17.233045977011496,17.691091954022987,17.99396551724138,18.24022988505748,18.8264367816092,18.777011494252875,17.756609195402298,16.000287356321838,9.281494252873562,9,18,3,0,2
경기도,2015,170647,1920,15.366522988505748,10.812499999999998,21.101436781609195,5.417176870748301,7.469246031746032,627.4166666666667,6.488505747126437,3.667528735632184,1.3780172413793106,1190.6479885057472,9.558189655172416,45.33764367816092,71.42097701149426,14.263505747126436,1008.6542145593868,11.78462643678161,5.692672413793104,1.6099425287356322,10.11867816091954,0.0225574712643678,0.0383620689655172,17.025574712643678,9.176293103448277,,,,,,,,,,10.288936781609197,15,18,3,0,4
경상남도,2015,49680,506,16.548060344827586,12.307040229885056,21.97140804597701,3.4259935064935063,6.829517409114183,635.145119047619,6.436637931034483,3.63125,1.3569683908045975,1173.7866379310344,11.32521551724138,47.91163793103448,74.34346264367817,15.485344827586204,1008.2107758620688,11.811637931034484,5.671910919540231,2.06867816091954,12.97586206896552,0.0,0.0,18.62492816091953,10.091954022988508,,,,,,,,,,9.664367816091954,6,18,3,0,11
경상북도,2015,57108,754,15.45293103448276,11.104655172413793,20.67051724137931,2.2165916503587733,4.672812213039486,565.4102777777778,7.901781609195403,4.6532758620689645,2.0585632183908045,1778.3356321839076,9.938505747126436,48.29252873563218,72.91954022988504,14.389080459770112,1001.2408045977012,11.794712643678162,5.591839080459771,1.8556896551724136,11.555574712643676,0.0140229885057471,0.0280459770114942,18.004540229885055,8.98896551724138,18.46580459770115,18.6683908045977,18.641379310344828,18.67471264367816,18.522413793103446,18.886494252873565,18.742816091954023,17.22155172413793,15.335057471264369,9.565862068965515,8,18,3,0,7
전라남도,2015,155756,1737,17.18074712643678,13.635878489326766,21.41592775041051,2.542680623973727,5.773882783882783,600.4838095238094,8.949507389162562,5.779638752052545,2.5798029556650244,2229.8201970443347,13.390366721401202,59.51231527093596,80.35665024630542,17.342610837438425,1010.7493021346472,11.8183908045977,5.568390804597701,1.86882183908046,11.663591954022989,0.0042692939244663,0.0049261083743842,19.25098522167488,12.0123973727422,18.968103448275865,19.15114942528736,19.345402298850573,19.52011494252873,19.835632183908046,20.323850574712644,20.36293103448276,19.824137931034485,18.30603448275862,7.780049261083743,0,18,3,0,0
전라북도,2015,170226,1614,15.999178981937604,11.690394088669953,21.32742200328408,2.933653530377668,5.470193452380952,525.1385714285714,6.799671592775042,3.986466885604816,1.514737274220033,1307.3185550082103,11.740927750410508,52.60426929392445,78.40622605363984,15.716283524904211,1001.0050355774492,11.806540777230431,5.071893814997263,2.0982758620689657,12.945804597701148,0.0256978653530377,0.0533661740558292,17.899575807334433,9.5927750410509,,,,,,,,,,9.63702791461412,9,18,3,0,7
제주도,2015,13482,108,19.245833333333334,16.551293103448277,22.27816091954024,6.295833333333333,10.15746527777778,975.1166666666668,10.341810344827586,6.472413793103448,3.484770114942528,3011.1163793103447,14.620545977011494,61.27155172413793,75.75330459770116,18.33347701149425,1011.2397509578544,11.83146551724138,5.686925287356321,1.909885057471264,11.957902298850575,0.0,0.0,21.08922413793104,15.514367816091951,20.854597701149423,21.5235632183908,21.792528735632185,21.72758620689655,21.85862068965517,21.680459770114947,21.10919540229885,20.873563218390803,19.13448275862069,5.726867816091954,0,18,3,0,0
충청남도,2015,253990,2642,15.813678160919542,11.439195402298852,21.10850574712644,2.6770338983050848,5.030309278350515,487.94,6.568620689655173,3.85,1.4610344827586206,1262.42183908046,12.013936781609194,55.22528735632184,80.64563218390805,16.210689655172413,1010.6735632183908,11.798620689655172,5.214597701149425,1.5302298850574712,9.377298850574713,0.0383908045977011,0.0722988505747126,17.83264367816092,9.672758620689654,,,,,24.1,23.8,23.0,20.8,17.5,9.669310344827586,13,18,3,0,2
충청북도,2015,14459,190,14.78919540229885,10.079425287356322,20.32448275862069,2.5364021164021167,4.544894894894895,504.48333333333335,7.333103448275862,4.267701149425287,1.7204597701149429,1487.1436781609198,9.551867816091956,48.46781609195404,73.84060344827586,13.982672413793104,996.7513218390804,11.792988505747129,5.418505747126437,1.9548275862068965,12.237528735632184,0.0,0.0,17.049195402298853,8.50919540229885,,,,,,,,,,10.245057471264367,18,18,3,0,6
강원도,2016,41865,588,14.780344827586209,10.658908045977013,19.7378735632184,2.722280631353665,4.967103809523809,620.8879761904761,6.666379310344828,3.955747126436781,1.542873563218391,1332.8867816091956,9.45721583652618,48.83678160919539,73.41683269476373,14.560951468710089,994.8800383141764,11.76028735632184,5.409176245210729,1.927595785440613,11.527969348659004,0.0,0.0,16.578735632183907,8.499942528735632,17.467528735632182,17.713793103448275,18.07442528735632,18.49482758620689,18.6985632183908,19.5367816091954,19.91580459770115,19.005459770114943,16.822413793103447,9.07896551724138,0,26,2,5,4
경기도,2016,122146,1613,15.633189655172412,11.123132183908046,21.25574712643678,2.6269444444444447,4.926404494382023,438.4500000000001,6.0886494252873575,3.513505747126436,1.385344827586207,1197.8060344827586,9.498563218390808,44.85201149425287,69.51566091954024,14.846551724137932,1008.184051724138,11.762931034482758,5.504597701149425,1.6347701149425289,10.03287356321839,0.0020114942528735,0.0020114942528735,17.592097701149427,9.357614942528736,,,,,,,,,,10.132614942528734,8,26,2,8,21
경상남도,2016,23732,326,16.892169540229887,12.682758620689656,22.258548850574712,3.87908781694496,8.796576546506454,941.2336904761904,6.170833333333334,3.5170669129720853,1.2808908045977012,1106.825944170772,11.44382183908046,48.19181034482759,73.38189655172413,16.349425287356322,1007.5532019704434,11.79087643678161,5.573922413793103,1.7605172413793102,11.166120689655171,0.0,0.0,19.26831896551725,10.844273399014778,,,,,,,,,,9.575790229885058,8,26,2,1,26
경상북도,2016,39632,669,15.688017241379312,11.558620689655172,20.69557471264368,2.615137987012987,6.150483431815548,842.6162301587301,7.494942528735631,4.481091954022988,1.9577011494252872,1691.4574712643678,10.476385696040868,50.17816091954023,74.05821040868453,15.394393358876115,1000.7222365900384,11.77425287356322,5.3827969348659,1.7236590038314177,10.52403256704981,0.0238505747126436,0.0572413793103448,18.03687100893997,9.356538952745847,18.24540229885057,18.50747126436781,18.53908045977012,18.598563218390808,18.63247126436781,19.154022988505744,19.17758620689655,17.89367816091954,15.692241379310344,9.136954022988505,1,26,2,3,11
전라남도,2016,152374,1875,17.567405582922827,14.061986863711004,21.794827586206896,3.293604910714285,6.79618340405469,686.4145238095238,9.024220032840724,5.873399014778325,2.7357142857142858,2363.4039408867,13.492200328407224,59.45402298850575,79.08325123152709,18.172660098522165,1010.1101806239736,11.798193760262723,5.705008210180624,1.927614942528736,12.061475095785442,0.0,0.0,19.911247947454843,12.42553366174056,19.62471264367816,19.81810344827586,20.013218390804592,20.216379310344827,20.567528735632184,21.017816091954025,21.1132183908046,20.55603448275862,18.72614942528736,7.732840722495896,0,26,2,0,7
전라북도,2016,154568,2100,16.237848932676517,11.832840722495895,21.604844006568147,3.4864120370370366,5.761973742768135,616.5311904761904,6.81847290640394,4.0314449917898205,1.536535303776683,1327.5328407224958,11.544827586206898,51.06896551724138,76.04334975369457,16.30500821018062,1000.3658456486042,11.786781609195405,5.478160919540231,2.1304597701149426,13.117758620689656,0.0004105090311986,0.0004105090311986,18.45878489326765,9.925779967159276,,,,,,,,,,9.772003284072252,4,26,2,1,21
제주도,2016,22826,196,19.94324712643678,17.354597701149423,23.007183908045977,3.992592592592593,8.303605769230769,863.575,10.313505747126438,6.445258620689654,3.412068965517242,2946.0890804597702,15.55574712643678,62.5933908045977,76.87543103448276,19.875,1010.4386494252874,11.813936781609195,5.319636015325671,1.759396551724138,10.857672413793104,0.0,0.0,21.38491379310345,16.29741379310345,21.24712643678161,21.82068965517241,22.067816091954025,22.2367816091954,22.50459770114942,22.29597701149425,21.53563218390805,21.3764367816092,19.442528735632184,5.652586206896552,0,26,2,0,3
충청남도,2016,143915,1908,15.835862068965518,11.314137931034484,21.19287356321839,2.787135416666666,4.899587628865979,475.26,6.277385057471264,3.629971264367816,1.3318390804597702,1148.7965517241378,11.67977011494253,52.91264367816092,78.76655172413794,16.608160919540232,1008.933793103448,11.776666666666667,5.497011494252874,1.5660344827586208,9.664597701149424,0.0026436781609195,0.0026436781609195,18.196954022988507,10.167385057471265,,,,,,,,,,9.878735632183908,5,26,2,1,19
충청북도,2016,20016,297,15.019770114942531,10.435862068965516,20.46068965517242,3.381842105263157,5.705327380952381,638.9966666666667,7.046666666666666,4.1819540229885055,1.686206896551724,1457.425287356322,9.839425287356322,48.77701149425288,73.91528735632183,14.712988505747123,996.2510344827584,11.772873563218392,5.177442528735632,1.9535632183908047,12.126609195402295,0.0,0.0,17.233333333333334,8.94919540229885,,,,,,,,,,10.024827586206897,6,26,2,5,14
강원도,2017,37739,554,13.415172413793105,9.030632183908043,18.40919540229885,4.378733862433863,6.670026927437641,747.0430158730159,7.123563218390805,4.119885057471264,1.635632183908046,1412.7701149425288,7.139827586206896,45.67726692209451,69.43964240102171,13.490702426564496,995.2967879948914,11.767586206896553,5.888090676883779,2.004655172413793,12.271954022988506,0.0,0.0,15.099195402298852,6.8322030651341,16.417528735632185,16.350862068965515,16.91867816091954,17.701724137931038,18.16494252873564,19.398850574712643,19.9382183908046,19.292528735632185,17.150862068965516,9.378563218390804,2,25,3,4,0
경기도,2017,126798,1753,13.991379310344827,9.283620689655171,19.73563218390805,6.269871794871794,7.84691011235955,698.375,6.487787356321839,3.7352011494252872,1.4195402298850577,1225.9985632183907,7.745114942528736,43.48706896551724,69.2331896551724,14.052298850574712,1008.9451149425288,11.770402298850575,5.751724137931034,1.6472988505747126,10.238793103448277,0.0129310344827586,0.0235632183908046,16.155316091954024,7.635488505747128,,,,,,,,,,10.452011494252876,14,25,3,6,5
경상남도,2017,52047,617,16.042097701149423,11.188290229885055,22.01422413793104,3.4985509672619046,5.86693722943723,516.2904761904763,6.541882183908045,3.726508620689655,1.3647988505747126,1179.7686781609195,9.605747126436782,43.50862068965517,69.25395114942529,15.411278735632184,1008.1954741379312,11.797198275862067,6.366594827586207,2.050258620689655,12.979885057471265,0.0,0.0,18.501221264367818,8.59367816091954,,,,,,,,,,10.825933908045975,14,25,3,0,11
경상북도,2017,66174,1052,14.609655172413794,10.076494252873562,19.99620689655173,3.307500000000001,5.291835016835017,698.5222222222222,7.947464878671775,4.6911047254150695,2.0391890166028097,1761.9033205619412,8.177886334610474,45.2264367816092,68.87173052362708,14.2827969348659,1001.1379565772668,11.781321839080462,6.222528735632182,1.5659578544061303,9.589511494252871,0.0378735632183908,0.1455747126436781,16.861839080459767,7.36462324393359,17.72155172413793,18.01609195402299,18.182758620689658,18.31408045977012,18.46005747126437,19.15488505747126,19.15574712643678,17.59798850574713,15.631321839080462,9.91971264367816,5,25,3,0,4
전라남도,2017,173599,2021,16.642610837438422,12.684072249589487,21.22857142857143,5.10874761904762,6.423552489177488,565.272619047619,9.257799671592776,5.969540229885058,2.706321839080459,2337.636288998358,12.434304871373836,57.27832512315272,78.38560481663929,17.5712096332786,1010.9714148877944,11.803694581280784,6.233661740558293,1.9667241379310345,12.169904214559386,0.015927750410509,0.0194581280788177,18.88390804597701,10.839655172413792,18.953448275862065,19.10948275862069,19.381034482758626,19.617816091954023,19.940517241379315,20.7264367816092,20.99425287356322,20.543965517241386,18.85689655172414,8.544499178981939,1,25,3,0,3
전라북도,2017,161796,2007,14.916584564860427,10.308702791461414,20.469129720853857,4.704467312348668,5.975652993870815,603.5409523809524,6.768144499178982,3.966830870279147,1.448440065681445,1251.3218390804598,10.037342638204708,49.04187192118226,75.11418992884511,15.42304324028462,1000.8435960591132,11.792446633825946,5.763546798029557,2.1870114942528733,13.334195402298851,0.0063218390804597,0.0071428571428571,16.955665024630544,8.101477832512316,,,,,,,,,,10.160426929392449,9,25,3,0,6
충청남도,2017,159195,1970,14.52706896551724,9.900344827586208,19.963735632183905,4.492638888888889,6.126013071895424,624.8533333333332,6.670114942528735,3.793333333333333,1.391379310344827,1202.1885057471263,9.856034482758622,50.27471264367816,76.25350574712643,15.435373563218391,1009.7439367816092,11.78218390804598,5.832183908045977,1.537873563218391,9.421264367816091,0.0,0.0,16.480229885057472,8.249885057471264,1.775,2.21,2.1,2.7300000000000004,,,,,,10.0633908045977,9,25,3,1,3
충청북도,2017,46064,599,13.72551724137931,8.842643678160922,19.39804597701149,4.829142857142857,7.1258333333333335,726.835,7.363103448275862,4.406781609195402,1.7333333333333334,1497.8597701149424,7.943333333333335,45.824137931034485,71.27896551724139,13.962298850574715,996.8055172413792,11.779425287356322,5.712988505747127,2.098275862068965,12.840172413793104,0.0,0.0,15.925977011494252,7.1258620689655165,,,,,,,,,,10.555402298850574,15,25,3,5,2
강원도,2018,50518,752,14.003333333333332,9.497011494252874,19.44040229885057,4.276447861552027,9.345038855820103,897.1237301587302,6.847873563218391,4.009655172413792,1.5796551724137933,1364.447701149425,7.875025542784164,44.41379310344828,70.24634738186462,13.854380587484036,995.6883524904216,11.77419540229885,6.587375478927203,2.086422413793104,13.162227011494252,0.0,0.0,15.90028735632184,7.044010217113667,17.019827586206894,16.87787356321839,17.477011494252874,17.927586206896553,18.468965517241383,19.39626436781609,19.834482758620688,19.13448275862069,17.073563218390806,9.9433908045977,6,22,4,14,15
경기도,2018,174620,2311,14.783477011494252,9.76235632183908,21.02629310344828,4.353993055555556,9.689102564102566,629.7916666666667,6.246408045977011,3.6466954022988496,1.3685344827586208,1181.1508620689656,8.11005747126437,40.3419540229885,67.92298850574713,14.196120689655173,1009.205316091954,11.776867816091954,6.854166666666667,2.146264367816092,13.770402298850575,0.0104885057471264,0.0114942528735632,17.171839080459772,7.583333333333333,,,,,,,,,,11.263936781609194,24,22,4,13,31
경상남도,2018,44810,502,16.33182471264368,11.586350574712643,22.21609195402299,4.400971277399849,9.584179271708685,814.655238095238,6.177935139573071,3.590424876847291,1.312212643678161,1133.6535303776684,10.38422619047619,44.3117816091954,71.68885467980296,15.83490353037767,1008.3977935139573,11.804094827586209,6.464490968801314,2.2261781609195403,14.470574712643678,0.0,0.0,18.920689655172417,9.067672413793105,,,,,,,,,,10.629741379310344,15,22,4,1,31
경상북도,2018,44630,698,15.358218390804597,10.743045977011494,20.91270114942529,2.940137235449736,6.963278049111382,814.7035317460318,7.457241379310345,4.472586206896552,1.9381609195402305,1674.8862068965514,9.095185185185183,44.71698595146871,69.6666091954023,14.66557471264368,1001.5000383141764,11.787126436781609,6.519259259259259,1.9428927203065127,12.307471264367816,0.0466091954022988,0.1539655172413793,18.242988505747125,8.149508301404852,18.67212643678161,18.88390804597701,18.95402298850575,19.029597701149427,19.09109195402299,19.47212643678161,19.32528735632184,17.713793103448275,15.679885057471266,10.169655172413792,9,22,4,4,24
전라남도,2018,150921,1797,17.260426929392448,13.439901477832512,21.785303776683087,3.40167044595616,6.564126190476189,656.4126190476189,8.924671592775042,5.839969896004379,2.6915982484948,2325.453749315818,12.116570881226052,51.93431855500821,73.8668035030104,16.998809523809527,1011.0243158182816,11.810837438423643,6.439860426929392,2.114636015325671,13.228716475095789,0.0184729064039408,0.030295566502463,19.47093596059113,10.843349753694582,19.680459770114947,19.80201149425288,20.072701149425285,20.17270114942529,20.5014367816092,21.05172413793104,21.208620689655174,20.69310344827586,19.023275862068964,8.345402298850574,0,22,4,0,13
전라북도,2018,203099,2260,15.590558292282427,10.798357963875208,21.36444991789819,5.084560439560439,8.449396645021643,743.5469047619047,6.627463054187193,4.027504105090312,1.465353037766831,1265.3527640941434,10.589655172413792,47.7183908045977,75.07216748768472,15.803119868637111,1001.026026272578,11.799507389162562,6.70656814449918,2.30316091954023,14.8666091954023,0.0008210180623973,0.0008210180623973,18.726436781609195,8.199014778325123,,,,,,,,,,10.566091954022989,15,22,4,7,33
제주도,2018,1598,18,19.44396551724138,16.764367816091955,22.59324712643678,4.742272727272727,9.758888888888889,878.3,10.035919540229886,6.289942528735632,3.4780172413793102,3004.6436781609195,14.711925287356324,59.72413793103448,75.31532567049808,19.25507662835249,1011.3581417624522,11.8257183908046,6.326293103448276,2.0981034482758623,13.328045977011492,0.0,0.0,20.97801724137931,15.226293103448276,20.842528735632182,20.12126436781609,21.02586206896552,22.095402298850576,22.240804597701143,22.53735632183908,22.091954022988507,21.966666666666665,19.99080459770116,5.828879310344829,0,22,4,0,1
충청남도,2018,119820,1642,15.128793103448276,10.211149425287356,21.02712643678161,3.402690058479532,7.2190340909090915,635.2750000000001,6.499655172413793,3.762528735632184,1.3436781609195405,1159.2034482758622,9.357672413793102,43.55172413793103,71.69752873563218,14.896091954022989,1009.9422126436782,11.789655172413791,6.633678160919539,2.2936206896551727,14.70057471264368,0.0,0.0,18.08758620689656,8.022758620689656,17.752023121387285,17.941040462427747,17.923699421965317,18.40867052023121,,,,,,10.815977011494253,14,22,4,7,28
충청북도,2018,38555,541,14.367701149425288,9.252528735632184,20.522413793103446,4.1194444444444445,9.430745098039218,801.6133333333335,7.087816091954024,4.261264367816092,1.669080459770115,1440.2402298850575,8.571235632183908,43.81264367816092,71.4889367816092,14.23028735632184,997.1118390804598,11.785057471264368,6.378735632183909,2.160977011494253,13.916436781609196,0.0,0.0,17.345862068965516,7.579770114942529,,,,,,,,,,11.269885057471264,22,22,4,12,25
강원도,2019,57231,866,14.847155172413792,10.704540229885058,19.964425287356324,3.683203211517165,7.373995750531184,936.4974603174604,6.765344827586207,3.890919540229885,1.5032758620689657,1298.5393358876115,9.67051724137931,49.73333333333333,74.17056194125159,14.7847190293742,995.1194891443168,11.780619412515966,5.554361430395913,2.006252873563218,12.202718390804598,0.0,0.0,16.264712643678163,8.458793103448276,17.322701149425292,17.190517241379307,17.55689655172414,17.92327586206897,18.38448275862069,19.23218390804597,19.55718390804597,18.873275862068965,17.050862068965518,9.259885057471264,0,26,7,0,0
경기도,2019,163846,2039,15.283333333333337,10.790373563218392,20.77370689655172,5.86796875,8.596180555555556,825.2333333333333,6.3454980842911874,3.53146551724138,1.3082375478927202,1133.1269157088122,10.79396551724138,50.6566091954023,77.25196360153257,15.825383141762453,1008.4383620689656,11.784051724137932,5.516810344827586,1.9566081871345031,11.837514450867053,0.0007183908045977,0.0007183908045977,16.619300766283523,8.246120689655172,,,,,,,,,,9.983333333333333,7,26,7,3,7
경상남도,2019,48488,595,16.843965517241383,12.504741379310344,22.380316091954025,3.6714912280701753,10.142607886904765,973.6903571428572,6.270566502463053,3.629320607553366,1.32497947454844,1144.9193349753696,11.604402709359606,49.51621510673234,74.05736863711,16.457758620689653,1007.8177853037764,11.811063218390805,5.742836617405581,2.067672413793104,12.848448275862069,0.0,0.0,18.74634646962233,10.360375615763546,,,,,,,,,,9.875574712643678,14,26,7,0,8
경상북도,2019,27439,444,15.927557471264368,11.678275862068965,21.19936781609195,3.334889423934368,6.941317802900538,964.8431746031748,7.614195402298852,4.482011494252874,1.9152378671775223,1653.832503192848,10.824532247765006,50.62816091954023,74.3264846743295,15.807704342273306,1001.0499824393358,11.793706896551724,5.604129948914433,1.7963218390804594,10.988180076628352,0.0086206896551724,0.0091954022988505,18.01534482758621,9.01074712643678,18.69540229885057,18.87844827586207,18.91752873563218,18.95086206896552,19.12155172413793,19.51408045977012,19.36925287356322,17.984770114942524,15.94770114942529,9.521091954022989,4,26,7,0,7
전라남도,2019,120351,1452,17.338136288998356,13.71642036124795,21.636124794745488,3.928078231292517,8.732588095238095,873.2588095238095,9.287972085385878,6.016819923371648,2.7527367268746583,2378.419677066229,12.985303776683086,57.27257799671592,77.31353311439518,17.498221127531473,1010.3511631089216,11.817405582922824,5.718035030103995,2.0413026819923368,12.484166666666669,0.0,0.0,19.14032567049808,11.512862616310894,19.20172413793104,19.42442528735632,19.57471264367816,19.68333333333333,20.07758620689655,20.667241379310347,20.898850574712643,20.59971264367816,18.92241379310345,7.919704433497537,1,26,7,0,0
전라북도,2019,159007,2005,16.098029556650246,11.70295566502463,21.51617405582923,4.03447232947233,7.705025183150184,801.3226190476191,6.661384783798576,4.007224958949098,1.4707170224411603,1271.1694033935412,11.75498084291188,52.72988505747127,77.45415982484948,16.440996168582373,1000.4636425834702,11.805665024630542,5.341050903119868,2.115632183908046,13.148908045977011,0.0,0.0,17.679310344827584,9.260509031198689,,,,,,,,,,9.813218390804598,14,26,7,0,7
충청남도,2019,110238,1383,15.67316091954023,11.12137931034483,21.180919540229883,3.4486384976525826,6.947259615384615,722.515,6.463505747126438,3.727672413793104,1.352212643678161,1167.699712643678,11.167097701149425,50.920402298850576,76.95968390804597,15.87293103448276,1009.2595114942528,11.797816091954026,5.191580459770115,2.0474853801169592,12.446608187134505,0.0,0.0,17.448994252873565,9.400545977011497,17.726744186046513,17.883720930232556,17.914534883720933,18.393023255813954,,,,,,10.059540229885055,11,26,7,0,7
충청북도,2019,26233,421,15.025574712643676,10.362068965517242,20.6683908045977,4.258541666666667,8.065621212121211,887.2183333333332,7.2666666666666675,4.290919540229885,1.6227586206896552,1402.809195402299,10.168735632183909,50.171264367816086,75.27778735632184,15.121580459770112,996.6097413793104,11.791609195402298,5.341925287356322,2.097529411764706,12.65630057803468,0.0,0.0,16.637442528735633,8.875172413793104,,,,,,,,,,10.30632183908046,14,26,7,0,4
