지역,년도,생산량,면적,평균 기온,최저 기온,최고 기온,1시간 최다강수량,일 강수량 평균,강수량 합계,최대 순간풍속,최대 풍속,평균 풍속,풍정합,평균 이슬점온도,최소 상대습도,평균 상대습도,평균 증기압,평균 현지기압,가조시간,평균 일조 시간,1시간 최다 일사량 평균,평균 일 합계 일사,일 최심신적설,일 최심적설,지면온도,최저 초상온도,5cm 지중온도,10cm 지중온도,20cm 지중온도,30cm 지중온도,0.5m 지중온도,1.0m 지중온도,1.5m 지중온도,3.0m 지중온도,5.0m 지중온도,평균 일교차,일교차 15이상인 날,태풍 수,영향을 준 태풍 수
경기도,2001,92,8,20.538144329896905,15.53775773195876,26.586082474226806,3.921031746031746,9.42404761904762,989.525,6.416752577319588,3.863917525773196,1.486340206185567,1284.2100515463917,13.797809278350512,43.279639175257735,68.16881443298969,16.968170103092785,1004.0399484536084,13.435695876288662,7.069716494845362,2.4082474226804127,16.42103092783505,0.0,0.0,24.16443298969072,13.448067010309275,23.18556701030928,23.577319587628867,22.780927835051543,22.48041237113402,21.341752577319586,19.92628865979381,18.76288659793814,16.57061855670103,15.052061855670102,11.048324742268042,33,22,1
전라북도,2001,4064,337,20.592268041237112,15.814506627393223,26.48556701030928,4.316726768377253,9.002109788359789,972.2278571428571,7.39263622974963,4.509057437407952,1.5990427098674522,1381.6516936671576,14.78917525773196,47.64138438880708,71.47430044182622,17.89933726067747,997.5343888070691,13.346907216494849,6.801840942562593,2.4116494845360825,16.00675257731959,0.0,0.0,24.05817378497791,13.825331369661267,24.40154639175257,24.029381443298963,24.13659793814433,24.1458762886598,23.956701030927835,22.30103092783505,,,,10.671060382916052,26,22,1
전라남도,2001,875,78,20.90662739322533,17.22901325478645,25.46435935198821,3.327686762778506,8.046664482306683,877.0864285714285,9.432695139911637,6.289101620029456,2.928718703976436,2530.181885125184,15.511634756995582,52.67304860088365,72.83843888070692,18.692120765832104,1006.031001472754,13.298674521354933,7.59941089837997,2.497422680412371,17.012680412371136,0.0,0.0,24.03460972017673,15.241752577319586,23.17835051546392,22.87242268041237,22.79175257731959,22.620876288659797,22.13556701030928,21.31546391752577,20.20721649484536,17.99458762886598,16.554123711340207,8.235346097201766,3,22,1
충청북도,2001,122,11,20.053402061855667,14.806494845360826,26.16123711340206,2.862029569892473,6.349569892473117,787.3466666666666,7.71742268041237,4.720927835051546,1.8440206185567007,1593.4103092783505,12.91639175257732,43.7298969072165,66.12546391752578,16.022268041237112,992.1826804123712,13.40103092783505,7.563092783505153,2.5598453608247422,17.03783505154639,0.0,0.0,23.895670103092783,13.302783505154638,,,,,,,,,,11.354742268041235,35,22,1
강원도,2001,26,3,19.56814432989691,14.738865979381444,25.37288659793814,2.717068965517241,7.058490695128627,1023.4811507936508,7.12458762886598,4.097113402061855,1.8582474226804124,1605.4845360824745,13.202061855670102,45.9840206185567,69.98762886597937,16.371391752577317,990.2267525773196,13.455721649484538,6.226701030927835,2.313943298969072,15.203827319587626,0.0,0.0,22.64505154639175,12.923298969072164,22.45721649484536,22.177835051546392,22.034192439862544,21.65154639175257,20.889003436426115,19.53316151202749,18.23762886597938,16.322938144329896,15.111082474226803,10.6340206185567,19,22,1
경상남도,2001,110,11,20.988015463917527,16.530219072164947,26.61088917525773,4.421796218487395,10.924753653936822,1103.400119047619,6.711469072164948,3.826095360824743,1.451868556701031,1254.4349226804125,14.48737113402062,46.5180412371134,68.38002577319587,17.535309278350514,1004.964175257732,13.328930412371134,6.160309278350515,2.4004123711340206,16.10827319587629,0.0,0.0,24.39484536082474,14.872744845360824,23.34948453608247,23.325257731958764,23.22577319587629,23.009278350515466,22.66701030927835,20.523711340206184,,,,10.080670103092784,13,22,1
제주도,2001,5,1,22.22203608247423,19.506314432989694,25.50038659793815,3.5387905604719765,9.970206489675515,1126.6333333333332,10.49291237113402,6.985438144329897,3.7076030927835046,3203.341494845361,16.722164948453607,56.58376288659794,72.04355670103094,20.027448453608248,1006.5409793814432,13.246134020618555,5.927448453608247,2.534046391752577,16.675257731958762,0.0,0.0,24.859922680412364,17.710180412371137,24.80051546391752,24.856701030927837,24.547938144329898,24.240463917525773,23.813402061855665,22.71314432989691,21.423195876288663,20.276288659793817,17.594845360824745,5.994072164948453,0,22,1
경상북도,2001,2058,157,20.001701030927837,15.210309278350516,25.77530927835052,2.527605526161082,6.18572986478542,835.0735317460317,8.006958762886597,4.440979381443299,1.8569072164948452,1604.315463917526,13.598505154639176,47.41030927835051,69.28680412371133,16.7309793814433,997.0710309278352,13.397113402061857,7.874020618556701,2.183737113402062,14.495309278350517,0.0,0.0,24.108195876288654,13.566340206185568,23.784192439862544,23.376632302405497,23.00824742268041,22.658419243986256,21.865463917525773,19.909106529209623,18.90979381443299,15.78221649484536,14.624226804123714,10.564999999999998,15,22,1
충청남도,2001,13190,1319,20.859587628865977,15.879793814432988,26.798762886597935,4.167163120567376,8.60357894736842,817.34,7.292061855670102,4.349896907216495,1.6969072164948455,1466.09793814433,14.531855670103097,46.64329896907216,68.79793814432989,17.63494845360825,1006.0874226804124,13.387938144329896,9.586288659793814,2.362577319587629,16.101340206185565,0.0,0.0,24.65072164948453,14.392680412371137,23.24639175257732,22.81494845360825,22.46288659793814,21.97680412371134,21.154123711340205,19.62835051546392,,,,10.918969072164948,30,22,1
전라남도,2002,1288,114,19.914432989690724,16.325110456553755,24.399852724594997,3.599146981627297,10.22837082864642,1299.0030952380953,9.650147275405008,6.465463917525773,2.99359351988218,2586.449926362297,15.17879234167894,56.06848306332842,75.91796759941089,18.27216494845361,1005.6939617083948,13.310751104565536,6.0958762886597935,2.375309278350516,15.883015463917529,0.0,0.0,22.27746686303387,14.6519882179676,22.33427835051546,22.06134020618557,21.929381443298965,21.83324742268041,21.724484536082475,21.14201030927835,20.14974226804124,18.06237113402062,16.72345360824742,8.074742268041238,1,21,4
충청남도,2002,17072,1692,19.44237113402062,14.872680412371135,24.997319587628866,3.951160714285714,10.361800595238096,1160.5216666666668,6.991649484536083,4.128556701030928,1.639484536082474,1416.5092783505154,14.18216494845361,52.10515463917525,73.47092783505155,17.352268041237114,1005.6989690721653,13.394948453608247,7.423402061855669,2.2693298969072164,15.502216494845358,0.0,0.0,22.88670103092784,13.376494845360824,21.372680412371132,21.237628865979385,21.00412371134021,20.82010309278351,20.3958762886598,19.20824742268041,,,,10.124639175257732,25,21,4
경상북도,2002,3817,269,18.505000000000003,13.980103092783509,23.81221649484536,2.8591709183673477,8.853162698412698,1239.4427777777778,7.710567010309278,4.466030927835052,1.862680412371134,1609.3613402061856,12.654226804123711,49.87525773195876,70.93871134020618,15.702680412371132,996.9489690721648,13.405257731958764,6.323711340206184,2.141185567010309,14.470180412371136,0.0,0.0,22.11082474226804,12.462783505154638,22.29639175257732,21.99364261168385,21.7946735395189,21.638144329896903,21.02783505154639,19.668556701030926,18.851288659793813,16.04484536082474,14.790463917525772,9.832113402061855,15,21,4
충청북도,2002,307,24,18.567835051546396,13.818659793814431,24.12340206185567,3.341723646723647,10.2719943019943,1201.8233333333333,7.952577319587627,4.76340206185567,1.9035051546391757,1644.6536082474229,12.890103092783503,48.55773195876289,71.79670103092784,15.957731958762889,991.7188659793812,13.41,6.356288659793815,1.6373655913978495,10.47951612903226,0.0,0.0,21.65216494845361,12.226082474226802,,,,,,,,,,10.304742268041236,28,21,4
강원도,2002,50,5,18.064896907216497,13.529381443298968,23.394948453608247,3.5896761294261297,11.43830341880342,1486.9794444444449,7.56262886597938,4.614948453608247,1.9024226804123712,1643.6438144329898,12.375257731958762,48.54381443298969,71.72989690721649,15.470876288659792,990.1040206185568,13.45943298969072,5.5921649484536085,2.253092783505154,14.89126288659794,0.0,0.0,20.832474226804123,11.64958762886598,21.0286941580756,20.97989690721649,20.862714776632306,20.79810996563574,20.457731958762885,19.438316151202745,18.491752577319588,16.86134020618557,15.577061855670102,9.865567010309276,17,21,4
제주도,2002,20,4,21.38518041237113,18.651288659793813,24.611855670103097,4.206766381766382,11.103276353276357,1299.0833333333337,10.5375,6.816752577319588,3.643298969072165,3147.813144329897,17.079381443298967,62.45876288659794,77.77847938144329,20.44033505154639,1006.2971649484537,13.251159793814434,5.564046391752578,2.501520618556701,15.930025773195874,0.0,0.0,23.203092783505152,16.136984536082473,23.93092783505155,23.75850515463917,23.287371134020617,23.3479381443299,23.31262886597938,22.450773195876288,21.22835051546392,20.231958762886595,17.843298969072166,5.960567010309278,0,21,4
전라북도,2002,6649,526,19.63269513991164,15.127835051546391,25.19138438880707,2.9991591080876794,8.4125283446712,1059.9785714285713,7.185493372606775,4.34941089837997,1.6683357879234166,1441.4403534609717,14.091384388807068,50.09351988217968,72.11973490427098,17.126215022091312,997.2251104565536,13.357731958762884,6.096244477172314,2.265824742268041,15.200670103092785,0.0,0.0,22.20375552282769,13.46516936671576,23.105154639175257,23.01082474226804,23.365463917525773,23.017525773195874,23.0819587628866,21.78041237113402,,,,10.063549337260676,26,21,4
경기도,2002,391,44,19.214948453608248,14.413015463917526,24.999742268041235,3.592142857142857,11.598650793650792,1217.8583333333331,6.135438144329897,3.648453608247423,1.393298969072165,1203.791237113402,13.064819587628865,45.87757731958763,69.84664948453609,16.227577319587628,1003.8636597938143,13.441752577319589,6.609793814432989,2.3240721649484537,15.748402061855668,0.0,0.0,21.77615979381444,12.727319587628868,21.78298969072165,22.176804123711342,21.492268041237114,21.468556701030927,20.7180412371134,20.062886597938142,18.932989690721648,16.60824742268041,15.114948453608248,10.58672680412371,30,21,4
경상남도,2002,218,22,20.20728092783505,15.805219072164949,25.634407216494843,4.149601840736295,13.357794117647058,1589.5775,6.968621134020619,4.060438144329898,1.4579896907216496,1259.6965206185566,14.252963917525772,49.03414948453608,70.60528350515463,17.32306701030928,1004.7275773195878,13.335115979381442,6.519909793814431,2.2639175257731963,15.212319587628864,0.0,0.0,22.98318298969072,13.84819587628866,22.241237113402068,22.356185567010307,22.378350515463914,22.187113402061858,21.721134020618557,20.615463917525773,,,,9.829188144329896,20,21,4
전라북도,2003,5332,430,19.60471281296024,15.233726067746687,25.017231222385863,5.5614027777777775,13.390369933097205,1620.234761904762,7.371502209131076,4.431222385861561,1.5908689248895436,1374.5007363770249,14.39278350515464,50.46244477172313,73.15331369661267,17.419513991163473,997.3688512518412,13.362518409425626,5.658836524300441,2.1028865979381446,13.865721649484534,0.0,0.0,21.813033873343148,13.877761413843889,22.57474226804124,22.672680412371133,22.577835051546398,22.52268041237113,22.504123711340203,21.221134020618557,,,,9.783505154639176,20,18,4
경기도,2003,84,8,19.452319587628867,14.844201030927836,25.000257731958765,5.138943894389438,14.859570957095707,1500.8166666666666,6.046649484536084,3.531701030927835,1.2596649484536082,1088.4123711340203,14.007474226804122,49.09020618556701,72.65399484536083,17.166108247422677,1004.0846649484536,13.44896907216495,5.717396907216495,2.185567010309278,14.722680412371131,0.0,0.0,21.45154639175258,13.074613402061855,21.098453608247425,21.802061855670104,21.335051546391757,21.08298969072165,20.395360824742266,19.685051546391755,19.165979381443297,16.126288659793815,14.420618556701031,10.156056701030929,25,18,4
전라남도,2003,1191,102,19.928571428571427,16.524889543446243,24.108689248895438,5.50100432900433,14.06788961038961,1547.4678571428572,9.18019145802651,6.115169366715759,2.8226804123711338,2439.420471281296,15.412444771723122,57.99042709867453,76.10316642120766,18.583726067746685,1005.99764359352,13.313696612665684,5.784609720176731,2.378015463917526,15.229896907216494,0.0,0.0,22.12091310751105,15.170397643593525,21.789432989690724,21.69252577319588,21.63221649484536,21.611082474226805,21.46572164948453,20.925515463917527,19.884536082474227,17.784793814432987,16.661082474226806,7.58379970544919,0,18,4
충청북도,2003,208,22,18.557010309278347,14.086494845360823,24.006907216494845,4.749072580645161,12.962056451612904,1607.295,7.762371134020618,4.6444329896907215,1.7590721649484535,1519.8268041237116,13.364329896907218,51.12061855670102,73.34948453608249,16.425051546391753,991.9708247422678,13.41360824742268,5.801340206185567,2.1671649484536086,13.746546391752576,0.0,0.0,20.848659793814434,12.636494845360822,,,,,,,,,,9.92041237113402,29,18,4
경상남도,2003,145,20,20.20122422680412,16.07783505154639,25.51378865979382,5.254369565217392,15.589733954451344,1792.8194047619047,7.150064432989692,4.11610824742268,1.409536082474227,1217.840850515464,14.580605670103091,51.09987113402062,71.77268041237112,17.734149484536083,1005.0560567010308,13.34201030927835,5.813208762886598,2.208865979381444,14.26876288659794,0.0,0.0,22.51018041237113,14.440463917525772,21.895360824742266,22.171649484536083,22.13144329896907,21.939175257731957,21.58917525773196,20.758762886597932,,,,9.435953608247422,16,18,4
강원도,2003,45,3,18.04948453608248,13.752113402061855,23.337577319587627,3.937244062999877,12.308667277167276,1600.1267460317458,7.386752577319587,4.541701030927835,1.8040721649484537,1558.7974226804124,13.07123711340206,51.64278350515464,74.85427835051546,16.226546391752578,990.3088144329896,13.462783505154643,5.025309278350516,2.179136597938144,14.22639175257732,0.0,0.0,20.69974226804124,12.183762886597936,20.9139175257732,20.826804123711337,20.62216494845361,20.499312714776632,20.193298969072163,19.16546391752577,18.05824742268041,16.17061855670103,14.71623711340206,9.585463917525772,13,18,4
경상북도,2003,2874,195,18.418144329896908,14.22567010309278,23.575773195876288,4.074966027178257,11.757216227018386,1634.2530555555556,7.754072164948454,4.462113402061856,1.757783505154639,1518.7505154639175,13.31835051546392,52.92164948453608,73.89479381443299,16.41757731958763,997.2183505154638,13.408556701030928,5.617319587628866,1.9511082474226804,12.824381443298968,0.0,0.0,21.35829896907217,12.946185567010309,21.62955326460481,21.49381443298969,21.26254295532646,21.214261168384883,20.792955326460483,19.368213058419244,18.21185567010309,15.671134020618556,14.472422680412372,9.350103092783504,12,18,4
충청남도,2003,9289,928,19.34979381443299,14.875670103092784,24.796288659793813,5.107507507507508,12.252807807807809,1360.0616666666665,7.03659793814433,4.151340206185567,1.5388659793814432,1329.5742268041238,14.391958762886595,52.42886597938145,74.19123711340207,17.474432989690722,1005.892474226804,13.398041237113404,6.09680412371134,2.201907216494845,15.067061855670104,0.0,0.0,21.962061855670104,13.661855670103094,21.25309278350516,20.95824742268041,20.686082474226804,20.541237113402055,20.048453608247424,18.731443298969072,,,,9.920618556701031,25,18,4
전라북도,2004,6439,511,20.22157584683358,15.39617083946981,26.03159057437408,4.623617300131062,11.26292267365662,1227.6585714285716,7.198379970544919,4.242268041237113,1.5292341678939618,1321.2650957290134,14.671796759941088,47.32400589101619,72.6082474226804,18.058836524300443,997.478055964654,13.354344624447718,6.432326951399117,2.2465979381443297,15.185103092783503,0.0,0.0,23.2679675994109,13.637628865979384,23.573195876288665,23.36494845360825,23.365463917525776,23.444845360824743,23.394845360824743,22.13865979381443,,,,10.63541973490427,31,24,5
경기도,2004,80,8,19.768814432989693,14.922422680412373,25.56430412371134,4.2119636963696365,11.146699669966996,1125.8166666666666,6.9277061855670095,4.057731958762886,1.4813144329896908,1279.9085051546392,13.786855670103094,46.074742268041234,70.81623711340205,17.140335051546394,1004.0855670103094,13.438917525773196,6.10012886597938,2.359020618556701,15.876185567010308,0.0,0.0,22.35438144329897,13.737628865979383,22.15927835051546,22.719587628865977,22.32371134020618,21.92938144329897,21.01185567010309,20.203092783505152,19.14432989690721,16.626288659793815,15.044329896907216,10.641881443298969,34,24,5
충청남도,2004,6925,779,20.147731958762886,15.278556701030928,25.874329896907213,5.091394230769232,11.977419871794872,1245.6516666666666,7.148865979381444,4.291958762886599,1.670721649484536,1443.6927835051547,14.580721649484538,47.64742268041236,72.42226804123712,17.921855670103092,1006.0365979381444,13.386494845360826,6.6215463917525765,2.362577319587629,16.151082474226804,0.0,0.0,22.736082474226805,13.928247422680412,22.189690721649484,21.90567010309278,21.7520618556701,21.351546391752574,20.598969072164948,19.1798969072165,,,,10.59577319587629,32,24,5
충청북도,2004,96,10,19.40752577319588,14.538659793814434,25.245257731958763,4.189894894894895,11.719804804804804,1300.8983333333333,8.349278350515466,4.955773195876289,1.891340206185567,1634.0329896907217,13.137731958762888,46.99690721649483,68.92072164948453,16.37103092783505,992.5562886597936,13.404020618556702,6.314226804123711,2.296580310880829,14.950569948186528,0.0,0.0,22.310515463917525,13.061855670103093,,,,,,,,,,10.706597938144329,36,24,5
제주도,2004,210,42,22.355412371134022,19.39213917525773,25.758118556701035,5.408733974358975,12.7411858974359,1325.0833333333337,10.777061855670103,6.842139175257732,3.706572164948454,3202.474226804124,17.484536082474225,59.06185567010309,74.9582474226804,21.3569587628866,1006.6289948453608,13.249484536082475,6.368170103092783,2.471082474226804,16.398762886597936,0.0,0.0,25.33737113402061,17.1875,25.32164948453608,25.139690721649487,24.82654639175258,24.64123711340206,24.126546391752573,23.21675257731959,21.701030927835053,20.534536082474222,18.348453608247425,6.365979381443299,0,24,5
전라남도,2004,1346,107,20.640500736377025,16.885640648011783,25.140868924889546,4.513249678249678,11.84059631059631,1314.3061904761903,10.283063328424154,6.8088365243004425,3.19580265095729,2761.157584683357,15.886966126656848,55.59278350515464,75.70279823269513,19.39690721649485,1006.2249631811486,13.306627393225332,6.223269513991164,2.4721907216494845,16.90659793814433,0.0,0.0,23.659867452135494,15.71723122238586,23.070876288659797,23.094072164948454,22.81443298969072,22.665463917525773,22.54974226804124,21.57422680412371,20.44046391752577,18.29716494845361,16.68505154639175,8.255228276877762,2,24,5
경상북도,2004,2231,163,19.614690721649485,14.935103092783503,25.079639175257736,3.7812210464432687,9.650814950980392,1312.5108333333333,8.37396907216495,4.793917525773196,1.9506185567010312,1685.3355670103092,13.78958762886598,49.209793814432985,71.24453608247423,17.030257731958763,997.051237113402,13.398917525773198,5.995567010309277,2.0535309278350518,13.876623711340203,0.0,0.0,22.7879381443299,13.36778350515464,22.726460481099657,22.561168384879725,22.27577319587629,21.943298969072163,21.295532646048112,19.760996563573883,18.83505154639176,16.144845360824743,14.610824742268042,10.144536082474229,23,24,5
경상남도,2004,316,29,21.19207474226804,16.601932989690724,26.845940721649484,4.310181205225453,11.73718815844922,1326.302261904762,7.498453608247423,4.265335051546392,1.5504510309278352,1339.4407216494844,15.36887886597938,48.168170103092784,71.69452319587629,18.758440721649485,1004.890399484536,13.334471649484534,5.94201030927835,2.318814432989691,15.763917525773197,0.0,0.0,23.6854381443299,14.767396907216495,23.12216494845361,23.23041237113402,23.295360824742264,23.047938144329898,22.433505154639175,21.45051546391752,,,,10.24400773195876,27,24,5
충청남도,2005,16140,1282,20.33824742268041,15.735773195876288,25.99639175257732,4.979984567901234,11.211558641975309,1210.8483333333334,6.987835051546391,4.260927835051547,1.6664948453608246,1439.6505154639176,15.268247422680412,49.86804123711341,74.4817525773196,18.729484536082477,1005.4513402061856,13.39,6.262886597938144,2.3403608247422683,15.880721649484537,0.0,0.0,22.77237113402062,14.324536082474228,22.07371134020618,21.79639175257732,21.555670103092783,21.71185567010309,20.780927835051543,19.33969072164948,,,,10.260618556701033,24,19,1
경상남도,2005,285,25,21.106507731958764,16.609536082474225,26.6875,4.619199999999999,10.35592738095238,1035.592738095238,7.446842783505154,4.345425257731959,1.5811855670103092,1366.1346649484535,15.46971649484536,48.35631443298969,72.38588917525773,18.9076675257732,1003.4086984536084,13.335567010309276,6.097873711340206,2.3860309278350518,16.08262886597938,0.0,0.0,24.24085051546392,14.91256443298969,23.42938144329897,23.557216494845363,23.57525773195876,23.04639175257732,22.360309278350517,21.052061855670104,,,,10.077963917525771,15,19,1
전라남도,2005,984,79,20.9840942562592,17.343667157584683,25.527908689248896,4.683978174603175,8.653216765873017,830.7088095238096,9.77319587628866,6.508541973490427,3.0597201767304862,2643.740058910162,16.719734904270986,57.26435935198822,77.68483063328425,20.39131075110456,1005.7519882179676,13.307216494845363,6.220471281296025,2.4604896907216496,16.79708762886598,0.0,0.0,23.89727540500736,16.223564064801177,23.201804123711337,23.16262886597938,22.93634020618557,22.810051546391755,22.59639175257732,21.664690721649485,20.829896907216494,18.64046391752577,16.89201030927835,8.184241531664213,2,19,1
전라북도,2005,8147,636,20.493151693667155,15.77039764359352,26.28770250368188,5.029438009438009,11.118229437229438,1223.0052380952382,7.369734904270987,4.345508100147276,1.6167893961708395,1397.4720176730486,15.431664212076583,48.8438880706922,74.70633284241532,18.933431516936672,996.7863033873344,13.355522827687777,6.261192930780559,2.2965463917525777,15.363453608247424,0.0,0.0,23.59837997054492,14.384536082474227,23.920103092783503,23.656185567010304,23.745876288659797,23.78247422680412,23.54948453608248,22.473711340206183,,,,10.517304860088366,26,19,1
경상북도,2005,2766,193,19.9169587628866,15.42015463917526,25.283659793814422,3.235968194295262,7.853510562119584,1044.5169047619047,8.204432989690721,4.709432989690722,1.9815979381443296,1711.8938144329895,14.619020618556702,51.50618556701031,73.57257731958762,17.96381443298969,996.2238144329896,13.401649484536083,6.115360824742267,2.15840206185567,14.740850515463915,0.0,0.0,23.46546391752577,13.949690721649484,23.11580756013745,22.94003436426117,22.51958762886597,22.16838487972508,21.632474226804124,19.804295532646048,18.23530927835052,15.750515463917528,14.890979381443302,9.863505154639176,10,19,1
경기도,2005,149,18,20.27770618556701,15.780541237113402,25.930154639175257,5.371031746031745,12.733412698412698,1337.0083333333332,6.704768041237113,3.939046391752577,1.431185567010309,1236.5399484536083,14.848969072164948,48.324742268041234,73.05773195876289,18.307216494845363,1003.4072164948452,13.441494845360824,6.103350515463918,2.350927835051546,15.947164948453608,0.0,0.0,22.774484536082475,14.570231958762887,22.14639175257732,22.4778350515464,21.760309278350515,21.495876288659797,20.62628865979381,19.859793814432987,18.918556701030926,16.487628865979378,14.436082474226804,10.149613402061854,22,19,1
충청북도,2005,273,26,19.623298969072167,14.945257731958764,25.30752577319588,5.252433628318585,11.824631268436578,1336.1833333333334,8.1340206185567,4.8516494845360825,1.8749484536082477,1619.9731958762886,14.003092783505156,49.96701030927835,71.9278350515464,17.38958762886598,991.8913402061856,13.40639175257732,6.510206185567011,2.377886597938144,15.333917525773195,0.0,0.0,22.515670103092784,13.673505154639177,,,,,,,,,,10.362268041237115,19,19,1
충청북도,2006,222,18,19.20432989690722,14.543505154639174,25.02443298969072,4.170515151515152,11.256576576576578,1249.48,7.768762886597939,4.616391752577319,1.7862886597938143,1543.3525773195877,13.924948453608248,49.674226804123705,73.30041237113402,17.01536082474227,992.1315463917524,13.409484536082475,6.161340206185568,2.2581443298969077,14.571701030927834,0.0,0.0,21.98989690721649,13.121443298969073,,,,,,,,,,10.480927835051547,19,19,3
경상북도,2006,3287,220,19.55103092783505,15.086391752577317,24.985051546391755,3.2698839137645117,8.736964726631394,1179.490238095238,8.164948453608247,4.686030927835052,1.9415463917525773,1677.4953608247424,14.537010309278353,51.19536082474227,74.62283505154639,17.613762886597936,996.5021134020616,13.404845360824742,5.97278350515464,2.0842268041237118,13.870515463917526,0.0,0.0,23.064896907216497,13.474278350515466,22.56512027491409,22.294845360824745,21.997079037800688,21.718041237113404,21.26048109965636,19.538659793814432,18.09587628865979,15.667010309278352,14.711855670103096,9.898659793814431,10,19,3
전라북도,2006,6619,481,20.418262150220915,15.677540500736376,26.4438880706922,4.886694955209808,10.743042071197412,1106.5333333333333,7.057069219440352,4.11818851251841,1.46340206185567,1264.3895434462445,15.485493372606776,48.01030927835052,75.22113402061856,18.758247422680416,996.760235640648,13.35861561119293,6.095139911634757,2.245876288659794,14.906340206185568,0.0,0.0,23.12908689248895,14.08939617083947,23.427319587628865,23.21237113402062,23.10309278350515,23.043298969072165,22.82113402061856,21.846907216494845,,,,10.76634756995582,28,19,3
경기도,2006,92,12,20.37783505154639,15.745360824742267,26.114046391752577,4.49175925925926,13.888553113553114,1263.8583333333331,6.492912371134021,3.7613402061855674,1.3795103092783505,1191.590206185567,14.373067010309276,45.1069587628866,70.55154639175257,17.50438144329897,1003.5672680412372,13.444329896907218,6.006701030927835,2.324432989690722,15.775515463917523,0.0,0.0,22.61559278350516,14.121907216494844,22.763402061855672,22.79845360824742,21.91443298969072,21.78247422680412,20.97474226804124,19.735051546391748,18.425773195876285,16.102061855670105,13.967010309278352,10.36868556701031,19,19,3
강원도,2006,34,3,19.0270618556701,14.652371134020616,24.4489175257732,3.963099816849817,11.820300799709196,1548.4594047619048,7.833144329896908,4.766237113402061,1.9118556701030929,1651.7036082474226,13.5920618556701,49.00051546391752,72.99932989690721,16.646185567010306,989.9138659793816,13.459381443298971,5.198659793814433,2.312603092783505,15.189548969072163,0.0,0.0019587628865979,21.497371134020614,13.359329896907216,21.95498281786941,21.680240549828177,21.380240549828184,20.920103092783503,20.392268041237116,19.13951890034364,18.435051546391755,16.38634020618557,15.160051546391754,9.796546391752576,11,19,3
충청남도,2006,10875,898,20.06886597938144,15.486082474226803,25.6559793814433,3.539935897435897,8.550063492063492,897.7566666666667,6.968144329896908,4.262164948453608,1.6403092783505155,1417.3948453608243,14.768556701030924,47.77835051546392,73.36381443298968,17.859896907216495,1005.4978350515464,13.394742268041236,6.310927835051546,2.353041237113402,15.827938144329895,0.0,0.0,22.63618556701031,13.990206185567008,23.08350515463918,22.67525773195876,22.294845360824745,22.46701030927835,21.07886597938144,19.487564766839377,,,,10.169896907216495,13,19,3
경상남도,2006,148,15,20.737435567010305,16.364110824742266,26.38221649484536,4.841592813051147,12.930496031746031,1396.4935714285714,7.188144329896907,4.174484536082474,1.47319587628866,1273.396262886598,15.544072164948457,49.331829896907216,74.04143041237113,18.75470360824742,1003.4009020618558,13.338917525773196,5.814819587628865,2.3630927835051545,16.0259793814433,0.0,0.0,23.16436855670103,14.554188144329895,23.10154639175258,22.9958762886598,22.92113402061856,22.66340206185567,22.34072164948454,21.26701030927835,,,,10.018105670103091,11,19,3
전라남도,2006,1482,117,20.48151693667158,16.82960235640648,25.167304860088365,4.331108058608058,11.624596371882086,1220.5826190476191,9.407142857142858,6.230559646539027,2.8208394698085417,2436.259204712813,16.500883652430044,57.09572901325479,78.98195876288659,19.881148748159056,1005.6708394698086,13.310824742268045,5.775478645066274,2.3719587628865977,16.079845360824745,0.0,0.0,22.933284241531663,15.683873343151696,22.612886597938143,22.620103092783506,22.37603092783505,22.323711340206188,21.94510309278351,21.086340206185568,20.318556701030925,18.2819587628866,16.82783505154639,8.337702503681886,0,19,3
경상북도,2007,7369,385,19.95860824742268,15.659845360824743,25.081752577319588,3.208332807736781,7.681507148113108,1159.9075793650793,8.577938144329897,4.714948453608248,1.939072164948454,1675.3536082474225,14.971907216494849,52.62731958762887,75.33577319587629,18.281752577319587,995.8062886597936,13.407474226804124,4.975773195876289,2.099381443298969,14.043376288659791,0.0,0.0,22.9860824742268,14.209742268041236,22.579896907216494,22.35412371134021,22.08230240549828,22.054295532646044,21.40446735395189,19.837972508591065,18.32396907216495,15.918298969072165,15.022680412371134,9.421907216494846,10,20,3
충청남도,2007,12426,1063,20.422474226804123,16.102886597938145,25.676907216494843,4.191575520833333,10.116041666666666,1294.8533333333332,7.616185567010309,4.6360824742268045,1.854020618556701,1601.8680412371136,15.4780412371134,50.72783505154639,75.02103092783506,18.821443298969072,1004.9176288659796,13.397216494845363,4.864845360824742,2.250824742268042,14.956340206185564,0.0,0.0,22.710103092783505,14.759793814432989,22.50309278350516,22.14381443298969,21.82371134020618,21.662886597938147,21.105670103092788,20.134536082474227,,,,9.5740206185567,14,20,3
전라남도,2007,1658,140,20.69823269513991,17.307731958762886,24.89072164948454,5.152103538663172,12.658584534731324,1379.7857142857142,10.24462444771723,6.6553019145802645,3.0720176730486006,2654.2083946980856,16.535567010309283,57.9160530191458,78.37901325478644,20.10854197349043,1005.1418262150222,13.313549337260676,5.3525773195876285,2.387963917525773,16.076237113402062,0.0,0.0,23.122901325478644,16.332695139911635,22.52139175257732,22.68943298969072,22.520360824742266,22.34175257731959,22.28067010309279,21.50618556701031,21.012886597938145,18.930154639175257,17.4729381443299,7.582989690721649,2,20,3
경상남도,2007,118,14,21.31088917525773,17.07242268041237,26.54826030927835,4.217059430071242,10.277912448443944,1305.294880952381,7.635695876288659,4.298775773195876,1.5182345360824745,1311.6765463917525,15.84561855670103,49.86146907216495,73.3541881443299,19.309987113402062,1002.8225515463918,13.341559278350514,5.221391752577318,2.405876288659794,16.563298969072164,0.0,0.0,24.05006443298969,15.218814432989692,23.938659793814438,23.64690721649485,23.40463917525773,23.394845360824743,23.02319587628866,21.976288659793813,,,,9.47583762886598,11,20,3
전라북도,2007,6501,468,20.531148748159055,16.142930780559645,25.95957290132548,5.323616071428572,12.955327380952385,1450.996666666667,7.589027982326952,4.331001472754051,1.5875552282768777,1371.5729013254786,15.59123711340206,50.40058910162002,75.29698085419734,19.047864506627395,996.2477172312224,13.361708394698084,5.042562592047128,2.1734536082474225,14.601134020618556,0.0,0.0,22.992930780559647,14.832106038291606,23.55360824742268,23.36752577319588,23.280927835051543,23.370103092783506,23.242268041237114,22.00103092783505,,,,9.816642120765833,21,20,3
경기도,2007,117,16,20.145103092783508,15.761340206185563,25.574613402061857,4.008533333333333,9.264133333333334,1158.0166666666669,6.890721649484537,3.7962628865979378,1.395103092783505,1205.3621134020618,14.817268041237114,48.88659793814433,73.44664948453608,18.081314432989693,1002.8309278350516,13.447809278350515,4.767268041237113,2.2185567010309275,14.520103092783502,0.0,0.0,22.13389175257732,14.341494845360824,21.072164948453608,21.238659793814435,20.523195876288657,20.435051546391755,21.45051546391753,20.04020618556701,19.477319587628863,16.172164948453606,14.383505154639176,9.81327319587629,20,20,3
충청북도,2007,361,26,19.52546391752577,15.0,25.028865979381447,4.052450980392158,9.739019607843137,1324.506666666667,8.03360824742268,4.587628865979381,1.7815463917525771,1539.256701030928,14.462680412371135,50.97938144329897,74.80463917525772,17.6980412371134,991.4285567010307,13.413505154639177,4.893402061855671,2.166701030927835,13.797422680412373,0.0,0.0,22.168865979381444,13.817113402061857,,,,,,,,,,10.028865979381443,19,20,3
강원도,2007,38,3,19.356494845360825,15.10752577319588,24.4419587628866,3.407049206349207,8.536150793650794,1280.422619047619,8.053092783505155,4.84680412371134,1.9527835051546396,1687.208762886598,13.934278350515465,50.158762886597934,73.29355670103094,17.161494845360824,990.0442783505156,13.46180412371134,4.7430412371134025,2.270193298969072,14.965502577319588,0.0,0.0,21.65417525773196,13.871752577319588,21.876632302405497,21.608075601374573,21.466323024054983,20.98986254295533,20.70627147766323,19.380240549828184,18.797680412371133,16.223453608247425,15.2,9.334432989690722,13,20,3
경상북도,2008,5810,329,19.94113402061856,15.169226804123712,25.510567010309277,2.984815573770492,6.639293195420244,809.9937698412698,8.164278350515463,4.618144329896906,1.995876288659794,1724.2092783505154,14.280670103092785,48.72216494845361,73.28056701030928,17.452835051546394,996.4738659793816,13.398298969072169,5.986082474226805,2.5957216494845365,17.630077319587627,0.0,0.0,23.89061855670103,13.292886597938145,23.26855670103093,23.00240549828179,22.60274914089348,22.58917525773196,21.710137457044677,20.01512027491409,18.63762886597938,16.080927835051547,14.872680412371135,10.341340206185569,21,18,1
충청북도,2008,171,13,19.530515463917528,14.598350515463917,25.4101030927835,3.439481132075472,7.25303738317757,776.075,7.710412371134021,4.489793814432989,1.8129896907216496,1566.857731958763,14.0580412371134,48.15257731958763,74.00927835051546,17.22824742268041,991.8631958762888,13.403298969072166,5.77298969072165,2.522061855670103,16.923144329896907,0.0,0.0,22.77907216494845,12.821752577319588,,,,,,,,,,10.811752577319588,33,18,1
전라남도,2008,1210,94,20.817820324005893,17.236671575846835,25.249852724594994,3.788215398308856,7.921181575433913,847.5664285714287,9.19477172312224,6.141752577319588,2.779455081001473,2401.620029455081,16.099558173784978,55.50073637702504,76.7041973490427,19.47083946980854,1005.7388070692192,13.303092783505155,5.39138438880707,2.511417525773196,16.764355670103093,0.0,0.0,23.74447717231222,15.711119293078054,22.26907216494845,22.307474226804125,22.358247422680414,22.077061855670102,22.202061855670102,21.398711340206187,20.629639175257733,18.49252577319588,17.275,8.01318114874816,2,18,1
전라북도,2008,4172,305,20.70441826215022,15.79845360824742,26.741163475699555,4.051922731356694,7.392601246105919,791.0083333333333,7.44160530191458,4.38019145802651,1.619882179675994,1398.8092783505156,15.008026509572902,45.994108983799705,73.26678939617084,18.32665684830633,996.7837260677468,13.35184094256259,5.691531664212077,2.4769072164948454,16.222731958762886,0.0,0.0,23.84690721649484,14.252356406480116,23.56443298969072,23.471134020618557,23.56907216494845,23.41443298969072,23.552061855670104,22.336597938144337,,,,10.942709867452134,31,18,1
경기도,2008,83,13,20.127319587628865,15.376159793814432,26.07796391752577,4.974131944444445,12.83058419243986,1244.5666666666666,6.810824742268042,3.79639175257732,1.4478092783505154,1250.868556701031,14.67164948453608,47.28479381443299,73.98311855670103,17.918170103092784,1003.3180412371134,13.438144329896907,5.425644329896907,2.3721134020618555,15.547422680412373,0.0,0.0,22.519201030927835,13.718943298969071,21.934536082474228,21.83814432989691,21.4860824742268,21.00412371134021,21.47268041237113,20.197938144329896,19.579896907216494,15.91082474226804,14.32164948453608,10.70180412371134,23,18,1
충청남도,2008,6190,535,20.3380412371134,15.639278350515465,26.01257731958763,3.6016828478964404,7.457291666666667,775.5583333333334,7.267835051546392,4.41958762886598,1.732061855670103,1495.8453608247423,14.948556701030927,48.09587628865979,74.25546391752576,18.202886597938143,1005.4759793814432,13.386082474226804,5.542886597938144,2.378505154639175,15.7870618556701,0.0,0.0,22.98391752577319,14.316701030927838,22.254123711340203,21.785051546391752,22.10463917525773,21.49536082474227,21.26443298969072,20.24484536082474,,,,10.373298969072168,18,18,1
강원도,2008,14,1,19.298092783505155,14.705773195876288,24.81479381443299,3.5092133726647003,9.211993177387914,1050.167222222222,7.520515463917526,4.538298969072164,1.8946907216494848,1636.6654639175256,13.470103092783503,47.22886597938144,72.57108247422681,16.61216494845361,990.5226288659794,13.451855670103097,5.543762886597938,2.43965206185567,16.23283505154639,0.0,0.0,22.135206185567007,13.108195876288658,21.695618556701024,21.53926116838488,21.41924398625429,21.132474226804128,20.58505154639175,19.36116838487973,19.182216494845363,17.037886597938147,15.502319587628865,10.1090206185567,14,18,1
경상남도,2008,63,6,21.180219072164945,16.44033505154639,27.01752577319588,3.4517003593890387,7.159680685358255,766.0858333333333,7.355476804123712,4.189819587628866,1.53125,1323.4490979381444,15.143170103092782,46.47680412371134,71.75380154639174,18.49716494845361,1003.4213273195876,13.332023195876287,5.70083762886598,2.155721649484536,14.479639175257732,0.0,0.0,24.741301546391757,14.313853092783503,24.35360824742268,24.14432989690721,24.059793814432997,23.88298969072165,23.011340206185565,21.93041237113402,,,,10.577190721649483,23,18,1
충청남도,2009,5013,448,20.03324742268041,14.982061855670104,25.771030927835053,4.600212765957447,9.607429078014183,903.0983333333334,7.462783505154639,4.586288659793815,1.7825773195876289,1539.0515463917525,14.234329896907216,45.54226804123712,72.64118556701031,17.184845360824742,1005.0769072164948,13.389484536082474,6.439793814432989,2.4839690721649483,17.13716494845361,0.0,0.0,23.23417525773196,13.424742268041236,22.34639175257732,21.8819587628866,22.129896907216494,21.411340206185567,21.156701030927834,20.14329896907217,,,,10.788969072164948,24,21,0
경기도,2009,73,11,20.02306701030928,15.009922680412371,26.0805412371134,4.914756944444444,13.709461805555556,1316.1083333333331,7.095618556701032,3.938917525773197,1.4676546391752576,1269.548969072165,14.036726804123711,45.31185567010309,71.9149054982818,16.989046391752577,1002.789819587629,13.4409793814433,6.080798969072166,2.4379896907216496,16.63226804123711,0.0,0.0,22.586082474226806,13.31791237113402,21.579381443298967,21.67577319587629,21.19896907216495,20.72061855670103,21.17989690721649,19.971649484536087,19.389690721649483,15.81701030927835,14.595360824742269,11.07061855670103,29,21,0
전라남도,2009,751,60,20.64318851251841,16.825920471281297,25.20824742268041,5.077036749482402,11.52299430641822,1060.1154761904763,9.485935198821798,6.322754050073638,2.861487481590574,2472.4558173784976,15.3789764359352,53.09646539027983,74.51514482081492,18.50709376534119,1005.5296146293568,13.306553755522827,6.185419734904271,2.576752577319588,17.691082474226803,0.0,0.0,23.26661757486499,15.2399852724595,21.98170103092784,21.64278350515464,21.963917525773194,21.662628865979386,22.355670103092784,21.288144329896905,20.78067010309278,18.569845360824743,17.290206185567012,8.382326951399115,1,21,0
경상북도,2009,5792,368,19.67731958762887,14.894536082474229,25.35685567010309,2.841923343411439,6.505287619047619,813.1609523809524,7.948092783505154,4.505051546391753,1.9444845360824743,1679.5541237113405,13.42159793814433,46.59226804123711,71.05561855670102,16.373298969072167,995.895206185567,13.401185567010309,5.9223195876288655,2.5616237113402063,17.18265463917526,0.0,0.0,23.244163802978235,12.581494845360824,22.03298969072165,21.94037800687285,21.697938144329896,21.591924398625427,20.58049828178694,19.275085910652923,18.29793814432989,16.113144329896905,14.476546391752576,10.462319587628864,23,21,0
경상남도,2009,92,9,20.858569587628867,16.101675257731962,26.699677835051546,4.281288185085355,10.864791105121297,1151.6678571428572,7.594652061855671,4.343943298969072,1.613337628865979,1392.9317010309278,14.437951030927836,45.67332474226804,70.47725515463917,17.555219072164945,1002.9711340206188,13.335180412371132,5.849033505154639,2.5464948453608245,16.87067010309278,0.0,0.0,23.86082474226804,13.79175257731959,23.038659793814432,23.034536082474222,22.917010309278357,22.68711340206185,22.50257731958763,21.98711340206185,,,,10.598002577319589,28,21,0
충청북도,2009,43,5,19.16762886597938,14.0940206185567,25.072164948453608,3.816476608187135,8.045277777777777,917.1616666666666,7.974123711340206,4.696082474226804,1.8643298969072168,1611.7164948453608,13.194742268041235,45.881443298969074,72.07659793814433,16.13144329896907,991.3060824742269,13.40577319587629,6.154123711340207,2.5530412371134017,17.18963917525773,0.0,0.0,21.808041237113404,11.939896907216497,,,,,,,,,,10.978144329896908,31,21,0
전라북도,2009,4446,373,20.25036818851252,15.11671575846834,26.336671575846832,4.954944885361552,10.086847442680776,1089.3795238095238,7.758689248895434,4.614653902798232,1.7228276877761417,1487.6347569955817,14.172238586156109,44.548600883652426,71.78070692194405,17.24440353460972,996.520765832106,13.354786450662738,6.312150220913108,2.4737628865979384,16.5519587628866,0.0,0.0,23.44727540500736,13.447864506627395,23.209278350515465,23.04845360824742,23.14329896907217,22.9819587628866,23.238659793814435,22.165463917525773,,,,11.219955817378496,36,21,0
전라북도,2010,6073,630,20.639690721649483,16.144771723122236,26.246318114874818,5.128766588602654,10.922503903200624,1332.5454761904762,7.732621502209131,4.611119293078056,1.7223122238586153,1488.4742268041236,15.276288659793812,48.66053019145802,74.33578792341679,18.91914580265096,997.8490427098674,13.357658321060384,5.349410898379971,2.4235051546391757,15.732268041237113,0.0,0.0,23.491237113402068,14.617673048600883,23.628865979381445,23.46701030927835,23.545360824742268,23.35360824742268,23.47886597938144,22.16340206185567,,,,10.101546391752578,19,13,3
경상남도,2010,130,13,21.19188144329897,16.84735824742268,26.70412371134021,4.94264515455305,12.588088972431075,1435.0421428571428,7.375358983799705,4.253884388807069,1.5929399852724595,1375.5708762886595,15.76443298969072,49.800257731958766,74.34735824742269,19.483376288659795,1004.4457474226804,13.338015463917523,5.623518041237114,2.576701030927835,17.080412371134024,0.0,0.0,24.44375,14.939175257731955,23.34896907216495,23.35618556701031,23.250515463917523,22.939690721649484,22.87164948453608,22.07061855670103,,,,9.856765463917526,14,13,3
제주도,2010,301,24,21.92835051546392,19.37912371134021,25.044329896907215,4.444078947368421,11.377119883040937,1296.9916666666668,10.132345360824742,6.627577319587629,3.4734536082474223,2996.4819587628867,17.000386597938142,59.60953608247423,75.18414948453608,20.84329896907217,1007.3355670103092,13.25077319587629,5.411340206185568,2.609432989690722,17.368788659793815,0.0,0.0,25.01146907216495,18.268170103092785,24.552835051546392,24.44768041237113,24.3840206185567,24.16159793814433,23.882989690721647,22.88505154639175,21.97061855670103,20.46546391752577,19.210309278350515,5.665206185567009,0,13,3
경상북도,2010,8440,520,20.233453608247423,15.735309278350512,25.638041237113395,3.892262212378491,7.907274114774114,1027.9456349206348,7.959484536082473,4.555670103092783,1.912938144329897,1653.093298969072,14.586237113402063,49.422164948453606,73.30762886597937,18.111030927835053,997.4444329896908,13.403453608247425,5.560206185567011,2.538376288659794,16.87090206185567,0.0,0.0,23.778298969072164,13.9730412371134,23.10979381443299,22.92989690721649,22.61082474226804,22.49054982817869,21.611340206185563,20.26082474226804,18.74896907216495,16.006443298969074,14.679381443298968,9.902731958762889,13,13,3
전라남도,2010,1453,116,20.956848306332848,17.48556701030928,25.27076583210604,5.13334386852086,11.583259587020647,1308.9083333333333,9.413181148748158,6.234020618556701,2.8760677466863043,2483.7960235640653,16.52304860088365,57.72680412371134,78.0098674521355,20.365243004418264,1006.7881443298968,13.310088365243004,5.4728276877761415,2.558376288659794,17.05360824742268,0.0,0.0,24.260751104565536,16.03519882179676,22.49381443298969,22.28118556701031,22.51417525773196,21.81005154639175,22.62860824742268,21.466237113402062,20.42860824742268,18.013144329896907,16.602577319587628,7.785198821796761,0,13,3
충청남도,2010,8149,718,20.523711340206184,16.103298969072164,25.781237113402064,5.339789915966386,11.245714285714286,1338.24,7.241752577319588,4.5218556701030925,1.7997938144329897,1556.2113402061857,15.105979381443298,49.65257731958762,74.0361855670103,18.746082474226803,1006.4180412371136,13.393298969072166,5.444020618556702,2.4032474226804124,15.956649484536085,0.0,0.0,23.37216494845361,14.82381443298969,22.031443298969076,21.70412371134021,21.7479381443299,21.73917525773196,21.168556701030926,20.11958762886598,,,,9.677938144329897,15,13,3
경기도,2010,282,49,20.328994845360825,15.935824742268045,25.796907216494848,5.467638888888889,12.414722222222222,1489.7666666666669,6.965979381443298,3.849441580756014,1.4434278350515464,1248.9420103092784,15.061855670103093,50.63831615120274,74.9036941580756,18.750300687285225,1004.2193728522336,13.443943298969073,5.054166666666667,2.3335051546391754,15.2590206185567,0.0,0.0,22.55627147766324,14.173582474226803,21.0659793814433,21.415463917525773,21.213402061855675,20.86494845360825,21.68762886597938,20.35721649484536,19.60309278350516,15.924742268041236,14.53505154639175,9.861082474226803,23,13,3
충청북도,2010,116,12,19.652474226804124,15.070824742268044,25.094948453608247,4.043253333333333,8.25832,1032.29,7.676907216494846,4.473092783505154,1.7150515463917526,1480.677319587629,14.443711340206184,50.69484536082475,75.12360824742268,17.97845360824742,992.791855670103,13.40876288659794,5.391958762886598,2.505257731958763,16.44216494845361,0.0,0.0,22.20525773195876,13.758556701030926,,,,,,,,,,10.024123711340206,21,13,3
경상북도,2011,11504,736,19.68128865979381,15.34028350515464,24.795773195876283,3.605232426303855,9.43780454042082,1217.4767857142858,8.265882016036656,4.707966781214204,2.049123711340206,1770.9018900343642,14.124604810996562,50.48533791523483,73.78675830469645,17.4902520045819,996.195916380298,13.407113402061858,5.093453608247422,2.37458762886598,15.886494845360827,0.0,0.0,22.78151202749141,13.95037227949599,22.21134020618556,22.08865979381443,22.00996563573884,21.86082474226804,21.16202749140894,20.126975945017183,17.81005154639175,15.309536082474228,14.324742268041238,9.455489690721649,10,20,3
전라남도,2011,1313,103,20.627908689248898,17.147643593519884,24.95162002945508,4.0037601887601895,9.893191763191762,1098.1442857142856,9.444035346097202,6.168188512518409,2.9476435935198824,2546.9005891016204,16.23755522827688,57.570692194403534,78.3882179675994,19.776435935198823,1005.4796023564064,13.312518409425625,5.215537555228277,2.397422680412371,15.976340206185569,0.0,0.0,23.57025036818851,15.585272459499263,22.384278350515466,22.343556701030927,22.3,21.78298969072165,22.084793814432995,21.005412371134025,20.009536082474227,17.47474226804124,16.52938144329897,7.803976435935199,1,20,3
경상남도,2011,168,15,20.810792525773195,16.60966494845361,25.88865979381443,4.930168382668382,13.189664307164309,1464.052738095238,7.564948453608248,4.317203608247423,1.7326675257731956,1496.867912371134,15.223462812960236,50.44265463917526,73.6077411634757,18.67267120765832,1003.0307805596466,13.34117268041237,5.167525773195876,2.4767525773195875,16.327886597938143,0.0,0.0,23.88040316642121,14.925257731958762,22.788659793814432,23.0639175257732,22.99639175257732,22.891752577319583,22.953092783505152,22.288144329896905,,,,9.278994845360826,15,20,3
전라북도,2011,4985,497,20.227098674521358,15.626804123711342,25.705670103092785,5.09386631716907,12.772822193097422,1392.237619047619,7.828276877761414,4.639911634756995,1.8242268041237115,1575.940353460972,14.65338733431517,47.960235640648015,73.55073637702503,18.060014727540494,996.5358615611192,13.361119293078056,5.146244477172312,2.3272680412371134,15.243350515463918,0.0,0.0,23.21494845360825,14.043740795287189,23.098453608247425,23.048969072164947,23.136082474226804,22.96701030927835,22.969072164948454,21.79226804123711,,,,10.078865979381444,20,20,3
경기도,2011,72,14,19.67222938144329,15.200644329896903,25.23157216494845,6.802102803738318,18.79805295950156,2011.3916666666669,7.069372852233677,3.901116838487973,1.405713058419244,1213.7061855670104,13.901546391752577,48.19072164948454,73.01791237113402,17.382431271477664,1002.955240549828,13.446907216494845,5.071048109965636,2.18828125,14.5917277486911,0.0,0.0,21.817182130584197,13.556701030927837,19.65,19.082474226804123,19.500515463917527,18.3578125,21.217525773195877,19.916494845360827,19.73659793814433,15.786597938144329,14.70463917525773,10.030927835051546,25,20,3
충청남도,2011,7978,655,19.96061855670103,15.591443298969072,25.141752577319583,6.271578171091445,15.467972972972971,1716.9449999999997,7.727835051546392,4.758865979381444,2.0096907216494846,1735.9628865979384,14.495128865979384,49.445360824742274,74.03296391752578,17.913969072164946,1005.0500773195876,13.39680412371134,5.050927835051547,2.214123711340206,14.670154639175257,0.0,0.0,22.44082474226804,14.517113402061856,21.45051546391752,21.32010309278351,21.150515463917525,21.257216494845363,20.44948453608248,19.47835051546392,,,,9.550309278350516,18,20,3
제주도,2011,191,15,21.91520618556701,19.43737113402062,24.96056701030928,3.4466216216216217,9.480105105105103,1052.2916666666663,10.003092783505156,6.491623711340208,3.5480670103092784,3065.157216494845,17.42946735395189,62.480670103092784,77.47830756013745,21.049355670103093,1006.040206185567,13.251288659793817,5.090592783505154,2.681185567010309,17.688350515463917,0.0,0.0,24.99072164948453,18.189304123711334,24.447422680412373,24.572164948453608,24.49716494845361,24.072422680412373,23.78659793814433,22.511082474226804,21.906185567010304,19.837113402061856,18.139690721649487,5.52319587628866,0,20,3
충청북도,2011,327,31,19.091958762886595,14.534536082474226,24.446907216494843,5.30842105263158,14.283260233918128,1628.2916666666663,7.9416752577319585,4.53930412371134,1.795386597938144,1553.0474226804126,13.6540206185567,50.34845360824743,74.0879381443299,16.97680412371134,991.5365979381442,13.412474226804123,5.092371134020619,2.3456185567010306,15.409278350515464,0.0,0.0,21.290000000000003,13.227319587628868,,,,,,,,,,9.91237113402062,19,20,3
경상남도,2012,299,23,21.076095360824745,16.697744845360827,26.508247422680416,5.473878066378068,14.44348605098605,1429.9051190476189,7.372155743740794,4.253525405007364,1.6024944771723122,1383.6261966126658,15.12596649484536,46.959407216494846,72.17216494845361,18.409278350515464,1003.0444587628866,13.330798969072166,5.990850515463917,2.412910052910053,16.03721052631579,0.0,0.0,24.65969256259205,14.757796391752576,23.325257731958764,23.587113402061853,23.37319587628866,23.048969072164947,23.124226804123712,23.076804123711337,,,,9.810502577319587,17,22,5
경상북도,2012,9743,641,20.09381443298969,15.60603092783505,25.44811855670103,3.618539806547619,8.688646763392857,1112.1467857142857,8.013087056128294,4.627485681557846,1.9892898052691868,1718.4628293241697,14.462411225658649,49.644272623138605,73.49171821305842,17.685801832760596,996.325412371134,13.396907216494846,5.915498281786941,2.5172164948453606,16.767319587628865,0.0,0.0,23.95096792668958,13.724473081328751,23.11890034364261,23.06821305841924,22.895189003436425,22.70360824742268,22.08487972508591,20.499140893470788,18.510051546391757,15.715721649484534,14.188917525773196,9.84208762886598,12,22,5
전라북도,2012,3806,386,20.701030927835053,15.912223858615608,26.446907216494843,5.208633841886268,12.935432269995378,1332.3495238095238,7.524815905743741,4.477098674521355,1.6865243004418264,1456.7400589101624,14.925920471281296,46.33946980854198,73.10553510063819,18.18696612665685,996.5756995581736,13.351325478645064,5.969587628865979,2.379845360824742,15.80963917525773,0.0,0.0,24.232952871870395,14.283063328424152,24.181443298969068,24.1,24.202577319587625,24.034020618556703,24.15103092783505,22.65154639175257,,,,10.534683357879231,25,22,5
강원도,2012,7,1,19.52876288659794,15.095309278350516,24.851752577319587,3.14857683982684,8.434203643578643,1113.314880952381,7.337319587628866,4.438298969072164,1.8684020618556705,1612.9783505154642,13.706701030927835,48.2860824742268,72.90722794959908,16.837577319587627,990.3189690721648,13.45103092783505,6.035796105383734,2.3900257731958763,15.921894329896908,0.0,0.0,22.374123711340207,13.346288659793814,22.137714776632304,22.05481099656357,21.76649484536083,21.49295532646048,20.82044673539519,19.343127147766324,18.398711340206187,16.14201030927835,14.880154639175258,9.756443298969073,10,22,5
충청북도,2012,568,44,19.60917525773196,14.867319587628868,25.204639175257736,4.042354740061161,10.724097859327218,1168.9266666666667,7.818041237113401,4.532371134020618,1.805670103092784,1561.0773195876288,14.018659793814432,48.74020618556701,73.47484536082473,17.13226804123711,991.6681443298968,13.402886597938144,6.263505154639175,2.2530412371134023,15.199845360824742,0.0,0.0,22.44255154639175,13.656288659793812,,,,,,,,,,10.337319587628864,25,22,5
충청남도,2012,5048,391,20.640412371134023,15.96958762886598,26.238453608247426,5.743796296296296,14.249166666666666,1282.425,7.398041237113401,4.459381443298969,1.734226804123711,1498.7597938144331,14.985824742268042,47.8,73.43768041237114,18.22340206185567,1005.0636082474226,13.38577319587629,6.33701030927835,2.2809278350515463,15.528298969072166,0.0,0.0,24.11368556701031,14.809690721649485,23.30309278350515,22.89690721649485,22.725257731958767,22.605154639175257,21.84870466321244,20.89119170984456,,,,10.268865979381443,17,22,5
제주도,2012,261,29,22.304123711340207,19.624097938144327,25.507345360824743,5.585916666666667,15.828712871287127,1598.7,10.173453608247424,6.507860824742267,3.3641752577319592,2907.422680412371,18.009793814432992,62.2680412371134,78.53750000000001,21.86572164948453,1005.8627577319588,13.24458762886598,5.982345360824742,2.670335051546392,17.936391752577318,0.0,0.0,25.1756443298969,18.526417525773194,22.662628865979386,24.75979381443299,24.568814432989686,24.177319587628865,23.863144329896905,22.83298969072165,21.89226804123712,19.973711340206183,18.191237113402064,5.883247422680413,0,22,5
전라남도,2012,1588,118,21.247128129602352,17.672238586156112,25.609425625920476,5.201245791245792,14.16891293891294,1402.722380952381,9.477454590083456,6.230817378497791,2.889948453608248,2497.605792832597,16.892820324005893,56.93262150220914,78.64036573392244,20.462604320078547,1005.4375429553264,13.30268777614138,6.1472017673048605,2.450154639175258,16.49458762886598,0.0,0.0,24.44450171821306,15.813512518409423,23.03556701030928,22.818556701030925,22.620876288659787,22.33118556701031,22.51778350515464,21.54201030927835,20.50489690721649,18.210309278350515,16.749484536082473,7.93718703976436,0,22,5
경기도,2012,134,19,20.832860824742266,16.005927835051544,26.749742268041235,5.319023569023569,13.880555555555556,1374.175,7.222422680412372,3.942783505154639,1.4637886597938146,1265.1817010309278,14.54896907216495,45.09020618556701,70.81018041237114,17.719845360824742,1002.9845360824744,13.436855670103093,6.280541237113402,2.3963402061855668,16.33639175257732,0.0,0.0,23.766881443298967,14.439948453608247,21.60103092783505,21.76855670103093,21.260309278350515,20.94690721649485,21.859278350515467,20.63556701030928,19.23505154639175,16.94381443298969,15.504123711340208,10.743814432989693,21,22,5
전라남도,2013,1569,139,21.58976435935199,17.858394698085423,26.162886597938147,4.339728291316527,10.535005602240895,895.4754761904762,8.739911634756995,5.816273932253315,2.741163475699558,2368.4278350515465,17.26994354442808,57.23048600883653,79.04574128620521,21.13932253313697,1006.185702012764,13.305449189985271,6.721649484536083,2.5069072164948456,17.025670103092782,0.0,0.0,24.92730731467845,15.909425625920472,23.55541237113402,23.429123711340207,23.287628865979386,23.104896907216496,23.079381443298967,21.91520618556701,20.64536082474227,18.26056701030928,16.779896907216497,8.304491899852724,1,27,3
충청남도,2013,5130,424,20.76298969072165,16.133608247422682,26.26876288659794,4.361683848797251,9.34278350515464,906.25,7.050927835051547,4.280103092783505,1.7428865979381445,1506.29793814433,16.060515463917525,52.00515463917526,77.43,19.68701030927835,1005.733298969072,13.388247422680411,6.563608247422681,2.239845360824742,14.991546391752578,0.0,0.0,23.59268041237113,14.416494845360823,22.197938144329896,21.695876288659797,21.63917525773196,21.39742268041237,21.440721649484537,20.91185567010309,,,,10.135154639175257,19,27,3
경상남도,2013,413,29,21.66146907216495,17.162628865979382,27.256829896907217,3.772700680272109,9.494051020408165,996.8753571428572,6.979123711340207,4.041688144329897,1.548389175257732,1337.1539948453608,15.714515832106036,46.529639175257735,72.30498895434462,19.262426362297493,1003.5826675257732,13.334278350515463,6.796778350515464,2.5340206185567014,17.150000000000002,0.0,0.0,25.520103092783504,15.192222017673048,23.95257731958763,24.14381443298969,24.03814432989691,23.603092783505154,23.6119170984456,22.330569948186533,,,,10.094201030927836,16,27,3
전라북도,2013,3669,304,20.99742268041237,16.301914580265095,26.7120029455081,4.716075036075036,10.715687285223368,1039.4216666666666,7.246170839469808,4.3495581737849776,1.7148011782032402,1482.9852724594991,15.639322533136964,48.326951399116346,74.809941089838,19.196170839469808,996.9252577319588,13.353681885125186,6.518262150220912,2.245257731958763,14.983092783505152,0.0,0.0,24.070839469808543,14.728276877761411,24.14329896907217,23.97010309278351,24.091237113402062,23.95,23.834020618556703,22.43556701030928,,,,10.410088365243006,29,27,3
제주도,2013,70,6,22.76172680412371,20.063402061855676,25.96546391752577,3.7057116104868912,7.41432584269663,659.875,9.7805412371134,6.258505154639176,3.400386597938144,2938.327319587629,18.41984536082474,62.37113402061856,78.11971649484535,22.39742268041237,1006.7426546391752,13.249226804123714,6.750644329896907,2.70221649484536,18.27443298969072,0.0,0.0,26.224871134020617,19.243170103092783,23.84278350515464,25.66683937823834,25.348453608247425,24.8479381443299,25.024226804123717,23.49639175257732,22.10721649484536,19.861340206185567,17.75979381443299,5.902061855670103,0,27,3
충청북도,2013,446,34,20.08525773195876,15.283711340206183,25.74103092783505,4.058457943925234,8.72481308411215,933.555,7.509896907216495,4.338556701030927,1.693711340206186,1463.0886597938145,14.968350515463916,50.06082474226804,75.45360824742268,18.3159793814433,992.0486597938144,13.40556701030928,6.118247422680413,2.172435233160622,14.58621761658031,0.0,0.0,22.97943298969072,14.06237113402062,,,,,,,,,,10.457319587628868,26,27,3
경상북도,2013,13171,840,20.68881443298969,16.099278350515466,26.221855670103093,3.2664636626000263,7.361259107468124,898.0736111111111,7.822164948453608,4.561340206185568,1.958556701030928,1693.073195876289,14.97067010309278,48.23402061855669,72.9919587628866,18.337835051546392,996.5740206185566,13.400824742268044,6.286237113402063,2.3934793814432984,15.93783505154639,0.0,0.0,24.462021764032077,14.667938144329897,23.663745704467352,23.633848797250856,23.322852233676976,23.006013745704465,22.24450171821306,20.59914089347079,18.64183848797251,15.80180412371134,14.384536082474227,10.12257731958763,14,27,3
경기도,2013,30,5,20.837435567010303,16.200773195876288,26.537886597938147,5.564690721649486,12.467942176870748,1221.8583333333331,6.82590206185567,3.848969072164949,1.455541237113402,1257.576030927835,15.03118556701031,47.44716494845361,72.61340206185567,18.46018041237113,1003.5102233676976,13.439561855670105,6.279381443298969,2.2793298969072167,15.348659793814434,0.0,0.0,23.088659793814436,14.637886597938143,21.657843137254897,21.595098039215685,20.62254901960784,19.891176470588235,20.5,18.170588235294115,15.930392156862746,13.371568627450978,12.738235294117644,10.337113402061856,24,27,3
강원도,2013,13,1,20.09572164948453,15.780644329896903,25.33577319587629,3.991476757369614,9.03387701537308,1147.302380952381,7.514324169530354,4.449352806414663,1.8326288659793817,1582.7948453608244,14.642628865979384,49.70463917525774,74.37907216494845,18.021185567010303,990.5465463917528,13.454690721649484,6.420979381443299,2.3532087628865983,15.518221649484536,0.0,0.0,22.403762886597946,13.719690721649489,22.48883161512028,22.370618556701032,22.07164948453608,21.71786941580756,21.093213058419245,19.68487972508591,18.7,16.36237113402062,14.72680412371134,9.55512886597938,11,27,3
경기도,2014,77,6,20.499097938144327,15.51610824742268,26.644974226804123,4.43343373493976,8.990019379844961,773.1416666666667,6.7547680412371145,3.948711340206186,1.503737113402062,1298.5644329896909,14.028221649484538,43.59407216494845,70.20670103092783,17.107603092783506,1003.4788659793816,13.442396907216494,6.509536082474226,1.9779896907216497,13.585,0.0,0.0,23.028994845360824,14.171520618556702,,,,,,,,,,11.128865979381445,33,17,4
경상남도,2014,147,14,20.626578608247424,16.202448453608245,26.125,4.2444675324675325,11.795957841852337,1285.7594047619048,6.640141752577319,3.8825386597938136,1.4797680412371133,1277.8795103092784,14.74057437407953,47.443943298969074,72.85300994108984,17.833339469808543,1003.3433818114872,13.337242268041235,5.916559278350515,2.3659278350515462,15.853917525773197,0.0,0.0,24.13350515463917,14.404768041237112,23.176470588235293,23.30294117647059,22.995098039215687,22.373529411764704,21.93333333333333,19.972549019607843,,,,9.922551546391754,22,17,4
경상북도,2014,17251,1059,19.803659793814436,15.15762886597938,25.29659793814433,2.859809523809524,7.946154313876087,985.3231349206349,7.74041237113402,4.605103092783504,2.0409278350515465,1763.884536082474,13.603974799541808,47.100515463917525,71.5107273768614,16.625670103092784,996.573310423826,13.40278350515464,6.08860824742268,2.42569587628866,16.262396907216495,0.0,0.0,23.529381443298963,13.084226804123713,22.67895189003436,22.6553264604811,22.320274914089342,22.10292096219931,21.03006872852234,19.75094501718213,17.964432989690724,15.33762886597938,14.29896907216495,10.138969072164947,21,17,4
강원도,2014,29,2,19.69664948453608,15.013350515463918,25.27860824742268,2.803728283964505,6.988522684664416,887.5423809523809,7.525309278350515,4.477938144329897,1.8512371134020615,1598.736597938144,13.489845360824743,46.075773195876295,71.71288659793814,16.601134020618556,990.6328350515464,13.457061855670103,6.556288659793815,2.3997164948453604,15.957255154639178,0.0,0.0,22.188865979381443,12.856030927835052,22.079725085910656,22.02242268041237,21.83883161512028,21.546735395189007,21.22465635738832,19.836340206185568,18.69896907216495,16.220103092783503,14.687886597938144,10.265257731958764,21,17,4
충청북도,2014,1326,102,19.435257731958764,14.405360824742267,25.26185567010309,3.2697321428571438,8.620015015015015,956.8216666666668,7.483608247422679,4.385360824742268,1.8128865979381443,1565.5164948453612,13.487319587628866,46.32061855670104,72.51865979381442,16.505876288659795,991.9670103092782,13.40783505154639,6.1596907216494845,2.517938144329897,16.874742268041235,0.0,0.0,22.29938144329897,13.410721649484536,,,,,,,,,,10.856494845360825,36,17,4
충청남도,2014,7726,555,20.2240206185567,15.520309278350512,25.909587628865985,3.8248109965635737,9.304948979591838,911.885,6.971443298969072,4.175360824742268,1.6251546391752578,1403.4659793814435,15.22432989690722,49.68144329896908,76.41226804123711,18.3805412371134,1005.5296907216496,13.392474226804126,6.367010309278349,2.1947938144329897,14.770567010309277,0.0,0.0,23.098556701030933,13.895051546391754,21.71960784313725,21.40882352941176,21.25294117647059,20.85392156862745,20.873529411764704,19.029411764705884,,,,10.389278350515465,21,17,4
전라남도,2014,1219,101,20.73188512518409,17.148527245949925,25.02650957290133,4.394785247432306,11.936192810457518,1217.4916666666668,8.90360824742268,5.899926362297497,2.7382179675994114,2363.78645066274,16.23740795287187,57.13917525773196,78.11056701030927,19.407965144820817,1005.7678203240058,13.309351988217967,5.956038291605302,2.401314432989691,16.041572164948455,0.0,0.0,23.544477172312224,15.351030927835051,22.357731958762884,22.23144329896907,22.12036082474227,22.05335051546392,22.160309278350518,21.43969072164948,20.42963917525773,18.51546391752577,17.170360824742268,7.8779823269514,4,17,4
전라북도,2014,4316,338,20.19256259204713,15.482106038291604,25.919513991163477,4.198866317169069,9.13342815002107,1032.077380952381,7.09837997054492,4.135493372606775,1.6282032400589104,1406.597201767305,14.94882179675994,48.43151693667158,75.61767304860088,18.09513991163476,996.1843888070692,13.35640648011782,6.008100147275404,2.357268041237113,15.344072164948454,0.0,0.0,23.060211094747174,13.75316642120766,23.802941176470597,23.505825242718444,23.446601941747574,23.016504854368936,21.26237623762376,19.48712871287129,,,,10.437407952871869,30,17,4
전라남도,2015,2342,183,20.558652430044184,16.76936671575847,25.16008836524301,2.938368007397134,8.241387755102041,865.3457142857143,8.483063328424153,5.598674521354935,2.459278350515464,2126.435198821797,16.212076583210603,56.85125184094256,79.05570692194404,19.53395925380461,1005.8040868924892,13.31244477172312,6.609425625920471,2.370618556701031,16.20311855670103,0.0,0.0,23.793078055964656,14.994035346097204,22.523711340206187,22.419072164948453,22.248711340206185,22.13221649484536,22.305670103092783,21.359536082474225,20.180412371134015,18.206701030927835,16.85438144329897,8.390721649484535,3,21,4
충청북도,2015,484,37,19.625773195876288,14.070721649484538,25.86247422680412,2.3398039215686275,4.926,517.23,7.621958762886597,4.4247422680412365,1.766701030927835,1527.663917525773,12.757757731958764,42.24639175257732,69.06105670103094,15.929819587628868,991.7638659793814,13.412577319587628,7.1665979381443305,2.5191237113402063,17.499948453608248,0.0,0.0,23.284329896907217,12.451546391752576,,,,,,,,,,11.79175257731959,42,21,4
경상남도,2015,586,49,20.573904639175257,15.890979381443302,26.3930412371134,3.5365155163188877,9.477655279503104,871.9442857142857,6.67487113402062,3.848518041237113,1.437392611683849,1242.569587628866,14.42951030927835,45.19845360824742,71.98518041237114,17.577319587628867,1003.3018041237116,13.341043814432991,6.648389175257732,2.471030927835052,16.809896907216494,0.0,0.0,24.151159793814436,13.909471649484535,,,,,,,,,,10.502061855670105,20,21,4
강원도,2015,44,3,19.782680412371136,14.64396907216495,25.625773195876288,2.9763617376775278,5.988219159008632,682.6569841269841,7.798298969072166,4.564793814432989,1.8692554410080184,1614.840950744559,12.701815578465062,42.94192439862543,68.70452462772049,16.0614833906071,990.2683734249712,13.460567010309278,7.590778923253149,2.541756872852234,17.332216494845362,0.0,0.0,23.086752577319587,12.327525773195877,22.75,22.545618556701037,22.255927835051544,21.948195876288658,21.67139175257732,20.096907216494845,18.680670103092783,16.1229381443299,14.73479381443299,10.981804123711342,29,21,4
충청남도,2015,13859,946,20.3380412371134,15.244639175257731,26.307216494845363,2.723541666666667,5.298035087719298,503.3133333333333,6.952577319587627,4.141237113402061,1.5728865979381443,1359.6381443298972,15.3405412371134,49.46082474226804,76.66688144329896,18.65600515463918,1005.447525773196,13.39639175257732,6.852371134020617,2.0790721649484536,14.279690721649484,0.0,0.0,23.789484536082472,13.558865979381444,,,,,24.1,23.8,23.0,20.8,17.5,11.06257731958763,31,21,4
경기도,2015,637,46,20.840721649484536,15.429768041237113,27.27667525773196,4.5941558441558445,7.409465020576133,600.1666666666667,7.148453608247422,4.117010309278351,1.5332474226804125,1324.2332474226805,13.227706185567012,39.199742268041234,66.01288659793815,16.490721649484534,1003.2498711340204,13.4465206185567,7.379768041237114,2.099896907216495,14.737886597938145,0.0,0.0,23.777577319587632,13.575773195876288,,,,,,,,,,11.846907216494849,39,21,4
전라북도,2015,3952,325,20.32363770250368,15.34145802650957,26.335714285714285,2.954815071659732,5.939546703296704,617.7128571428572,7.209572901325479,4.267083946980854,1.656701030927835,1431.4094256259204,14.654344624447717,46.44845360824742,73.65141138929799,17.864469808541973,996.0937407952872,13.3600147275405,6.581369661266568,2.675773195876289,18.044484536082475,0.0,0.0,23.468851251840945,13.297864506627391,,,,,,,,,,10.994256259204713,26,21,4
경상북도,2015,17043,1157,20.02376288659794,14.91458762886598,25.866391752577314,2.2316485068603718,4.692115512871816,558.3617460317462,7.991082474226804,4.714948453608248,2.068814432989691,1786.3907216494845,13.046237113402062,42.96546391752577,68.9268556701031,16.297113402061854,996.286443298969,13.406546391752578,7.16958762886598,2.3498711340206184,16.176211340206184,0.0,0.0,24.44479381443299,12.766907216494843,23.059536082474224,23.06082474226804,22.606701030927837,22.38865979381443,21.0979381443299,19.5708762886598,18.12835051546392,15.473711340206188,14.37757731958763,10.95180412371134,25,21,4
충청북도,2016,1600,99,20.45360824742268,15.612886597938145,26.085360824742267,3.5515660919540237,8.181111111111111,981.7333333333332,7.278144329896907,4.25340206185567,1.708762886597938,1477.062886597938,14.437216494845362,46.72164948453608,72.26628865979382,17.54773195876289,991.741237113402,13.402268041237113,6.068144329896908,2.407886597938144,16.391752577319586,0.0,0.0,23.681958762886605,14.24958762886598,,,,,,,,,,10.472474226804122,20,22,2
충청남도,2016,19977,1266,21.14835051546392,16.495257731958763,26.71546391752577,3.144528301886792,7.921179245283018,839.645,6.584871134020619,3.8619329896907217,1.4417525773195878,1245.198969072165,16.55523195876289,51.93608247422681,78.44311855670104,20.065463917525776,1004.001855670103,13.385051546391754,6.222164948453608,1.914587628865979,12.908298969072163,0.0,0.0,24.31355670103093,15.28332474226804,,,,,,,,,,10.22020618556701,18,22,2
경기도,2016,1897,137,21.555154639175257,16.717525773195877,27.578092783505152,3.0804659498207885,8.215591397849462,764.05,6.508505154639175,3.783118556701031,1.5060567010309278,1300.5167525773195,14.778865979381443,43.46262886597938,68.9208762886598,18.0514175257732,1003.1627577319588,13.436211340206183,6.4653350515463925,2.0359278350515466,13.793917525773194,0.0,0.0,24.467654639175255,15.307603092783506,,,,,,,,,,10.860567010309277,23,22,2
경상북도,2016,22897,1564,20.66726804123711,16.219484536082472,25.905360824742264,2.800178426601784,7.326633066852045,1003.7487301587302,7.54237113402062,4.497577319587629,1.9622164948453609,1695.2613402061857,15.010097365406644,49.22938144329897,73.9069587628866,18.27823596792669,996.3445933562429,13.39654639175258,6.266512027491409,2.1962027491408933,14.81585910652921,0.0,0.0,24.692113402061857,14.309730813287514,23.11855670103093,23.181958762886595,22.70721649484536,22.42628865979381,21.46829896907217,19.934278350515463,18.567268041237117,15.958762886597938,14.55180412371134,9.685876288659792,18,22,2
경상남도,2016,1429,123,21.66140463917526,17.459278350515465,26.961082474226803,4.008869047619047,10.190074640967495,1283.9494047619046,6.400515463917526,3.635797128129602,1.3332474226804123,1152.763346833579,16.257474226804124,49.89948453608248,74.91423969072164,19.65521907216495,1003.1321888807068,13.33021907216495,5.924871134020618,2.055360824742268,14.035257731958763,0.0,0.0,25.259536082474227,15.942801914580269,,,,,,,,,,9.50180412371134,17,22,2
전라북도,2016,7629,640,21.389396170839465,16.958321060382918,26.84145802650957,3.8694677871148464,8.468972222222222,1016.2766666666666,7.089690721649485,4.184094256259205,1.6362297496318117,1414.1583210603828,16.3860088365243,50.98821796759941,76.1641384388807,19.75346097201767,995.8685567010308,13.35044182621502,6.154123711340207,2.5635051546391754,17.224896907216493,0.0,0.0,24.390058910162,15.15559646539028,,,,,,,,,,9.883136966126658,16,22,2
강원도,2016,37,11,20.150463917525773,15.719484536082472,25.49618556701031,2.730892565359477,7.053365774533658,966.3111111111112,7.002731958762885,4.13340206185567,1.6372680412371134,1414.4778350515462,14.162038946162658,47.35154639175258,72.53020045819015,17.38528636884307,990.3926116838488,13.45061855670103,6.4003951890034365,2.4034364261168384,15.986890034364263,0.0,0.0,23.32283505154639,13.951907216494844,23.176546391752577,23.24381443298969,23.045618556701037,22.94974226804124,22.54664948453609,21.079123711340205,19.83814432989691,17.15824742268041,15.322938144329898,9.776701030927835,14,22,2
전라남도,2016,3418,247,21.50169366715759,18.07238586156112,25.678939617083948,3.647351966873706,8.6985,1043.82,8.523564064801178,5.618924889543446,2.504712812960236,2164.016936671576,18.032179675994108,63.58100147275405,82.83254786450664,21.75920471281296,1005.5256259204712,13.302135493372605,5.898527245949926,2.282998281786942,15.34808419243986,0.0,0.0,24.811119293078058,17.04922680412371,23.62963917525773,23.54432989690721,23.3590206185567,23.240463917525773,23.483247422680414,22.35515463917526,21.128092783505156,18.921649484536083,17.124226804123712,7.606553755522827,2,22,2
충청남도,2017,14935,789,20.420927835051547,15.467319587628864,26.182989690721648,4.3932465277777775,8.98126736111111,862.2016666666666,6.836082474226806,4.014432989690722,1.4790721649484535,1277.717525773196,15.211546391752576,49.94020618556702,75.99827319587628,18.84474226804124,1004.8153608247422,13.387938144329896,6.723711340206185,1.9868041237113403,13.6209793814433,0.0,0.0,23.78134020618557,14.16505154639175,,,,,,,,,,10.715670103092783,28,22,3
전라북도,2017,6196,414,20.68851251840943,15.784388807069218,26.53335787923417,4.0541654393716255,7.745432458697764,759.0523809523809,7.070692194403535,4.208100147275405,1.5513254786450663,1340.8181148748158,15.282412862052038,48.039150711831134,74.6557560137457,18.7480117820324,996.2116347569956,13.352871870397642,6.626362297496319,2.647835051546392,18.099381443298967,0.0,0.0,23.87054491899853,13.903460972017674,,,,,,,,,,10.74896907216495,28,22,3
강원도,2017,252,17,19.7560824742268,15.058917525773197,25.164793814432983,4.123291428571429,8.585549523809524,1073.1936904761906,7.202371134020617,4.177061855670103,1.6291752577319587,1406.8082474226803,13.224742268041236,46.41363115693013,70.47163802978237,16.609805269186715,990.879954180985,13.454123711340207,6.726071019473081,2.476585051546392,16.77395618556701,0.0,0.0,23.057010309278358,13.094358533791524,22.954381443298967,22.94097938144329,22.85360824742268,22.79381443298969,22.645103092783504,21.235051546391755,19.976288659793816,17.477061855670105,15.70180412371134,10.105876288659791,17,22,3
경기도,2017,911,73,20.76546391752577,15.603608247422676,27.024484536082475,5.970689655172413,11.450374531835203,1019.0833333333331,6.936726804123711,4.01069587628866,1.5204896907216496,1313.826030927835,13.620103092783506,42.42010309278351,68.02216494845361,17.160953608247425,1003.8936855670104,13.439432989690722,6.876417525773195,2.0342268041237115,14.273247422680411,0.0,0.0,24.463402061855668,13.943041237113404,,,,,,,,,,11.420876288659796,42,22,3
전라남도,2017,2189,141,21.42842415316642,17.46185567010309,26.084904270986748,4.680089635854341,9.373843137254902,796.7766666666666,8.662076583210604,5.695729013254787,2.5513991163475698,2202.9941089838,17.270103092783508,58.625184094256255,80.09197349042711,21.09646539027982,1006.3302650957288,13.305007363770253,6.680854197349043,2.335841924398625,15.79319587628866,0.0,0.0,25.225331369661266,15.896894943544428,23.727319587628863,23.56056701030928,23.37242268041237,23.230927835051546,23.44768041237113,22.451030927835053,21.246134020618555,19.040463917525773,17.346134020618557,8.623048600883653,3,22,3
충청북도,2017,399,28,19.99298969072165,14.784845360824743,25.91082474226804,4.381592920353983,8.345014619883042,951.3316666666668,7.374329896907217,4.438350515463918,1.7355670103092786,1499.5670103092784,13.55041237113402,45.63298969072165,70.94948453608248,16.94123711340206,992.3453608247422,13.405463917525775,6.655360824742267,2.549948453608247,17.267061855670104,0.0,0.0,23.57556701030928,13.2679381443299,,,,,,,,,,11.1259793814433,30,22,3
경상북도,2017,15505,1047,20.52262886597938,15.681082474226804,26.134381443298967,2.812281454248366,5.748309871393813,787.5184523809523,7.727210767468499,4.620733104238258,1.9932416953035508,1722.2839060710196,13.995114547537227,46.23247422680413,70.70210194730814,17.399776632302405,996.8184249713632,13.400412371134022,7.007290950744559,2.022139175257732,13.910017182130586,0.0,0.0,24.783608247422684,13.363631156930127,23.634278350515466,23.634536082474227,23.21159793814433,22.969072164948457,21.966752577319586,20.27835051546392,18.72603092783505,15.87139175257732,14.672938144329898,10.453298969072163,19,22,3
경상남도,2017,715,59,21.579381443298967,16.667525773195877,27.54826030927835,3.355584835876098,7.0320076282940365,724.2967857142858,6.497164948453609,3.746842783505155,1.37944587628866,1192.40206185567,15.353930412371133,45.88595360824742,71.91340206185568,18.883440721649485,1003.7053479381444,13.333247422680412,6.786275773195876,2.3346391752577325,16.139072164948455,0.0,0.0,25.827319587628867,14.623389175257731,,,,,,,,,,10.880734536082471,27,22,3
경상남도,2018,574,49,21.204445876288663,16.543298969072165,26.77042525773196,4.162717151675485,12.077072310405642,1304.3238095238094,6.579243372606775,3.776850147275405,1.423389175257732,1229.867083946981,15.848333946980851,49.74484536082474,75.01684462444771,19.380108615611192,1003.4494201030928,13.337113402061854,6.550128865979381,2.5053092783505155,17.291134020618557,0.0,0.0,24.8907676730486,14.543657952871868,,,,,,,,,,10.227126288659791,17,23,5
충청북도,2018,404,26,19.97118556701031,14.819072164948455,25.89690721649485,3.768443396226416,10.754261006289308,1139.9516666666666,7.471649484536083,4.48360824742268,1.827835051546392,1578.4773195876287,13.997293814432991,46.68479381443298,72.09154639175257,17.32270618556701,992.1872422680412,13.408041237113403,6.639690721649484,2.464690721649484,17.158144329896906,0.0,0.0,23.856701030927837,13.269278350515464,,,,,,,,,,11.07783505154639,29,23,5
경상북도,2018,8420,893,20.452474226804124,15.71,25.874793814432984,3.2714942753057503,8.874863062711423,1082.7332936507937,7.704484536082474,4.617938144329897,2.078556701030928,1795.9252577319587,14.375114547537226,47.84467353951891,71.86550973654066,17.764902634593355,996.713591065292,13.402525773195878,6.791345933562429,2.26372852233677,15.531649484536082,0.0,0.0,24.726185567010308,13.570790378006874,23.300773195876285,23.19768041237113,22.809793814432997,22.526804123711344,21.59948453608247,20.094072164948454,18.623969072164947,15.869072164948456,14.659020618556696,10.164793814432992,18,23,5
경기도,2018,360,26,20.72925257731959,15.59291237113402,26.922809278350517,4.838856589147286,13.421027131782948,1154.2083333333337,6.847680412371133,3.95090206185567,1.531701030927835,1323.125,14.181443298969072,43.521907216494846,69.89561855670104,17.619072164948452,1003.744587628866,13.44278350515464,7.25360824742268,2.50180412371134,17.388814432989694,0.0,0.0,24.124355670103093,13.703865979381444,,,,,,,,,,11.329896907216495,34,23,5
전라남도,2018,1021,77,21.394329896907216,17.719513991163474,25.80832106038292,3.5365029761904765,9.52641581632653,1066.9585714285713,8.82198085419735,5.849766813942072,2.7154393716249388,2344.9629356897394,17.034315169366717,57.88365243004419,78.36953853706432,20.64817133038783,1005.8639052528227,13.30861561119293,6.385530191458026,2.4445017182130586,16.263780068728522,0.0,0.0,24.777393225331373,15.777540500736375,23.855670103092784,23.651288659793817,23.515721649484536,23.23221649484536,23.470876288659795,22.39097938144329,21.21082474226804,19.018556701030928,17.323969072164946,8.08880706921944,1,23,5
강원도,2018,36,5,19.5090206185567,14.837113402061856,24.95005154639175,4.119618980360506,11.176431547619048,1341.1717857142858,7.394484536082476,4.286494845360825,1.7402577319587629,1503.8695876288664,13.559072164948454,47.727319587628855,72.31551546391752,16.932061855670103,990.8761855670102,13.457577319587632,6.998625429553264,2.471430412371134,17.02328608247423,0.0,0.0,22.827628865979385,12.80359679266896,22.95257731958763,22.837628865979383,22.82835051546392,22.613659793814435,22.342268041237112,21.00489690721649,19.80386597938144,17.331701030927835,15.621649484536084,10.112938144329895,13,23,5
전라북도,2018,1697,208,20.907805596465387,16.101325478645062,26.6380706921944,4.621599702380952,11.87998785228377,1164.2388095238096,7.078129602356406,4.224963181148748,1.6407952871870397,1417.2002945508102,15.889690721649488,50.55522827687776,76.07702503681885,19.40162002945508,995.8050073637702,13.356921944035344,6.879528718703976,2.715618556701031,18.532680412371136,0.0,0.0,25.14550810014727,14.053681885125188,,,,,,,,,,10.536745213549336,20,23,5
제주도,2018,438,33,22.311855670103093,19.67474226804124,25.519845360824743,4.736604361370717,12.80065789473684,1459.275,9.741323024054983,6.114003436426118,3.2844072164948463,2837.533505154639,18.583634020618558,65.76417525773196,80.91168384879725,22.634965635738837,1006.4304982817868,13.250386597938144,6.345704467353952,2.4895103092783506,16.549123711340204,0.0,0.0,24.972036082474222,18.52710481099656,24.29381443298969,23.56494845360825,24.73556701030928,24.64020618556701,24.20360824742268,23.46185567010309,21.947938144329896,20.22938144329897,18.10360824742268,5.845103092783504,0,23,5
충청남도,2018,8274,817,20.62417525773196,15.715876288659794,26.34865979381443,3.51125,10.520633333333334,1052.0633333333335,6.885463917525773,3.994536082474227,1.512680412371134,1305.7113402061857,15.090335051546392,48.01340206185567,74.0990206185567,18.57850515463917,1004.4515206185569,13.391855670103094,6.945257731958764,2.682577319587629,18.44819587628866,0.0,0.0,24.640515463917527,14.060309278350514,22.77927461139896,22.705699481865288,22.39844559585492,22.568393782383417,,,,,,10.632783505154638,20,23,5
경기도,2019,1442,173,20.973969072164948,15.892010309278351,26.969201030927834,4.4553264604811,8.516916666666667,851.6916666666667,6.8356529209622,3.8096649484536087,1.4549398625429553,1260.204467353952,14.971907216494849,46.350515463917525,72.54072164948454,18.28599656357388,1003.256529209622,13.446005154639176,6.649742268041237,2.439057591623037,16.587461139896373,0.0,0.0,23.989733676975945,13.838402061855671,,,,,,,,,,11.077190721649483,30,20,7
전라남도,2019,1337,90,21.014911634756995,17.37614138438881,25.37312223858616,3.754798701298701,11.13404974489796,1247.0135714285716,8.638033873343153,5.668031418753069,2.519096710849288,2177.168262150221,16.740279823269514,58.3438880706922,78.94358124693176,20.187800687285225,1005.4989813451152,13.3120029455081,6.3027000490918015,2.505567010309278,16.783530927835052,0.0,0.0,23.994194894452622,15.606161021109475,23.063659793814438,22.85644329896907,22.77345360824742,22.49072164948453,22.875,21.8610824742268,20.811082474226804,19.038917525773197,17.588659793814433,7.996980854197348,4,20,7
충청북도,2019,553,39,20.15716494845361,15.108659793814432,25.900206185567008,3.4336430678466074,8.429985250737463,952.5883333333333,7.402783505154639,4.389587628865979,1.7293814432989691,1494.7195876288658,14.306907216494846,48.346391752577325,72.82203608247423,17.499355670103093,991.8261597938142,13.41164948453608,6.384819587628867,2.548350515463917,17.37721649484536,0.0,0.0,23.373582474226804,13.725154639175258,,,,,,,,,,10.791546391752576,28,20,7
경상남도,2019,301,25,21.281024484536083,16.773711340206187,26.73144329896907,3.5054821428571423,11.5824950806769,1401.4819047619048,6.224291237113403,3.632023195876288,1.342203608247423,1158.632087628866,15.803773932253314,50.42590206185567,74.58298048600884,19.150147275405008,1003.0135033136964,13.340721649484536,6.495655375552283,2.492654639175257,16.988376288659797,0.0,0.0,24.718105670103093,15.070360824742268,,,,,,,,,,9.957731958762889,26,20,7
강원도,2019,57,8,20.038840206185565,15.396804123711345,25.431082474226805,2.97719089390142,7.535513486096192,1002.2232936507936,7.058711340206185,4.052577319587629,1.5950515463917525,1378.1053837342497,14.026958762886595,48.65824742268042,72.43694730813287,17.22954180985109,990.4567983963344,13.460824742268043,6.615337915234822,2.509175257731959,17.148061855670104,0.0,0.0,23.16556701030928,13.471752577319588,23.128608247422683,22.887886597938145,22.61417525773196,22.494587628865983,22.12603092783505,20.64407216494845,19.33041237113402,17.05618556701031,15.708762886597938,10.034278350515464,14,20,7
전라북도,2019,2967,367,20.65633284241532,16.06737849779087,26.205301914580264,3.5684239359460594,8.577558479532165,977.8416666666668,6.657670594010799,4.129639175257732,1.5370520373097691,1327.787432498773,15.84716494845361,52.13033873343152,77.07140402552773,19.19496809032892,995.4777614138438,13.360162002945508,6.144845360824742,2.5873711340206187,17.629587628865977,0.0,0.0,23.717673048600886,13.908247422680413,,,,,,,,,,10.137923416789397,24,20,7
충청남도,2019,8576,765,20.461082474226803,15.597061855670102,26.11298969072165,2.8890408805031447,6.951965408805031,736.9083333333333,6.518427835051547,3.853530927835052,1.4028865979381444,1212.3474226804124,15.127628865979382,49.156443298969066,74.88157216494845,18.357757731958763,1004.0993814432992,13.396288659793814,5.990257731958764,2.5847894736842103,17.708,0.0,0.0,23.79639175257732,13.858195876288658,22.44789473684211,22.09052631578948,21.84368421052632,22.03,,,,,,10.515927835051547,27,20,7
경상북도,2019,9422,835,20.61074742268041,15.994226804123713,25.942525773195875,2.79093983426704,7.743644374416433,1053.1356349206349,7.557835051546391,4.501030927835052,1.9633290378006871,1696.0728522336772,14.977724799541807,50.45269186712486,73.9137027491409,18.288611111111116,996.3859120847652,13.406056701030929,6.523807273768616,2.227852233676976,15.15895189003436,0.0,0.0,24.67278350515464,13.715481099656357,23.4451030927835,23.393298969072163,22.924226804123712,22.6430412371134,21.64381443298969,20.20927835051546,18.795618556701037,16.19896907216495,14.954381443298969,9.948298969072164,17,20,7
제주도,2019,231,16,22.193427835051544,19.55167525773196,25.34690721649484,6.061544342507646,16.912844036697248,1843.5,9.064690721649484,5.702706185567011,2.987843642611684,2581.19587628866,18.2854381443299,65.50644329896907,80.59188144329897,22.239561855670104,1006.0822164948454,13.251417525773196,6.2199742268041245,2.437371134020619,15.914664948453607,0.0,0.0,24.782731958762884,17.89574742268041,23.749484536082477,23.532474226804126,24.55425531914894,24.06494845360825,24.158762886597945,23.370103092783506,21.75103092783505,20.141752577319583,18.588144329896902,5.795231958762887,0,20,7
