,지역,년도,생산량,면적,평균 기온,최저 기온,최고 기온,1시간 최다강수량,일 강수량 평균,강수량 합계,최대 순간풍속,최대 풍속,평균 풍속,풍정합,평균 이슬점온도,최소 상대습도,평균 상대습도,평균 증기압,평균 현지기압,가조시간,평균 일조 시간,1시간 최다 일사량 평균,평균 일 합계 일사,일 최심신적설,일 최심적설,지면온도,최저 초상온도,5cm 지중온도,10cm 지중온도,20cm 지중온도,30cm 지중온도,0.5m 지중온도,1.0m 지중온도,1.5m 지중온도,3.0m 지중온도,5.0m 지중온도,평균 일교차,일교차 15이상인 날,태풍 수,영향을 준 태풍 수,한파일 수,폭염일 수
0,강원도,2001,1.9700332658353832,2.4089229622079094,-0.7120241074655209,-1.2091790092652888,-0.19598840163601608,-1.5083649218731225,-1.2426272281076498,-0.7283670123898973,-0.6946625272610228,-1.0652247566475956,0.8129696374420493,0.8131683481527402,-1.590768179434976,-1.5198620473058462,-1.782726994246151,-1.3701919168654833,-1.2514528515509924,1.3697628310105912,0.5578093071315908,0.0404385404857278,-0.09371411015568333,-0.14471492105848396,-0.15458777082319117,-0.4154603982585533,-1.4334699006335752,-0.318588261237651,-0.5551221482072837,-0.49749939332389786,-0.6873200002748379,-0.9467264616745904,-0.9268483768590197,-0.8104419867995246,0.005665476902668379,0.10499995875436793,1.452863465362609,0.6512413359458816,0.5927080816815603,-1.277822942190408,1.208974506806403,0.0
1,경상북도,2001,-0.2639150333493886,-0.25322760563406616,-0.22386931545991773,-0.7220312312976099,0.2443751460172098,-1.6492661292572848,-1.5414913195876996,-1.3349784153743978,1.3224996726809766,0.259883952474775,0.7389611721011491,0.7390099652301487,-1.2442355078856866,-1.1303227600643788,-2.205244380360723,-1.098300260200691,0.23450486163217762,0.11093644702635774,3.000999246849246,-0.6369881489647186,-0.6006148984291648,-0.14471492105848396,-0.15458777082319117,0.8521609210150126,-0.7102839223434917,1.2765761374817608,0.8333286160916553,0.4931594615717028,0.32205480627551286,-0.13006779493606105,-0.6624260816841897,0.6210100419502673,-0.6877827876525026,-0.43873426749234323,1.4983234629977442,0.07834482236942943,0.5927080816815603,-1.277822942190408,0.003092006411269562,0.0
2,전라북도,2001,-0.004864958493283306,-0.07827085431950223,0.5309918444087974,0.14946390900595385,0.9707136965187472,0.5386325217304792,-0.19366313933048265,-0.7107615015334608,-0.10258640232336934,0.5621402133348806,-0.8069380250937745,-0.806183094384203,0.1578704885846347,-0.8520804120347619,-1.0140670193779078,0.07661078172402713,0.32906258961999235,-0.9901238351729447,1.2921462151313865,0.597188790174233,0.4542264239600833,-0.14471492105848396,-0.15458777082319117,0.7643447244093707,-0.24149435629330668,2.126509292011787,1.7067129742295424,1.900192279624304,2.0165029075356093,1.8924455187366405,1.4427306320556232,,,,1.4723789560918334,1.2241378495223338,0.5927080816815603,-1.277822942190408,0.003092006411269562,0.0
3,충청북도,2001,-0.6708144241844145,-0.6614600253680486,-0.032491313539466375,-1.0433594765658127,0.7061384380726528,-1.2612979560139834,-1.4962538675498915,-1.4695415295937155,0.570565473390918,1.3798324036308083,0.49110263251605274,0.4931910542592861,-1.9712436866941059,-2.6480082947713885,-3.9402638530111607,-1.7475030575612427,-0.8178154302672442,0.18343980303215449,2.4738372567253104,1.3240039971668518,1.1823616125293681,-0.14471492105848396,-0.15458777082319117,0.671049798960243,-0.8753581417970168,,,,,,,,,,2.7812548535449233,3.1337928947771743,0.5927080816815603,-1.277822942190408,0.003092006411269562,0.0
4,경상남도,2001,-0.3977790878119912,-0.444384056144423,0.8642932093872123,0.9132532994737497,0.9427953973832475,0.7144653533706462,0.4767494640815117,-0.27936780991772486,-1.7950478651622677,-2.2589931411148347,-1.634109796158823,-1.6342846520474144,-0.14951327555402122,-1.087637854400745,-2.225592729328193,-0.25374267213651364,1.9491521381685615,-1.3851020038897457,0.385981190097522,0.3668621843341823,0.38204523955571035,-0.14471492105848396,-0.15458777082319117,0.8992910336614955,0.9180061671325773,0.5467422330483662,0.6325103089739286,0.687993680806911,0.6865391317044401,0.6116896882885968,-0.10861386016782577,,,,0.28986422938047424,-0.3035861866815387,0.5927080816815603,-1.277822942190408,-0.7204374938258105,0.0
5,전라북도,2002,-0.11706978742804985,-0.16250929013762558,-0.2803873485436944,-0.09412646849621226,-0.24436921303030398,-1.0149378373524236,-0.321635305610596,-0.2484937073509322,-1.3757484213999356,-0.7896519158419989,-0.616929768389709,-0.6167189415373261,-0.07659068277762436,0.6757230262369602,-0.3451053200730754,-0.37542379827401534,0.2641784257325682,-0.7874747034798226,0.07102207093744721,-0.43039866008291705,-0.39219250338120637,-0.14471492105848396,-0.15458777082319117,-0.7200553597979974,-0.10004637068578585,0.6383564045964459,0.5829317244236678,1.1178365172841085,0.924360240387556,1.2542439090868727,1.140102834155912,,,,-0.28678915052816795,0.4602758314203975,0.5927080816815603,0.5454122314227351,-0.7204374938258105,0.0
6,경상북도,2002,-0.5379185801344801,-0.5351023716408635,-1.8241184019519285,-1.7744274024023137,-1.8036523801839375,-1.2114548560553562,-0.21474764835441598,0.40666458856872295,-0.09690448808698669,-0.31255092680795776,0.3102706275793213,0.31097631614828036,-1.6296445668468296,0.7404776090511226,-0.678767502848916,-1.7771177553812672,0.25098087263223207,0.27590785127139617,0.3747104374528525,-1.1152527700009467,-0.8976261104085688,-0.14471492105848396,-0.15458777082319117,-0.766307757721606,-1.5357323739782698,-0.5243993693092366,-0.8385714295754363,-0.8908833830550547,-0.7890873433844195,-0.9331245518355087,-0.8958482978936584,0.3764169369564034,-0.28331965761488603,-0.15118251322725917,-0.5140238695040604,-0.6855171957325068,0.5927080816815603,0.5454122314227351,-0.7204374938258105,0.0
7,강원도,2002,1.4919883394917037,1.4509807497633527,-2.182885519758226,-2.1694703169633693,-2.062674362887374,-0.46488173165016566,0.6810967086844711,1.0341736849837684,-0.4683157255897494,0.317278478629766,0.4551456894494824,0.4555338267815373,-1.705818605125887,0.3941923595488109,-0.18512416794154365,-1.8823162342046276,-1.2352432271475557,1.4906017576868784,-0.6310313093735983,-0.5051322928288917,-0.5321016671400994,-0.14471492105848396,-0.15458777082319117,-1.7269637266499653,-2.4323468433718265,-1.8408719184454325,-1.7642887380719376,-1.6205247618834522,-1.4374719822091697,-1.1888404568102688,-0.9105942814015064,-0.09063942067472652,1.3078394565359979,1.7876134056812432,-0.37969985639121323,-0.11262068215605464,0.5927080816815603,0.5454122314227351,-0.4792609937467838,0.0
8,경상남도,2002,-0.41434624376209095,-0.5037829531956638,0.2551468532944138,0.530925780633615,0.035351342895739005,0.4909739781073438,1.8011157829868762,1.6239293839994526,-1.4826458896926504,-1.5333803268965163,-1.7218203004838313,-1.7220511346161889,0.11599403187589619,0.437636107979799,-0.7909483163351839,-0.20228989723932597,1.911791417994631,-1.2826516095337206,0.5045885690116372,-0.5461745337631555,-0.440423503781955,-0.14471492105848396,-0.15458777082319117,-0.044550455554340604,0.2002543331333096,-0.598819844796471,-0.3650709074312974,-0.14452202355331198,-0.1586102627892455,-0.11519637351199259,0.034154071067251934,,,,-0.7264180041837636,-0.3035861866815387,0.5927080816815603,0.5454122314227351,-0.7204374938258105,0.0
9,충청북도,2002,-0.6634990566220328,-0.6560601256361176,-1.5309209059735283,-1.7167945346566464,-1.299416812541186,-0.5733342353325975,0.4267574424459211,0.2445745627626962,0.5488708917610833,1.0485552263502191,0.6586689691369613,0.6596169204801993,-1.2529185588812288,0.18298112263541635,-0.3694606596513097,-1.4558866861170756,-0.8995961154250214,0.38939136501951777,0.4337089621271124,-4.204360168227377,-4.123565444626126,-0.14471492105848396,-0.15458777082319117,-1.0679509143331327,-1.623065454467034,,,,,,,,,,0.28049809921444163,1.2241378495223338,0.5927080816815603,0.5454122314227351,-0.4792609937467838,0.0
10,전라북도,2003,-0.20826086444342579,-0.2672673449370867,-0.46544446938201856,0.016456527788611244,-0.7005979272412255,2.1776741237425807,1.6826732708429042,1.8227851947467664,-0.6914393322760187,-0.21750472841970053,-1.0483133433215137,-1.0482883693692144,0.3544607773581236,1.3261596839685341,0.6000285333777953,-0.012343814339844671,0.2820643829332302,-0.7274305163114901,-0.9148054940629933,-1.4592112518604934,-1.5408920964731954,-0.14471492105848396,-0.15458777082319117,-1.260101488656211,0.5154733791844496,-0.4032736298955373,-0.15849347180521112,-0.05047213226575507,0.1204855837644804,0.5817654866426137,0.576068964980698,,,,-1.2472254250449448,-0.8764827002579909,-0.9230699632745596,0.5454122314227351,0.24426850649029624,0.0
11,충청북도,2003,-0.6668698632439145,-0.6571401055825038,-1.733189100601736,-1.3631487934563016,-1.8309419624950352,1.0906611056992273,1.3959970306114382,1.7819249507872807,0.09097058882738253,0.5017968456105146,-0.23292358030012073,-0.2326362407557601,-0.6137933810579825,1.8438349927831228,0.9211932546158471,-0.9043681905210685,-0.8559353522414677,0.42932074948652943,-0.7493538678237682,-1.292592005082581,-1.7264595273209697,-0.14471492105848396,-0.15458777082319117,-2.0049700816795855,-0.9596744019677548,,,,,,,,,,-1.1721658453171668,-0.11262068215605464,-0.9230699632745596,0.5454122314227351,0.003092006411269562,0.0
12,경상북도,2003,-0.4125891211613228,-0.4033448181817475,-2.084340699031985,-1.4487901576764897,-2.365608359333616,0.5512640538437201,1.1881653688523641,1.8953682222442254,-0.11339237012565935,-0.407201548888124,-0.48532037483536955,-0.4849267297850042,-0.6675362042652289,2.655796753851373,1.4555780583029818,-0.9266344651879909,0.2966661739499827,0.3116341426365467,-0.9771288617041193,-2.313594319667445,-2.3178575566564303,-0.14471492105848396,-0.15458777082319117,-1.727276796869593,-0.8245363225931894,-1.7233388916414596,-1.6979335617799334,-1.6806702479167226,-1.470666480390831,-1.1636315839084987,-1.1659679048783431,-0.9507918399031491,-0.9912752080394279,-1.1671987116305336,-1.9782241450938278,-1.067448204783475,-0.9230699632745596,0.5454122314227351,-0.2380844936677571,0.0
13,경상남도,2003,-0.472833324616231,-0.5351023716408635,0.06475886889285777,0.8969021854604566,-0.3663846844718103,1.5369196840849708,2.307696836278074,2.5053891590689177,-1.1834414513811924,-1.4021658674303286,-2.173463942157375,-2.173879252305591,0.5993998728113259,1.8671061709819623,0.28761864424566014,0.30740336281609143,1.9741758290870648,-1.172320415611934,-0.6977606752120717,-1.0386814249743328,-1.3733441310707726,-0.14471492105848396,-0.15458777082319117,-0.8848178804432699,1.0702008844591147,-1.4179583198145418,-0.9096841468091387,-0.6718980806250126,-0.6244251616148462,-0.35350183389272677,0.05024059853036826,,,,-1.9708568841705416,-1.258413709308959,-0.9230699632745596,0.5454122314227351,-0.7204374938258105,0.0
14,강원도,2003,1.7061062792710235,1.65617693957673,-2.366571847108856,-1.8673017299977914,-2.4382496935430185,-0.03243297202486048,1.0105795444415082,1.6982165437046322,-0.8238176032306352,0.07410693360465014,-0.09817231793414316,-0.09703222506274194,-0.8663254475116117,2.0466989592556253,1.752110287113961,-1.0754262212128385,-1.1995740618621176,1.529480368878364,-1.685273912346061,-1.060274544271837,-1.201735586585769,-0.14471492105848396,-0.15458777082319117,-2.0969083695103246,-1.6079039985097323,-2.2273451463205056,-2.158914239340683,-2.083575337753542,-1.9196657452691355,-1.530883149563736,-1.2281356308034743,-1.236150462395987,-0.3123342293535978,-0.8630909472714068,-1.4837610049871,-1.258413709308959,-0.9230699632745596,0.5454122314227351,0.9677980067273763,0.0
15,충청북도,2004,-0.656685724088442,-0.6517402058505728,-0.6546792465637684,-0.781279973839881,-0.43400329579781116,0.4637326573866231,0.9391338018790807,0.719381734658403,1.8216196807113716,2.0997812843469883,0.6740292166605488,0.6741850449788919,-1.0129506040953942,-0.21667606817075757,-1.5441282386231125,-1.0011684714551707,-0.821198540044155,0.313735689187386,0.14042526153948193,-0.4654910239110403,-0.7315835938904075,-0.14471492105848396,-0.15458777082319117,-0.7801350257551765,-0.5578958190991359,,,,,,,,,,0.4022577913728556,1.415103354047818,1.3505971041596203,1.1531572892937827,0.24426850649029624,0.0
16,강원도,2004,1.0666212315261556,1.1086271067589284,-1.2298032698440091,-0.98341821625357,-1.2779516254955303,-0.4527009438858341,0.5222410478673776,1.0737726849272418,0.9107365133467207,1.4900903091390947,1.0796793898969983,1.0808151926122094,-0.6291860623682605,0.5747969381789406,0.6888922644964955,-0.537278540677364,-1.312255592226108,1.419149174956547,-1.0062619263018897,-0.5434945366872256,-0.6148940849231301,8.321107960862857,8.439368012249423,-1.4076321026294578,-0.6447647733851303,-0.9621970630375688,-1.1520683379437349,-1.112655348930649,-1.154881977952102,-1.0406703189631892,-0.6615882417121529,0.7240885647691129,1.738415701138472,1.1628418668689318,-0.7706786802732477,-0.49455169120702275,1.3505971041596203,1.1531572892937827,0.7266215066483496,0.0
17,전라북도,2004,-0.3249481489923968,-0.38606513903956835,0.32374092424595274,0.2922544777673783,0.396875203111644,0.9073462168844635,0.6780627136253907,0.5200338102483916,-0.9145836004686001,-0.8015192050845694,-1.1779777704686474,-1.1779220410321078,0.7069512999151744,0.07840536222013336,0.3905862574529207,0.6641689122470597,0.24060321193301237,-0.7979824362343234,0.17669627572345967,-0.7281080495463871,-0.5805289805244853,-0.14471492105848396,-0.15458777082319117,-0.03502790304065898,0.2332404454019413,0.8662370329849213,0.8375853632499967,0.8349901775600518,1.1346648571569131,1.4501114107696667,1.3778818182199704,,,,0.2588613594929151,0.6512413359458816,1.3505971041596203,1.1531572892937827,0.003092006411269562,0.0
18,경상남도,2004,-0.5836396273993658,-0.5772215895499252,1.363776086464712,1.5058369079200502,1.2160184337114035,0.7430303971350526,1.0483694090190663,0.8665859216183576,-0.16813503110494651,-0.6302975962778843,-1.2400670826987157,-1.2402045556175714,1.3124625454753793,0.25488147484216234,-0.04458102426627734,1.249645252644826,1.8786429358795178,-1.2419341451102088,-0.36767410181901394,-0.35964673727832663,-0.14397023396657138,-0.14471492105848396,-0.15458777082319117,0.26173657598166705,1.4528149228714897,0.3804509636837972,0.6092233980488033,0.8154835334411463,0.7559855160581848,0.4756705898977661,0.6851557293398984,,,,-0.11290792303378608,0.8422068404713656,1.3505971041596203,1.1531572892937827,-0.7204374938258105,0.0
19,경상북도,2004,-0.3593375484645736,-0.44762399598358155,-0.5128782757814879,-0.525817863138148,-0.5712365190744895,0.07402462850212764,0.2482974393469949,0.6973988241109745,1.7673832266367815,1.340059003926906,0.8401991671429505,0.8410959763884412,-0.5046632174094897,0.37243886688467703,-0.5470218301793962,-0.48064595622676526,0.16054262308473294,0.2097091349182695,-0.17190072149473867,-1.540223734898653,-1.2948809311900387,-0.14471492105848396,-0.15458777082319117,-0.3935454828845944,-0.3854729347683393,-0.23826547217729532,-0.3179962917977119,-0.44571389762728403,-0.5663347897969325,-0.6609049962559977,-0.8187670204662676,0.314103931636525,-0.1661007877904927,-0.8866179089840095,-0.21647790508316644,0.8422068404713656,1.3505971041596203,1.1531572892937827,-0.2380844936677571,0.0
20,경상북도,2005,-0.5001583740404215,-0.50486293314205,-0.15875662479457933,-0.14339416127441015,-0.23368336425278569,-0.5729365336767824,-0.49507915414442394,-0.35513427260209385,1.5453753412914752,1.1336400940712215,1.2915809864155232,1.2864990014333701,0.23293565238590985,1.0617210472307768,0.31607051612428166,0.3019334839276949,-0.011210135076493084,0.23702924007991066,0.35583090955709085,-0.8150930974966198,-0.44670551925831364,-0.14471492105848396,-0.15458777082319117,0.3048619987354188,0.15848297488359214,0.4043168403055591,0.2907185518471368,-0.10783095485347326,-0.2721703881475777,-0.36510879695540865,-0.8216156763711949,-0.8989613962258761,-0.9106146986058159,-0.05533192847222949,-0.1950043383610455,-1.067448204783475,-0.16518094079649967,-1.277822942190408,-0.7204374938258105,0.0
21,전라북도,2005,-0.4177170503839727,-0.46058375534021595,0.7395482821789635,0.6344461948992647,0.9019989209152518,1.6643035676686446,0.7914079541581597,0.45162620285895044,-0.11147085003844619,-0.027268485712976107,-0.48676663190739344,-0.4820209583216493,1.2721013939322612,0.1141793783953672,0.8519391535252205,1.3489693341194269,0.09005672962300913,-0.803986854951181,0.38374331502366954,-0.15290410570646906,-0.16727981770780315,-0.14471492105848396,-0.15458777082319117,0.3750940846719549,1.145911471286734,1.4544154116633177,1.1801283110517888,1.3749062201367734,1.5755838823462613,1.6459789124524573,1.6513527850927965,,,,0.6325275281377332,0.6512413359458816,-0.16518094079649967,-1.277822942190408,-0.4792609937467838,0.0
22,강원도,2005,1.0439937955856513,1.1097070867053145,-0.8084365827664692,-0.5607515373124198,-0.8930834394725519,-0.050856509147847284,0.41050341766163573,0.6307691166121406,1.3582234170981056,1.8309332407788514,1.4402961101665828,1.4381505904504202,-0.6216212830918404,0.31451386897669475,-0.13856248933609394,-0.4801486945096401,-1.4634033471399623,1.4496215999444928,-0.5850531487653818,0.09648876504520988,-0.056972585428805976,-0.14471492105848396,-0.15458777082319117,-1.2131633178705667,-0.34571279006397565,-0.5385135974188827,-0.9066793841091196,-0.9953832622634544,-1.149640741397108,-1.0660605506628147,-0.9529889839865717,0.07009319117836808,0.39620161250571895,0.050975083710622544,-0.7263608936339679,-0.8764827002579909,-0.16518094079649967,-1.277822942190408,3.1383865074386166,0.0
23,경상남도,2005,-0.5875483286949521,-0.5999011684240353,1.2627752607396887,1.4021516084710737,1.1242351262981782,1.0893815406076,0.4325315331984167,-0.19368036964467014,0.039952164361219705,-0.009782214821457995,-0.8556245239408471,-0.8554973334056363,1.1954551442760137,-0.015456261027522476,-0.09472437045675847,1.2196714213624311,1.5475410454615548,-1.2485014780816919,0.16738148401996356,0.2054497890180804,0.25497907783155,-0.14471492105848396,-0.15458777082319117,0.7681276562298731,1.538194805590252,0.58677531641391,0.8789008503752139,1.026573289442116,0.6380576935706941,0.2895964632991162,0.22819780859099129,,,,-0.11919008351100598,-0.6855171957325068,-0.16518094079649967,-1.277822942190408,-0.7204374938258105,0.0
24,전라북도,2006,-0.4703948687621038,-0.49406313367818805,-0.018848654542912225,-0.03432810867618808,0.31161278766894523,1.115979772243552,0.4278432912853581,0.00387216502258006,-0.8815251903659937,-1.0345496120296669,-1.4098776113279412,-1.409904467497136,0.8726246646893903,0.12068374497268536,1.210063273128842,0.8608635470218363,0.13408662851901723,-0.7649581332917588,-0.1841538141068884,-0.5424991092018813,-0.6673613128655,-0.14471492105848396,-0.15458777082319117,-0.528113498954675,0.15234987863263785,0.07712337049101511,-0.028537485029534477,0.06517440072486537,0.2816536078307308,0.6612006401028584,0.9480699125650575,,,,0.594834565274437,0.07834482236942943,-0.9230699632745596,-0.06233282644831263,-0.7204374938258105,0.0
25,경상남도,2006,-0.5989158361325746,-0.6063810481023525,0.21135761688206012,0.550162385355134,0.1511030184659027,1.0882791227483377,1.2768930651435957,1.032375333249914,-0.37821089655383716,-0.6812729977971247,-1.4124334966707466,-1.4081432188955414,0.79633081158328,0.6738259193185774,0.6706332216202838,0.7559748701412876,1.5892471969925994,-1.2051570804696234,-0.6557496567802287,-0.26286055716468615,-0.1333486683256153,-0.14471492105848396,-0.15458777082319117,-0.6322093469809684,0.5382929174875383,-0.2831743797988969,-0.25164111550569895,-0.06301211777075996,-0.08719841472737772,0.08611189210643085,0.43129021781272975,,,,-0.5529447091879055,-1.067448204783475,-0.9230699632745596,-0.06233282644831263,-0.4792609937467838,0.0
26,경상북도,2006,-0.48186995513446723,-0.4724635347504641,-1.2485374475091244,-1.0678284377715828,-1.2447722052755557,-0.6325436082041992,-0.1902673220276311,0.19199611785822962,1.491283517761091,1.0248925708301777,0.9679684988163915,0.9689308646434753,-0.35455168428961575,1.1730179864426242,0.8303382868754733,-0.3719666453835124,0.09292038553654601,0.2717047581696263,-0.19623252684315767,-1.4581392530301232,-1.3509231218870503,-0.14471492105848396,-0.15458777082319117,-0.6012675736077442,-0.9685701541876036,-1.054324479244176,-1.2074060510023594,-1.2731207190039826,-1.2234548228800148,-0.9703031053956688,-1.1306110580583864,-1.2495448467170804,-0.9796693793439412,-0.43524879168306574,-0.5874680365376956,-1.6403447183599271,-0.9230699632745596,-0.06233282644831263,-0.4792609937467838,0.0
27,강원도,2006,1.353319092610674,1.5071397069754349,-1.8304392830340557,-1.5709041244486701,-1.6823217192612017,-0.002724989141761418,0.8020799209978381,1.1607162915172948,0.5737473453632939,1.2796437132374368,0.8744106275363857,0.874205717722733,-1.3282374481986075,0.07269597378004437,0.019150273324925967,-1.2428929172809111,-1.3453674461842124,1.491652530962283,-1.1798396547573335,-0.07663904605996051,-0.26624222598508535,-0.14471492105848396,1.5115873299765448,-1.851878744281516,-0.9971139156582448,-1.4464433983631022,-1.6418446580463084,-1.7229346435076816,-1.8982640293362174,-1.6297236943944067,-1.3804549377197768,-0.5629370591271659,0.34107392620216964,0.7114727495679929,-0.6043727592763882,-1.258413709308959,-0.9230699632745596,-0.06233282644831263,1.4501510068854297,0.0
28,충청북도,2006,-0.6731453011038009,-0.663619985260821,-1.5572706030146923,-1.533354272032275,-1.1549194558435643,0.19116977450100733,0.7294770312724792,0.352888652980302,0.6362277404572161,0.8617712859686101,0.23975312758468997,0.24033465584330052,-0.9167792362508488,0.6848291394451975,0.12331710558967282,-0.8522109615246127,-0.8607835882996409,0.38308672536687816,0.001595629685292095,-0.5820099232356112,-0.9236014178223396,-0.14471492105848396,-0.15458777082319117,-1.5006139578589608,-1.0653404674661238,,,,,,,,,,0.26039518568734854,-0.6855171957325068,-0.9230699632745596,-0.06233282644831263,0.003092006411269562,0.0
29,전라북도,2007,-0.5045691103647988,-0.5232225922306154,0.6468565320588819,0.944320416098996,0.3958468187148662,1.6467285806653733,1.3457286722968724,1.1448700623217485,0.5083743393853969,-0.026908870887445768,-0.6059581630157215,-0.6062496178826057,1.2930572421141397,0.8603747662929798,1.0942986601125506,1.3541787425845644,-0.02631615786532776,-0.7424415631036038,-1.479796291928812,-0.959966082286974,-0.824329041676159,-0.14471492105848396,-0.15458777082319117,-0.25827678584677677,1.3578624372205026,0.8747055698507233,0.7053758044493101,0.7242203055991537,0.9911860064638018,1.2493472215448038,1.1818272647633432,,,,-0.710875775990131,0.07834482236942943,-1.3020144745135895,-0.06233282644831263,-0.4792609937467838,0.0
30,경상북도,2007,-0.5757863651632795,-0.5307824518553187,-0.29781600860148405,-0.0003507685652128535,-0.6747013383403199,-0.5992291218172993,-0.5811427003006786,0.05523252635264934,2.5739877716340245,1.2919785017532053,1.142865862664466,1.143837287245704,0.42014749430490533,1.554968846010554,1.1509572301958035,0.46183075163505244,-0.10451204053743039,0.29482177022946715,-1.3430824692353531,-1.2095886670737348,-1.0122108992783818,-0.14471492105848396,-0.15458777082319117,-0.3268615261038407,0.36865479037339416,-0.5433894216749495,-0.6815725784996151,-0.8070512577345426,-0.6803316848681767,-0.6658016837980666,-0.8051940129192645,-0.732405139015765,-0.5142756486550236,0.4056222473042223,-1.1770773525993523,-0.8764827002579909,-1.3020144745135895,-0.06233282644831263,-0.4792609937467838,0.0
31,강원도,2007,2.039206520873787,1.7836145732503013,-0.876214705213428,-0.5422843967797667,-1.211265571838421,-0.29533740809366704,-0.17546957679593883,0.5552390490262774,1.4846305127279404,1.9381703817526599,1.2797117042382107,1.2808196965164271,-0.5345934310683593,0.6367690975128097,0.14958266787992616,-0.4999839118928228,-1.3632952641356921,1.516871089573024,-1.7654305286276422,-0.4181472448786568,-0.47613180227916657,-0.14471492105848396,-0.15458777082319117,-1.4363823844652912,-0.0043479679231964346,-1.1418326935239753,-1.379929509361602,-1.3160817804563238,-1.6213520313470706,-1.2444269283526563,-1.1594327530964514,0.07242264932118278,-0.1782869079207509,0.6766179914752485,-1.309116943720482,-0.3035861866815387,-1.3020144745135895,-0.06233282644831263,-0.4792609937467838,0.0
32,경상남도,2007,-0.6148016588293154,-0.6193408074589869,1.3256984895844068,1.758798260007988,0.7917864976641541,0.4543533509449827,0.36588784444968897,0.5058987656203044,0.7113994658045962,-0.08781863196202327,-1.132283527632663,-1.132434186779955,1.3506153453042713,0.6150156048486788,0.24213892772319592,1.4290738555749045,1.4203414455825956,-1.1788877485834781,-1.2233561527843135,0.02964198083697785,0.4024411253292932,-0.14471492105848396,-0.15458777082319117,0.41911958430713425,1.575324901812222,1.113364336068391,0.8661306089001464,0.6803303563316285,0.8817751933781834,0.7607666201249454,0.9958267909711634,,,,-1.228848065986592,-1.258413709308959,-1.3020144745135895,-0.06233282644831263,-0.4792609937467838,0.0
33,경상남도,2008,-0.6428797607966922,-0.6431003662794832,1.0128910312126334,0.9078670501517238,1.0770346197229224,-0.5477054268249623,-1.0993022927835843,-1.1958624387537429,-0.09997788715121235,-0.6601905786502776,-1.1008648395162388,-1.0921737761231924,0.7787344771794391,-0.43218741409915695,-0.0969256036600719,0.7953414227471912,1.5990202552555153,-1.2918458756938822,-0.6475102076446848,-1.2830971582992787,-1.1411575327405312,-0.14471492105848396,-0.15458777082319117,0.9550566665327327,0.5552141852970368,1.6260957499424806,1.5023891106284746,1.4543261283351512,1.4366911136387683,0.8010282732486301,1.0194538781825964,,,,0.5321557368767534,-0.49455169120702275,-0.16518094079649967,-1.277822942190408,-0.4792609937467838,0.0
34,전라북도,2008,-0.6102474839252836,-0.6074610280487387,0.6135658330721032,0.2993995023782266,0.9818389459021699,0.31531377729204046,-0.8922249777822909,-1.0903880517092874,-0.13213235635257672,-0.09092030983224389,-0.5745394748992999,-0.5759907894486657,0.5987890521244068,-0.9098970038331256,0.29891262283597125,0.6290448703229927,0.13825367599451455,-0.8475188906481855,-0.5763922815964521,0.8262902544938618,0.4712953212741462,-0.14471492105848396,-0.15458777082319117,0.33081701075314124,0.5864183844657248,0.6091014590600767,0.655797219899045,0.9715366863923538,1.0193576529469213,1.463169244215194,1.4241305846764023,,,,1.2692285718286005,1.0331723449968497,-0.16518094079649967,-1.277822942190408,-0.4792609937467838,0.0
35,경상북도,2008,-0.5972662924665474,-0.5675017700324494,-0.4322299255889909,-0.7021021088061192,-0.3402239877599056,-1.0835325274733323,-1.2196128658877812,-1.1300622298075975,1.5513051936036306,0.8282911457115272,1.3991027190806096,1.3995879079538809,-0.3137676568863205,0.04816005763561135,0.26004726564835984,-0.3199199189908615,0.10155131126651977,0.19604908233749455,-0.20778809995176895,1.3808199351765964,1.4371138717154883,-0.14471492105848396,-0.15458777082319117,0.4258636386216191,-0.7888759593466728,0.2857573241845183,0.06310777732094822,-0.2532018979300399,0.014787313238652362,-0.4262267118323553,-0.6818639690354416,-0.23448346099255957,-0.24908246296320072,0.09454353132654054,0.44840311560550145,0.07834482236942943,-0.16518094079649967,-1.277822942190408,-0.4792609937467838,0.0
36,강원도,2008,1.8487918063823805,1.8743328887467419,-1.1913448969948917,-1.2490372542482637,-1.0553811951836556,-0.4838833985430284,-0.19173075762164554,-0.2939637967784585,-0.04396970891018767,0.4081531450418436,0.8426428428853396,0.8407443041266776,-1.12839571392246,-0.4885947264724335,-0.06406380356737161,-1.089128544084789,-1.1885456567627066,1.397082936172202,-0.7590377635978877,0.526360296024619,0.4783729209473472,-0.14471492105848396,-0.15458777082319117,-1.0438966857917207,-1.0469301280893974,-1.55268504267936,-1.6040347274044364,-1.4191883279419393,-1.4911946568979135,-1.292849727379787,-1.1229867143128553,0.7893133927674794,1.2544526445367865,1.3963687460902703,0.012078515187926287,-0.49455169120702275,-0.16518094079649967,-1.277822942190408,0.24426850649029624,0.0
37,경상남도,2009,-0.5478158421306436,-0.5675017700324494,0.7442535852220258,0.6503850959542294,0.8342424125905924,0.344017036245859,0.4003216052748942,0.09998031309554263,0.15439108245859817,-0.28511231561981665,-0.7508955635527792,-0.7582114465098874,0.06082047867506716,-0.730665569258202,-0.7979251063185278,-0.06077750024019521,1.5496721382343495,-1.2537553444589575,-0.6454757757593644,0.8700890638490814,0.6179721168373429,-0.14471492105848396,-0.15458777082319117,0.4495134847960168,-0.027167506226280624,0.10252898108837208,0.261422115521991,0.2595441760524816,0.2298963968500988,0.3548856305267089,1.073745908370588,,,,0.4906078119024338,1.6060688585733018,0.21376357044253033,-1.8855680000614556,-0.7204374938258105,0.0
38,전라북도,2009,-0.5594702267275752,-0.5459021711047255,0.06633636933503628,-0.5034814169700795,0.529256321825301,1.5190760667064864,0.38243776708235205,-0.07557266745529038,0.39597574503653776,0.6995130766883205,-0.09976818780672202,-0.10463446697749161,-0.23624981309605186,-1.2864275579199593,-0.28997322260344954,-0.35908519899698477,0.1399090784162817,-0.8159956923848658,0.15542193086555067,0.5904505118118908,0.58056932732348,-0.14471492105848396,-0.15458777082319117,0.08960386058265744,-0.35045350770660255,0.24957357575796893,0.21935543772176033,0.5354238571626498,0.6242994476138317,1.218334867111693,1.3416871314279708,,,,1.6711236693710467,1.98799986762427,0.21376357044253033,-1.8855680000614556,-0.7204374938258105,0.0
39,강원도,2009,1.1548359580136998,1.2857438179662646,-1.5046473641261018,-1.6908635914920431,-1.2119199982727522,-0.4897793524759553,0.05840546554246433,0.05081210726724108,-0.2907094173135028,-0.0014121797571845273,0.17586846174797077,0.17602713845992227,-1.6594432191269766,-0.9006463491453889,-0.36668486727291466,-1.7811511004201905,-1.2882142018825018,1.4433169602918228,-0.5152314464612214,0.6782778445574162,0.5530338483029156,-0.14471492105848396,-0.15458777082319117,-1.1031191356713475,-1.8278998186249316,-1.6910044781539046,-1.6646307751880898,-1.5815114736456493,-1.5606410412516583,-1.1534754912286498,-1.0265513335314098,0.5022076766675337,1.192941752450707,1.03562199983044,0.39471919880019574,-0.3035861866815387,0.21376357044253033,-1.8855680000614556,0.48544500656932293,0.0
40,경상북도,2009,-0.6746155465452599,-0.6603800454216624,-0.7127095042093637,-0.8896205316314579,-0.5364864754121583,-1.1967700230285103,-1.1728572468078478,-1.0329643535686384,0.7857757231588762,0.15793314943628708,0.9225859493148979,0.9198867318625008,-1.0676143569536787,-0.4807533512097839,-0.5523047898673236,-1.2230024485958195,0.02017020600363227,0.23597846680441495,-0.45745358091815447,1.0217003270017777,0.9483978650841006,-0.14471492105848396,-0.15458777082319117,-0.12916927760211938,-1.4914083216132847,-1.345847445290711,-1.2477199505609067,-1.2445574186870225,-0.960737840560654,-1.389695325434064,-1.2284707667922885,-0.5646841527342668,-0.03321404922719885,-0.8691905299376423,0.38421085763830765,0.6512413359458816,0.21376357044253033,-1.8855680000614556,-0.7204374938258105,0.0
41,강원도,2010,1.1234587687142685,1.5190194863856832,-0.5322978501904418,-0.27258719858410985,-0.7546068059706692,0.09789344373713042,-0.26376655030178253,0.2495277171029103,-0.5219736574875394,-0.3737214086310447,0.04600455086676516,0.05334202562423645,-0.598203357679628,0.004147177129110377,-0.07949482141290064,-0.3099746846483156,-1.0077357543169183,1.474840158555173,-1.494037315126047,0.12520301943018985,-0.044439551262972984,2.6772260395819223,1.6431274695133697,-0.7980843850138444,0.05730346267870734,-1.0394403841467343,-1.1993933504689902,-1.18208971311578,-1.3706462161329165,-1.071319955800595,-1.2529356939757699,-1.012522480687307,-0.6825601647395457,-0.9929249211668565,-0.9124270648591603,0.07834482236942943,-2.43884800823068,-0.06233282644831263,1.6913275069644562,0.0
42,경상북도,2010,-0.6719619328216508,-0.65822008552889,0.2607061824389427,0.3175148878531134,0.14817446017232302,0.10084098804104444,-0.6787337648029423,-0.5689348799229081,1.0889213437997631,0.6070201435613436,0.8405482636775762,0.8420661067657107,0.16906260301719955,0.06966060271062707,0.061324409138700985,0.42409411243528533,0.330776977645373,0.24858774610981588,-0.49277131844729777,1.0569231457140202,1.004646701027043,-0.14471492105848396,-0.15458777082319117,0.5427431872827221,0.31860651484085656,0.2642010485261513,0.14523795778804333,-0.08414431556623955,0.08663593101343979,-0.3386304124686583,-0.4544742006246361,0.10387033424896538,-0.44406038504734197,-0.3132571383584903,-0.2127086087968365,-0.3035861866815387,-2.43884800823068,-0.06233282644831263,-0.2380844936677571,0.0
43,경상남도,2010,-0.5424010357486846,-0.5729016697643804,1.3122761366840867,1.6454946581982606,1.0924954442337016,1.2205927187561811,1.1680018927260885,1.0726956485476584,-0.10594389709941907,-0.4377238572051963,-0.8630428253016678,-0.8650470543069015,1.5537954495654467,0.7655194203737948,0.9635091647715399,1.799326642452557,1.8590135735421864,-1.2209186796012985,-0.6285899911112148,1.081732261502644,0.8871068851403925,-0.14471492105848396,-0.15458777082319117,0.9563611257811778,1.5636250537839442,0.5636793067799434,0.6332614996489245,0.5632904916182199,0.38647833893071576,0.6122337646821576,1.0360431096289295,,,,-0.5358115442500373,-0.6855171957325068,-2.43884800823068,-0.06233282644831263,-0.7204374938258105,0.0
44,전라북도,2010,-0.6621722497602283,-0.647420286065028,0.8922938422359868,1.0960147847600956,0.8526364698694844,1.4748127581524992,0.464334356946762,0.7668311393707247,0.6718068543301455,1.0116587452505779,0.028400111334864284,0.03229828085725356,1.1278537394067785,0.059614969885664185,0.722785925964872,1.3278949089649814,0.40268042835327617,-0.7829713894422707,-0.9714208271001649,0.49979003930038157,0.10197893774280731,-0.14471492105848396,-0.15458777082319117,0.23085816205764634,1.3426125762721937,1.074101119690638,0.996086595675836,1.220246398908334,1.2132834054819093,1.5322669461977276,1.324595195998424,,,,-0.13879124006491392,-0.11262068215605464,-2.43884800823068,-0.06233282644831263,-0.4792609937467838,0.0
45,경상북도,2011,-0.6737907747122462,-0.6614600253680486,-0.4176081283869325,-0.011315633256479938,-0.8761992374671222,-0.38022865434493747,-0.23658954737616836,0.21107246886216657,1.8353756524707296,1.2961460380091017,1.7478501571728766,1.7511496826440263,-0.0993006826757707,1.0077307895979586,0.7127733647555954,0.005780366693930336,-0.032417468017344346,0.2916694504031017,-1.5019309108410857,0.15139041942929152,0.1034254544643394,-0.14471492105848396,-0.15458777082319117,-0.3528811399129208,0.533282073483512,-0.8592915090017738,-0.8716238192756101,-0.690940280836318,-0.5215658942229731,-0.6576405378946175,-0.39884162648139654,-1.5564509570308094,-1.5437126539444808,-1.114916574491437,-1.5124876115329127,-1.6403447183599271,0.5927080816815603,-0.06233282644831263,-0.2380844936677571,0.0
46,강원도,2011,1.9453976897797154,2.2123666119656216,-1.3750312243455214,-0.8274478251715159,-1.686051949936826,0.901602573199688,1.4453734877980766,1.9328115979093876,-0.2652544415345027,0.11413206368642612,0.5975770755772594,0.5938582497408167,-1.1456960352241796,0.5102953029538935,0.3924495773751394,-0.974924103051234,-1.3497228670386858,1.5095156766448887,-1.9046670468588962,-0.6155481723572659,-0.7129059250691213,-0.14471492105848396,-0.15458777082319117,-1.6422782322406033,-0.6915641654982456,-2.204120825521903,-2.2170063182076354,-2.0649975814498247,-2.0605239776847477,-1.6941060676327335,-1.4654119108843158,-0.4965475020574056,0.562164962851135,0.12591281361000756,-1.7144876261503224,-1.8313102228854112,0.5927080816815603,-0.06233282644831263,4.103092507754723,0.0
47,전라북도,2011,-0.6819667737525552,-0.6700998649391381,0.489432867242283,0.6508247897764373,0.22335870852650594,1.44554119855671,1.2305842148911463,0.9894620063227464,1.0825575998550114,1.2126834327232818,0.793420231502945,0.7934868281238446,0.6057430107139097,0.04805165152598972,0.42060404292749687,0.6344121396507174,0.013908218221942208,-0.7499470864995844,-1.4807263179335295,-0.15994866944891667,-0.4321163648954498,-0.14471492105848396,-0.15458777082319117,-0.01117493392614447,0.8657781560405801,0.43511151981751,0.5183293263733297,0.8266301872233832,0.8562241651725591,1.0763309283916656,1.078772948202806,,,,-0.5762580514783445,-0.49455169120702275,0.5927080816815603,-0.06233282644831263,1.4501510068854297,0.0
48,경상남도,2011,-0.6558609522554284,-0.6441803462258694,0.9496346233952099,1.5743192207286456,0.23454238884157141,1.2935436855809734,1.355338086686813,1.0562739467972786,0.4684201515504485,-0.061072279313039636,0.1139911009853528,0.11226835107118713,1.1572318651370952,1.1885742631733702,0.772007205946712,1.1809856437263997,1.4489565986518032,-1.1841416149606523,-1.4458212794439806,0.624448189003707,0.365575613454855,-0.14471492105848396,-0.15458777082319117,0.4866812558107744,1.7212345768095143,-0.022959337922853307,0.4710043138480789,0.4971072347862411,0.5646803818007031,0.8527155306371473,1.3919575297501872,,,,-1.9275956427024372,-1.449379213834443,0.5927080816815603,-0.06233282644831263,-0.7204374938258105,0.0
49,강원도,2012,1.8047561624284356,1.9769309836534306,-0.539989524760268,-0.25912157527904744,-0.7513346737990672,-0.8139586852592305,-0.4507520140063052,-0.05301456644742006,-0.5999295208107444,-0.023312722632116836,0.6646036102256231,0.6561689154309814,-0.4967037539969091,0.25254170964282574,0.24921935392138667,-0.6230838125327676,-1.2262793181717542,1.3886767499686012,-0.29417459876217367,0.20667493053850663,0.1519457582093899,-0.14471492105848396,-0.15458777082319117,-0.6768740316478853,-0.08069672827963209,-0.7832029883743169,-0.7213856842748229,-0.8318990067907583,-0.8860502196519041,-0.9837236564368981,-1.079335251769722,-0.47325292062941376,-0.27983790900624034,-0.07450204542323038,-0.9267047023073783,-1.067448204783475,-0.16518094079649967,1.1531572892937827,2.4148570072015363,0.0
50,경상남도,2012,-0.6746872658350872,-0.6657799451535934,1.3491162116657889,1.8280500370054447,0.8541206155330291,1.7287364314192386,1.7568902537307172,1.1098258994403385,-0.18262391240772824,-0.5517217568990217,-0.7719660329641861,-0.7751338695491361,1.1526976961919138,-0.0356920681569506,0.12379466126767931,0.9691758313595887,1.5158576896278524,-1.3128613412027925,-0.48455221363060813,0.20438736160583676,0.07791354901457231,-0.14471492105848396,-0.15458777082319117,1.1560365664546046,1.78824279733511,0.5713779766579323,1.0246318413259856,0.8384735068669981,0.6662293400538173,0.9827497886987784,2.1520459523820197,,,,-1.2228514582583434,-0.6855171957325068,-0.16518094079649967,1.1531572892937827,-0.7204374938258105,0.0
51,경상북도,2012,-0.6595186360366192,-0.6495802459578004,0.15903899876851346,0.41000448335416717,-0.17776262544022206,-0.3105759111592318,-0.33438633733954454,-0.09455522207467709,1.0196272430680258,0.6853642311637526,1.236152214417541,1.2329109755844083,0.40184584473181495,0.8871591054517886,0.708153676842672,0.2533430334207565,0.0747395003182361,0.17293207027768412,-0.45552765206672025,0.880043338702543,0.7668806810566134,-0.14471492105848396,-0.15458777082319117,0.6711947388767309,0.36794141120986784,0.30936657847702104,0.36633841313087195,0.3275852085148447,0.37555909610779686,0.11549201735884693,-0.17597619391958919,-0.29970828899090574,-1.0197094883433648,-1.7274889479712925,-0.9188805569857603,-1.258413709308959,-0.16518094079649967,1.1531572892937827,-0.4792609937467838,0.0
52,전라북도,2012,-0.6469677603168467,-0.6269006670836903,1.0342688820325736,0.9771875293088997,1.001752207403587,1.6646719918349575,1.3465733394248804,0.7072333397692434,0.1217975562480584,0.3219175098791362,-0.22494423093722518,-0.22777172986401306,0.819342306307662,-0.6807987588321156,0.1423070502736638,0.6782185290166877,0.09331045162433524,-0.8565255187234111,-0.3970135159365839,0.3010108276112946,0.1492180409630775,-0.14471492105848396,-0.15458777082319117,0.9620634762101117,1.24194139276559,1.8416585065261817,1.843429677080253,2.052065437407175,2.035502390047481,2.2363017994686554,1.8705317217776425,,,,0.29785970635147896,0.26931032689491347,-0.16518094079649967,1.1531572892937827,-0.2380844936677571,0.0
53,충청북도,2012,-0.6479359707295148,-0.6452603261722556,-0.28563117759977974,-0.29343967810223265,-0.34133651269825127,0.23392404958367466,0.44146813060985,0.1369772743891257,0.6770135539213077,0.396070086903949,0.3710134246043986,0.378343786429972,-0.13977773352871986,0.38685687946439157,0.32168179534083197,-0.31770986691474123,-0.9466133497257871,0.299024863331237,0.09566776006245604,-0.06193734781485439,-0.03225781401522587,-0.14471492105848396,-0.15458777082319117,-0.6043200082491164,0.4848410498013173,,,,,,,,,,-0.16016690298739286,-0.3035861866815387,-0.16518094079649967,1.1531572892937827,1.4501510068854297,0.0
54,경상북도,2013,-0.6092434138677018,-0.5934212887457182,0.763787392421626,0.7297938002446471,0.7049604704908834,-0.7700482882305154,-1.163222873542163,-1.2031362425901986,0.424922515382631,0.20551019085424763,0.793071134968318,0.7998613931444989,0.6163712906662424,-0.35276187111615603,0.06795049417101773,0.6311207406659249,0.06553584340544144,0.22441996077457058,0.3731642692200119,0.5177077340366094,0.43980258579396525,-0.14471492105848396,-0.15458777082319117,1.0769047555312596,1.047826133767017,0.9940349529595505,1.0942421772096786,0.8535679338637612,0.721480708737776,0.2731834920932886,-0.08716515688368329,-0.05899761423504606,-0.76147979986884,-1.0852900301126036,0.1470878548982808,-0.49455169120702275,1.3505971041596203,-0.6700778843193603,0.24426850649029624,0.0
55,전라북도,2013,-0.6127935187141517,-0.5880213890137872,1.1771142669007182,1.1116239154484067,1.1807845819351324,1.0035960404303146,0.44667994441179165,-0.30337009315327684,-0.5674702943912501,-0.11357604384079029,-0.12470365456578777,-0.11513843814568576,1.3802636417230325,-0.1261208312665775,0.9597302922748217,1.4848086063695782,0.16723273218236748,-0.8355100532144704,0.5174345532017965,-0.5602636612480529,-0.5446140367813394,-0.14471492105848396,-0.15458777082319117,0.6431418250962607,1.3293518276214893,1.4890594261142718,1.3904617000528943,1.7009458432669533,1.743958606675625,1.7705724065784618,1.5352281649684905,,,,0.4107754219419621,1.415103354047818,1.3505971041596203,-0.6700778843193603,0.24426850649029624,0.0
56,강원도,2013,1.3405889186663333,1.50281978718989,0.13649706141535828,0.5428909487703992,-0.2559338630196236,0.1972039689935547,-0.22011004472371157,0.05721508572292719,0.028779454821852988,0.14509490016477844,0.39510108549365536,0.39249960551832336,0.3516040159916256,0.48196517297269764,0.7158144658440017,0.4122150825261315,-1.2677290726035648,1.4244030413337823,0.4044945202539265,0.10521789837824524,-0.04704328136172692,-0.14471492105848396,-0.15458777082319117,-0.6488020686212507,0.2722712489305178,-0.30934985738406706,-0.2984653342476104,-0.47056164668350386,-0.6525968080979694,-0.688562212928799,-0.7902804614170195,0.08057575282096678,0.14203396407460792,-0.6234644853838376,-1.2525774994255359,-1.067448204783475,1.3505971041596203,-0.6700778843193603,2.656033507280563,0.0
57,경상남도,2013,-0.6503027072938148,-0.6441803462258694,1.8327016920457584,1.915865137559158,1.6804157921649914,-0.08336007341958583,-0.1438370090464633,-0.5995383129228563,-1.243282339043483,-1.4635251470368145,-1.2064665412408762,-1.2135310230049907,1.379500115864379,-0.900772822939945,-0.131122001317179,1.4776851349456523,1.609542525821414,-1.2695169435906326,1.036999393399699,0.9751449492255979,1.0446118915904736,-0.14471492105848396,-0.15458777082319117,1.8830489758799018,1.6570580786520461,1.3450942993958785,1.6856796353294443,1.5776359858010582,1.2086973234962834,1.3646914169802253,1.3271087159145312,,,,0.08897787048403229,-0.3035861866815387,1.3505971041596203,-0.6700778843193603,-0.7204374938258105,0.0
58,전라북도,2014,-0.5847871360366022,-0.6053010681559663,0.062093437111233024,0.06921978645334134,0.17773583710541796,0.30709136685421323,-0.4247772722803644,-0.5445227135392338,-1.0261557345648928,-1.1719224753831068,-0.6867490753150876,-0.6872208568712949,0.566274597097817,0.03179073508269869,1.3652688684803367,0.4024356020892994,-0.006013693681274381,-0.805487959630365,-0.3031971427107159,-0.09532245424645527,-0.4574924010960155,-0.14471492105848396,-0.15458777082319117,-0.2705262793607918,0.1330112868503586,-0.2440696654480513,-0.3767180094505215,-0.06164584103289052,-0.15146716976587332,-1.07784528126003,-0.9787845005909839,,,,0.2074618646793203,1.0331723449968497,-0.9230699632745596,-0.06233282644831263,-0.4792609937467838,0.0
59,강원도,2014,1.9756990897317377,2.0028505023666994,-0.37397120236210735,-0.4342516246637308,-0.29912600768467906,-1.4833142740117318,-1.3544852182855383,-1.1188787387781474,0.003758370675445048,0.21935536163725144,0.5249649963748647,0.5203587470327912,-0.8740875688561082,-1.0549443785072619,-0.5357694245164119,-0.9364139456248229,-1.2338313781855181,1.4496215999444928,0.6274682548849251,0.4084404246836334,0.3035097138389,-0.14471492105848396,-0.15458777082319117,-0.7658381523921659,-0.9662495231737321,-0.8893163215259383,-0.7699626812584047,-0.7549174291072417,-0.8503442956209721,-0.5695908415362924,-0.6397206184419877,0.262273487959279,0.04512529446732053,-0.5223856869149118,0.12253031848735042,-0.11262068215605464,-0.9230699632745596,-0.06233282644831263,0.24426850649029624,0.0
60,경상북도,2014,-0.6208977984646334,-0.6009811483704215,-0.31997716998582243,-0.39416254042409343,-0.3121490937276182,-1.2853728980821693,-0.9731309794843495,-0.8332227664379064,0.4273812346340136,0.6495625774218465,1.3910734987841895,1.3963864777088877,-0.930454310672276,-0.8030085797459018,-0.8271944606598449,-1.0193461497812675,0.06536565196879085,0.23492769352898007,-0.05960008142511197,0.31954109310773554,0.34280330735304804,-0.14471492105848396,-0.15458777082319117,0.3395606147441782,-0.8205138955024752,-0.3642670358470524,-0.21533356621383648,-0.3470195672637988,-0.25448121477444996,-0.7942943920779384,-0.7295370634443447,-1.3322406107864357,-1.5558987740747323,-1.2979040544783127,0.04029112678560536,0.07834482236942943,-0.9230699632745596,-0.06233282644831263,-0.4792609937467838,0.0
61,전라북도,2015,-0.6595903553264465,-0.6495802459578004,0.2154917559719214,-0.33815653982059063,0.7226860779118712,-1.427992301789618,-1.8403060314622437,-2.0315302546971212,-0.930286345267337,-0.7472173664291561,-0.5296556347329846,-0.5296324164204788,0.11793221290168769,-0.9915629397483087,0.21884387545386688,0.09890862856345604,-0.01107503901679121,-0.7649581332917588,0.6822816625379542,1.749434390134713,1.6823191205395043,-0.14471492105848396,-0.15458777082319117,0.17853071106269278,-0.6436265591259436,,,,,,,,,,1.7633164140366897,1.6060688585733018,-0.16518094079649967,0.5454122314227351,-0.7204374938258105,0.0
62,강원도,2015,1.3341341825818789,1.392661832658498,-0.29484595604481556,-1.0378193344060187,0.16001957863349664,-1.0450707243950323,-1.4973749263949654,-1.5837155665669813,0.5125686251671647,0.5513877300514618,0.6888852136341145,0.686248795874035,-1.7325474919025599,-2.269092806272873,-1.9500538812858985,-1.474721241032459,-1.240763349399452,1.497957170614953,2.1124498185366805,1.1231828829437187,1.2521870411301042,-0.14471492105848396,-0.15458777082319117,0.005723403880913372,-1.6659971282236916,-0.05336908394091774,-0.19567741021790663,-0.3556117795542694,-0.48880816575422775,-0.2030647110724652,-0.4479390488427561,0.12774728021264406,-0.12083805587810559,-0.3568255859743982,1.819855858331639,1.415103354047818,-0.16518094079649967,0.5454122314227351,-0.7204374938258105,0.0
63,경상북도,2015,-0.6315122533590696,-0.6236607272445317,-0.10217331583043396,-0.7725080820868727,0.2501340986392091,-1.945134317011795,-2.04506428590832,-1.9932173230759425,0.7588744419378793,0.9528976827585615,1.7157332759872008,1.7090635405133718,-1.3657324411338954,-2.1866318922204546,-1.6472802650721068,-1.2481417909616979,0.05641210247176788,0.2801109443732269,1.3581548108162034,0.015552853352078193,0.34854804518998067,-0.14471492105848396,-0.15458777082319117,1.0952599465561146,-1.2706389578267911,0.04440402350955136,0.1938149547716383,-0.10864373169176032,-0.03904455387832326,-0.8099819280923465,-0.9360646165514274,-0.9624391306171416,-1.2970887941654425,-1.0704767579231997,1.583303961089545,1.0331723449968497,-0.16518094079649967,0.5454122314227351,-0.7204374938258105,0.0
64,강원도,2016,2.26479954702547,1.897012467620852,0.08928084128377722,0.07590313255087362,0.07782361848303603,-1.3755007637095034,-1.080814718207544,-0.7822579014420893,-1.1625423377444495,-1.1472888598341306,-0.5952857832428414,-0.5938602445228696,-0.46042204933204184,-1.011184445589876,-0.5063135249883894,-0.39652277956263415,-1.2667745206324024,1.3834228835913966,0.8177011990415145,0.6365975090812662,0.5707399017919382,-0.14471492105848396,-0.15458777082319117,0.1574059252906567,0.11268918954315596,0.41701964560424204,0.6644359126615909,0.5744371454004568,0.6632811444916344,0.6639210220706748,0.42751993793856563,2.4770058172251344,1.8289411649632463,1.1018460402066466,0.02315796184773712,-0.11262068215605464,0.21376357044253033,-0.6700778843193603,0.48544500656932293,0.0
65,전라북도,2016,-0.5645264366603979,-0.5567019705685875,1.571162998044985,1.5451620241436064,1.514542063437796,-0.06712068374459552,-0.6689489683726296,-0.770790905551067,-0.8879302573233758,-0.7558481222419353,-0.5326478907440727,-0.534506166649154,1.9278408944396142,0.3667656138144629,1.2998607961536337,1.802424661880686,-0.06414305458333336,-0.8730376701947086,0.776446795515589,1.540241475522005,1.5483303430765905,-0.14471492105848396,-0.15458777082319117,0.9973584164467393,1.3344351146042575,,,,,,,,,,0.34974872016329045,-0.11262068215605464,0.21376357044253033,-0.6700778843193603,-0.4792609937467838,0.0
66,경상북도,2016,-0.5910267142515747,-0.5448221911583393,0.6488692050368415,0.5056488820295476,0.516093001546433,-1.2664158481431436,-0.9094540426340058,-0.7695409453106428,0.011568420062187156,0.2510733892492215,1.204655949293427,1.205610339018461,0.2812113694107743,-0.5685261646336677,-0.021083792546967125,0.3244084857351387,0.029501136512458528,0.1666274306250445,0.8196271278929499,-0.23294668504095745,-0.0822659635309946,-0.14471492105848396,-0.15458777082319117,1.3520297050209658,0.25399842842867887,0.29999986345880525,0.5404894512859478,0.12543599773504482,0.08346935059480086,-0.43919386587894693,-0.637709802509097,-0.21293597317164165,-0.565921586349934,-0.7637548867071097,0.1501718245870968,0.6512413359458816,0.21376357044253033,-0.6700778843193603,0.003092006411269562,0.0
67,경상남도,2017,-0.6780580724569689,-0.6668599250999796,1.740363519611007,1.0657033918917642,2.184324146590579,-0.5584684901618879,-1.170018765088851,-1.6194859814544786,-2.4364843286843723,-2.7567899633582766,-2.2070644836152136,-2.2043524622291533,0.7417328394143549,-1.753838567239838,-0.7408049701446959,0.9630981881502525,1.6127225158184144,-1.2879054759109863,1.4079780476876753,0.140823573815619,0.554201393942437,-0.14471492105848396,-0.15458777082319117,2.2763434392875106,0.6333420960974391,,,,,,,,,,2.230480711342422,2.178965372149754,0.5927080816815603,-0.06233282644831263,-0.7204374938258105,0.0
68,강원도,2017,2.4566486473134215,2.125968216254726,-0.32538418874282293,-0.6423916877505366,-0.31509401268206044,0.42685454264358474,-0.40991132487109133,-0.33515663002330864,-0.499700553680911,-0.7920972966556153,-0.5743399911652266,-0.5761109008287058,-1.4384858835662244,-1.3692458106300103,-1.5473285249375117,-1.0938678779813589,-1.2138109455251764,1.420199948231982,1.2101928402768056,0.9305038550750856,1.073707542217829,-0.14471492105848396,-0.15458777082319117,-0.05704717515448973,-0.9418399228796519,0.19876235456324162,0.4244304919978328,0.3933040214392355,0.5152162118128936,0.7776329883254107,0.569282461207198,2.7495524199325727,2.4515938744759773,2.2067418717464107,0.4036284445678835,0.07834482236942943,0.5927080816815603,-0.06233282644831263,0.24426850649029624,0.0
69,경상북도,2017,-0.5103783728408078,-0.438984156412492,0.4966349727093548,-0.08491488292100502,0.7230880827215136,-1.3558880327179308,-1.68747041897613,-1.422356588371666,0.49490762871442506,0.7724629419077416,1.2468578414794336,1.2498352593234552,-0.8068450863990636,-1.7416970829621865,-1.5978001906566228,-0.49414569099173694,0.092646599312208,0.21811532112183968,1.7848520334833287,-1.3129089352963086,-0.8547885509266693,-0.14471492105848396,-0.15458777082319117,1.4420895715339328,-0.947727449711148,1.016746029099617,1.1358080612265569,0.7649752584904277,0.7343654152688182,0.09291284702598278,-0.2938602779851715,0.20112521171082146,-0.5694033349585695,-0.25138994274387055,1.388100101897489,0.6512413359458816,0.5927080816815603,-0.06233282644831263,-0.7204374938258105,0.0
70,전라북도,2017,-0.4776026573897446,-0.5232225922306154,0.7398746615807938,0.16837074336081476,1.1180531337311257,0.31589785051005165,-0.8172163300492667,-1.3122454158449604,-0.7678869056382924,-0.5120292705308619,-1.0019333751496562,-1.0023573156738743,0.794079389179585,-0.7667407135157204,0.6074548084300956,0.9364789001976981,-0.017506372563355042,-0.8460177859689711,1.0616160192120632,1.7638298029997157,1.9533963541543269,-0.14471492105848396,-0.15458777082319117,0.5610727032366472,-0.04004148304134559,,,,,,,,,,1.7014738472609738,2.178965372149754,0.5927080816815603,-0.06233282644831263,-0.7204374938258105,0.0
71,전라북도,2018,-0.4788936046066355,-0.5534620307294289,1.5984700746648668,1.31970901680744,1.640472407298887,0.9885724733197612,0.8522693716586176,-0.15633347026075722,-1.3005405384165123,-1.0737476280127147,-0.6129400937082555,-0.6165341547987983,2.001327321696245,0.7295647273491838,1.3679551191691084,1.962021993949142,-0.06517054574164946,-0.7904769128382818,1.1085823324502888,2.022334663809559,2.1011063759471873,-0.14471492105848396,-0.15458777082319117,2.091389752989452,1.109886437452318,,,,,,,,,,0.904210572152416,-0.11262068215605464,1.7295416153986503,1.1531572892937827,0.9677980067273763,0.0
72,강원도,2018,2.4276381945782903,2.22424639137587,-0.12654297783383817,-0.3296044949786818,-0.1344723168100179,0.2868110281231472,0.3840531046600056,0.32465044039015634,-0.445753360694722,-0.6652251862077315,-0.10201237981504037,-0.09870569996353583,-0.4203323736497695,-0.341632177194971,-0.2584289645152394,-0.37903881202709905,-1.105712744548295,1.4622308792498329,1.3600536139091681,0.8120479843189106,1.1391107625556036,-0.14471492105848396,-0.15458777082319117,0.16998091244571048,-0.6228133229798245,0.7526816522845835,0.7654710584496242,0.8628568120156259,0.7366584562616292,0.7449884047116112,0.5293174945410375,2.584743256329569,2.0970358078289264,1.8974058936733726,0.25456990960847675,-0.6855171957325068,1.7295416153986503,1.1531572892937827,2.656033507280563,0.0
73,경상북도,2018,-0.6233721139636743,-0.5847814491746286,0.8927181354583681,0.6266086525184358,0.6801577086302019,-0.7510609760148326,-0.6289115268293635,-0.733689146191739,0.11772723950417575,0.5876369044651383,1.7499447363806386,1.7519837252878183,0.3165502175281483,-0.3280573232456492,-0.46511771504273225,0.3350719870024227,0.1683344310354407,0.23177537370267548,0.9912246759800147,-0.365466159500348,-0.024983901358386438,-0.14471492105848396,-0.15458777082319117,1.6932240660454887,0.27732506758295394,0.7869407332416335,0.7320430734119436,0.42082232296411454,0.3386520553663416,-0.19381541238189146,-0.39993081844504175,0.06019299407148992,-0.6216295640882481,-0.31151440045385154,0.25696855269978214,0.07834482236942943,1.7295416153986503,1.1531572892937827,0.24426850649029624,0.0
74,경상남도,2018,-0.6371780772554241,-0.647420286065028,1.7425053844355203,1.6972411248991413,1.5164819703680925,0.31127689630232,0.6092695700749631,0.07810939402079504,-2.367810647072789,-2.8087992575009206,-1.931714591928251,-1.932464762120468,1.9602143908461507,0.7626737599962161,1.264230665490011,1.9335182419495225,1.6206974645542647,-1.2327398789500472,0.5598524580107052,0.7376206369530436,1.0572792451661623,-0.14471492105848396,-0.15458777082319117,1.7049064303719668,1.5172676866258632,,,,,,,,,,0.12738471521974026,-0.49455169120702275,1.7295416153986503,1.1531572892937827,-0.4792609937467838,0.0
75,전라북도,2019,-0.48617311252410356,-0.5545420106758151,0.5659144404047323,0.5002296556708529,0.6017106770534796,-0.4984954715707262,-0.6917733716628929,-0.7619294744898067,-2.0558907734171714,-1.1426138671022035,-1.165925628201765,-1.168097546100375,1.334420766066557,1.1527099085734465,1.8697723311723324,1.3053602708316767,-0.1408243391775619,-0.7589537145749012,0.09659778606717478,1.3374805538915382,1.444139810077206,-0.14471492105848396,-0.15458777082319117,0.336034847746943,0.01985289836434059,,,,,,,,,,0.30765008631597135,1.0331723449968497,-0.5441254520355296,2.368647405035878,-0.7204374938258105,0.0
76,강원도,2019,2.0467729059505637,1.6842564181827713,-0.09467202924501401,-0.29844119532982777,-0.08565210480984069,-1.3891632734580432,-1.2526484742727328,-0.9884305354202751,-1.1051240116974899,-1.5621405225684828,-0.9374003871771988,-0.9382628163362979,-0.6383953588786805,-0.4488819549809345,-0.5350597237171636,-0.5537372896109231,-1.2423172712129615,1.5063633568185537,1.0310633732543124,1.0425277328490195,1.2625151705218334,-0.14471492105848396,-0.15458777082319117,-0.02438351557330571,-0.4997253350180415,0.39315376898247123,0.285835812459606,0.11150268050725981,0.20139717308228774,0.2485186955850825,0.02585945534408972,1.3920606872166381,1.4825071784030432,2.096949383754286,0.29351930456721964,-0.11262068215605464,-0.5441254520355296,2.368647405035878,-0.7204374938258105,0.0
77,경상북도,2019,-0.6486173039828739,-0.6182608275126007,0.512741796189732,0.3576039720927507,0.35176652388894675,-1.7856511670526285,-1.3594789843345638,-1.1001700978110858,-0.26800242187428014,-0.024319644143612,0.9461790567800962,0.9437573287565835,0.3477795998018816,0.3429002095332476,0.27610010078294994,0.4050354827955129,0.060790092190722365,0.27433169135824387,0.8270030737171662,-0.4589852955595185,-0.18425228057376022,-0.14471492105848396,-0.15458777082319117,1.232280346013276,-0.3131208167135774,0.6056370576149822,0.6610555546240738,0.2821858165476383,0.24332706552228475,-0.3518696047120319,-0.4132524740004305,0.22733161581728784,-0.07789648970480775,0.5171574732009805,0.08312403913025943,0.4602758314203975,-0.5441254520355296,2.368647405035878,-0.7204374938258105,0.0
