"시도별","종류별",2001,2001,2001,2001,2001,2001,2001,2001,2001,2001,2001,2001,2001,2001,2001,2001,2002,2002,2002,2002,2002,2002,2002,2002,2002,2002,2002,2002,2002,2002,2002,2002,2002,2002,2002,2002,2003,2003,2003,2003,2003,2003,2003,2003,2003,2003,2003,2003,2003,2003,2003,2003,2003,2003,2003,2003,2004,2004,2004,2004,2004,2004,2004,2004,2004,2004,2004,2004,2004,2004,2004,2004,2004,2004,2004,2004,2004,2004,2004,2005,2005,2005,2005,2005,2005,2005,2005,2005,2005,2005,2005,2005,2005,2005,2005,2005,2005,2005,2005,2005,2005,2005,2006,2006,2006,2006,2006,2006,2006,2006,2006,2006,2006,2006,2006,2006,2006,2006,2006,2006,2006,2006,2006,2006,2006,2007,2007,2007,2007,2007,2007,2007,2007,2007,2007,2007,2007,2007,2007,2007,2007,2007,2007,2007,2007,2007,2007,2007,2008,2008,2008,2008,2008,2008,2008,2008,2008,2008,2008,2008,2008,2008,2008,2008,2008,2008,2008,2008,2008,2008,2008,2009,2009,2009,2009,2009,2009,2009,2009,2009,2009,2009,2009,2009,2009,2009,2009,2009,2009,2009,2009,2009,2009,2009,2010,2010,2010,2010,2010,2010,2010,2010,2010,2010,2010,2010,2010,2010,2010,2010,2010,2010,2010,2010,2010,2010,2010,2011,2011,2011,2011,2011,2011,2011,2011,2011,2011,2011,2011,2011,2011,2011,2011,2011,2011,2011,2011,2011,2011,2011,2012,2012,2012,2012,2012,2012,2012,2012,2012,2012,2012,2012,2012,2012,2012,2012,2012,2012,2012,2012,2012,2012,2012,2013,2013,2013,2013,2013,2013,2013,2013,2013,2013,2013,2013,2013,2013,2013,2013,2013,2013,2013,2013,2013,2013,2013,2014,2014,2014,2014,2014,2014,2014,2014,2014,2014,2014,2014,2014,2014,2014,2014,2014,2014,2014,2014,2014,2014,2014,2015,2015,2015,2015,2015,2015,2015,2015,2015,2015,2015,2015,2015,2015,2015,2015,2015,2015,2015,2015,2015,2015,2015,2016,2016,2016,2016,2016,2016,2016,2016,2016,2016,2016,2016,2016,2016,2016,2016,2016,2016,2016,2016,2016,2016,2016,2017,2017,2017,2017,2017,2017,2017,2017,2017,2017,2017,2017,2017,2017,2017,2017,2017,2017,2017,2017,2017,2017,2017,2018,2018,2018,2018,2018,2018,2018,2018,2018,2018,2018,2018,2018,2018,2018,2018,2018,2018,2018,2018,2018,2018,2018,2019,2019,2019,2019,2019,2019,2019,2019,2019,2019,2019,2019,2019,2019,2019,2019,2019,2019,2019,2019,2019,2019,2019,2020,2020,2020,2020,2020,2020,2020,2020,2020,2020,2020,2020,2020,2020,2020,2020,2020,2020,2020,2020,2020,2020,2020
"시도별","종류별",합계,사과,사과(성과수),배,배(성과수),복숭아,복숭아(성과수),포도,포도(성과수),감귤,감귤(성과수),감,감(성과수),자두,자두(성과수),기타과수,합계,사과,사과(성과수),배,배(성과수),복숭아,복숭아(성과수),포도,포도(성과수),감귤,감귤(성과수),감,감(성과수),자두,자두(성과수),매실,매실(성과수),유자,유자(성과수),기타과수,합계,사과,사과(성과수),배,배(성과수),복숭아,복숭아(성과수),포도,포도(성과수),감귤,감귤(성과수),감,감(성과수),자두,자두(성과수),매실,매실(성과수),유자,유자(성과수),기타과수,합계,사과,사과(성과수),배,배(성과수),복숭아,복숭아(성과수),포도,포도(성과수),감귤,감귤(성과수),감,단감,감(성과수),떫은감(성과수),단감(성과수),자두,자두(성과수),매실,매실(성과수),유자,유자(성과수),기타과수,합계,사과,사과(성과수),배,배(성과수),복숭아,복숭아(성과수),포도,포도(성과수),감귤,감귤(성과수),감,단감,감(성과수),떫은감(성과수),단감(성과수),자두,자두(성과수),매실,매실(성과수),유자,유자(성과수),기타과수,합계,사과,사과(성과수),배,배(성과수),복숭아,복숭아(성과수),포도,포도(성과수),감귤,감귤(성과수),감,단감,감(성과수),떫은감(성과수),단감(성과수),자두,자두(성과수),매실,매실(성과수),유자,유자(성과수),기타과수,합계,사과,사과(성과수),배,배(성과수),복숭아,복숭아(성과수),포도,포도(성과수),감귤,감귤(성과수),감,단감,감(성과수),떫은감(성과수),단감(성과수),자두,자두(성과수),매실,매실(성과수),유자,유자(성과수),기타과수,합계,사과,사과(성과수),배,배(성과수),복숭아,복숭아(성과수),포도,포도(성과수),감귤,감귤(성과수),감,단감,감(성과수),떫은감(성과수),단감(성과수),자두,자두(성과수),매실,매실(성과수),유자,유자(성과수),기타과수,합계,사과,사과(성과수),배,배(성과수),복숭아,복숭아(성과수),포도,포도(성과수),감귤,감귤(성과수),감,단감,감(성과수),떫은감(성과수),단감(성과수),자두,자두(성과수),매실,매실(성과수),유자,유자(성과수),기타과수,합계,사과,사과(성과수),배,배(성과수),복숭아,복숭아(성과수),포도,포도(성과수),감귤,감귤(성과수),감,단감,감(성과수),떫은감(성과수),단감(성과수),자두,자두(성과수),매실,매실(성과수),유자,유자(성과수),기타과수,합계,사과,사과(성과수),배,배(성과수),복숭아,복숭아(성과수),포도,포도(성과수),감귤,감귤(성과수),감,단감,감(성과수),떫은감(성과수),단감(성과수),자두,자두(성과수),매실,매실(성과수),유자,유자(성과수),기타과수,합계,사과,사과(성과수),배,배(성과수),복숭아,복숭아(성과수),포도,포도(성과수),감귤,감귤(성과수),감,단감,감(성과수),떫은감(성과수),단감(성과수),자두,자두(성과수),매실,매실(성과수),유자,유자(성과수),기타과수,합계,사과,사과(성과수),배,배(성과수),복숭아,복숭아(성과수),포도,포도(성과수),감귤,감귤(성과수),감,단감,감(성과수),떫은감(성과수),단감(성과수),자두,자두(성과수),매실,매실(성과수),유자,유자(성과수),기타과수,합계,사과,사과(성과수),배,배(성과수),복숭아,복숭아(성과수),포도,포도(성과수),감귤,감귤(성과수),감,단감,감(성과수),떫은감(성과수),단감(성과수),자두,자두(성과수),매실,매실(성과수),유자,유자(성과수),기타과수,합계,사과,사과(성과수),배,배(성과수),복숭아,복숭아(성과수),포도,포도(성과수),감귤,감귤(성과수),감,단감,감(성과수),떫은감(성과수),단감(성과수),자두,자두(성과수),매실,매실(성과수),유자,유자(성과수),기타과수,합계,사과,사과(성과수),배,배(성과수),복숭아,복숭아(성과수),포도,포도(성과수),감귤,감귤(성과수),감,단감,감(성과수),떫은감(성과수),단감(성과수),자두,자두(성과수),매실,매실(성과수),유자,유자(성과수),기타과수,합계,사과,사과(성과수),배,배(성과수),복숭아,복숭아(성과수),포도,포도(성과수),감귤,감귤(성과수),감,단감,감(성과수),떫은감(성과수),단감(성과수),자두,자두(성과수),매실,매실(성과수),유자,유자(성과수),기타과수,합계,사과,사과(성과수),배,배(성과수),복숭아,복숭아(성과수),포도,포도(성과수),감귤,감귤(성과수),감,단감,감(성과수),떫은감(성과수),단감(성과수),자두,자두(성과수),매실,매실(성과수),유자,유자(성과수),기타과수,합계,사과,사과(성과수),배,배(성과수),복숭아,복숭아(성과수),포도,포도(성과수),감귤,감귤(성과수),감,단감,감(성과수),떫은감(성과수),단감(성과수),자두,자두(성과수),매실,매실(성과수),유자,유자(성과수),기타과수,합계,사과,사과(성과수),배,배(성과수),복숭아,복숭아(성과수),포도,포도(성과수),감귤,감귤(성과수),감,단감,감(성과수),떫은감(성과수),단감(성과수),자두,자두(성과수),매실,매실(성과수),유자,유자(성과수),기타과수
"계","합계",163291,26328,19186,25459,14762,14412,8062,25578,21092,24919,23565,30489,21223,5303,2817,10803,162450,26163,18533,25317,17053,15598,8880,24569,20633,24330,23314,29070,21063,5939,3148,2622,1006,1892,1716,6950,158587,26398,17933,24025,17509,15880,9622,23160,19797,22473,21635,27943,21070,6452,3486,3450,1141,1717,1595,7089,152648,26676,16889,22906,17341,15566,9857,21128,18129,19792,19214,27159,18533,20685,5024,15661,6600,3743,4058,1414,1544,1494,7219,149780,26907,16379,21735,17059,15014,9830,20106,16481,19145,18642,26831,17199,20128,5381,14747,6696,3960,4623,1742,1376,1312,7347,146756,28312,17888,20656,17481,13383,9645,17406,14849,18662,18289,28436,17304,21511,6216,15295,6000,4243,5431,2957,1247,1179,7223,148398,29358,18796,19888,17519,13188,9373,17003,14304,18622,18223,28839,16309,21121,6878,14243,5803,4249,6364,3582,1321,1180,8012,149443,30006,18534,18277,16583,12638,8823,16231,13552,18216,17889,30669,16259,21395,7331,14064,5778,4246,7441,3771,1122,1002,9065,150917,30451,19179,17090,15253,12967,8813,15757,13359,18353,17901,30347,14785,20508,7526,12982,5587,4159,8456,4147,1150,995,10759,156247,30992,20582,16239,14772,13908,9923,15330,13060,18041,17573,31808,15244,21898,8424,13474,5870,4310,10009,4842,1239,1117,12811,154411,31167,21395,15081,13831,13795,9538,14978,12722,18034,17378,31339,14299,21683,9061,12622,5724,4045,11160,5266,1157,1063,11976,152387,30734,21629,14353,13346,14335,9584,14590,12397,17771,17146,30264,13390,21345,9390,11955,5714,4049,11473,5850,1105,973,12048,152996,30449,21602,13740,12727,14633,9659,14129,11836,17533,16993,29153,12905,21511,9922,11589,5656,4124,12223,6370,1049,918,14431,153415,30702,21399,13127,12230,15539,9809,13538,11466,17007,16439,27988,12451,21045,9899,11146,5662,4263,12752,7364,920,818,16180,154136,31620,21965,12664,11782,16704,10811,12690,11007,16692,16112,27034,11849,20972,10300,10672,5920,4389,12082,7446,977,815,17753,158662,33300,23880,11164,10333,19877,14485,12706,11723,17624,17049,25060,10002,20228,11107,9121,7033,5673,11799,9673,866,738,19233,159041.3535,33600.6824,23355.0091,10860.5134,10257.7783,21029.9183,15410.3629,11147.5755,10157.161,17273.0674,16630.6223,24749.4697,9585.8902,20231.5468,11378.5266,8853.0202,7324.4875,5459.636,11258.5528,9424.2764,966.3171,772.8188,20830.7694,156435.3572,33234.0913,23600.1944,10302.78,9682.9664,21087.4623,15568.8993,10938.379,9762.0801,16809.8081,16029.7769,23917.9935,9108.0509,19741.8325,11382.1508,8359.6817,7266.0638,5260.7053,10379.5158,9002.1601,942.4156,759.0728,21556.8478,151825.6011,32953.5377,23910.511,9614.593,9074.41,20635.6096,15385.0368,10594.8586,8902.213,16253.1222,15386.082,23000.2433,8639.2721,19228.7939,11359.7784,7869.0155,7100.2544,5165.9187,9384.7937,8150.1545,911.2201,695.1589,21377.3685,147198.3774,31597.751,23329.7119,9091.2714,8530.0625,20450.3369,15323.8331,10582.461,8285.4964,16159.6431,15514.4185,21982.0279,8404.2849,18604.5542,10990.4665,7614.0877,7314.9912,5282.3129,8486.6798,7486.6709,1015.8398,711.5345,20517.3753
"서울특별시","합계",75,0,0,75,64,0,0,0,0,0,0,0,0,0,0,0,83,0,0,78,64,0,0,0,0,0,0,1,1,0,0,0,0,0,0,4,83,0,0,78,62,0,0,0,0,0,0,1,1,0,0,0,0,0,0,4,76,0,0,68,56,0,0,0,0,0,0,1,-,1,1,-,0,0,2,0,0,0,5,57,0,0,54,53,0,0,0,0,0,0,-,-,-,-,-,0,0,0,0,0,0,3,53,0,0,45,43,0,0,5,3,0,0,-,-,-,-,-,0,0,3,0,0,0,0,53,1,0,39,38,0,0,3,2,0,0,-,-,-,-,-,1,0,8,2,0,0,1,55,1,0,41,37,0,0,2,2,0,0,1,1,-,-,-,0,0,10,0,0,0,0,66,0,0,41,36,0,0,1,1,0,0,4,-,-,-,-,0,0,17,2,0,0,3,28,0,0,2,0,2,0,1,0,0,0,1,1,-,-,-,0,0,18,3,0,0,4,20,0,0,3,0,1,0,0,0,0,0,1,1,-,-,-,4,0,7,2,0,0,4,43,0,0,24,21,1,1,1,0,0,0,6,1,-,-,-,0,0,8,6,0,0,3,43,0,0,24,21,1,0,2,1,0,0,5,-,-,-,-,0,0,9,6,0,0,2,41,-,-,24,21,-,-,2,1,-,-,2,-,-,-,-,-,-,11,8,0,0,2,38,-,-,24,22,-,-,1,1,-,-,1,-,-,-,-,-,-,11,10,-,-,1,19,0,0,14,14,0,0,1,1,0,0,0,0,0,0,0,0,0,4,4,0,0,0,28.249,0.0823,0.0261,18.3609,18.0739,0.2128,0.1259,1.0122,0.9665,0,0,0.3412,0,0.3412,0.3412,0,0.054,0.054,4.6183,4.3719,0,0,3.5673,28.776,0.0564,0,19.3379,18.4746,0.2824,0.1902,0.9217,0.9112,0,0,0.3311,0.0088,0.3311,0.3223,0.0088,0.01,0.01,3.7132,3.5437,0,0,4.1233,24.3308,0.1076,0,15.9327,15.7735,0.143,0.1269,0.7837,0.7739,0,0,0.5452,0,0.5398,0.5398,0,0.0705,0.0705,2.75,2.6349,0,0,3.9981,25.0426,0.1063,0,15.9993,15.842,0.1419,0.126,0.7928,0.7837,0,0,0.621,0,0.621,0.621,0,0.0611,0.0611,2.3324,1.948,0,0,4.9878
"부산광역시","합계",168,0,0,25,10,0,0,3,1,0,0,102,68,1,0,37,152,0,0,26,20,1,0,1,1,0,0,96,71,1,1,10,0,9,9,8,167,0,0,24,20,0,0,2,2,0,0,106,70,1,1,16,1,11,4,7,163,0,0,22,21,1,0,1,1,0,0,87,82,60,3,57,1,1,32,1,10,9,9,178,0,0,23,21,1,0,1,1,0,0,104,100,70,3,67,1,1,36,0,6,5,6,303,0,0,68,55,0,0,0,0,0,0,157,140,106,17,89,1,0,63,3,7,7,7,262,0,0,65,43,0,0,0,0,0,0,133,126,87,7,80,1,0,46,3,7,7,10,313,0,0,47,38,0,0,0,0,0,0,157,157,101,-,101,1,0,83,9,4,4,21,280,1,0,64,59,0,0,0,0,0,0,130,130,87,-,87,1,0,63,10,1,0,20,286,3,1,59,56,0,0,0,0,0,0,97,97,80,-,80,1,0,97,36,1,1,28,277,3,1,23,16,0,0,0,0,0,0,96,96,76,-,76,0,0,115,36,1,1,39,292,3,1,22,16,0,0,5,0,0,0,97,96,65,1,64,3,1,112,37,0,0,50,270,3,3,11,5,0,0,4,0,0,0,61,58,38,3,35,3,1,121,64,2,0,65,271,1,1,18,14,-,-,-,-,-,-,87,83,64,3,61,3,1,107,69,0,0,55,255,1,1,12,12,1,-,-,-,-,-,84,68,69,6,63,1,-,103,85,-,-,53,361,6,4,44,39,2,1,3,3,0,0,82,63,73,16,57,1,1,121,82,7,7,95,408.5116,2.8079,0.5632,39.2138,33.5948,6.4935,3.6764,1.3633,1.3465,0,0,76.8285,30.0216,52.0049,23.8887,28.1162,3.3432,1.7392,102.5185,67.7329,5.3037,5.3037,170.6392,420.1209,4.9197,0.7161,29.4613,28.6569,6.7743,3.6311,1.2098,0.9548,0,0,76.6196,27.7973,52.6484,26.7184,25.93,3.6867,1.8093,107.0239,78.6018,4.9932,4.9932,185.4324,460.4006,7.026,2.1259,27.0523,26.1627,10.663,5.1185,1.5073,1.3209,0,0,74.333,25.7104,45.8478,21.982,23.8658,6.9969,3.1729,112.6038,52.7288,4.2513,4.2513,215.967,449.76,6.9797,1.5228,26.4439,25.8999,10.6905,4.4843,1.5147,1.1604,0,0,75.299,26.5418,48.2446,24.469,23.7756,5.6017,3.9238,124.3711,99.1979,3.9791,3.9791,194.8803
"대구광역시","합계",1650,66,51,24,10,273,197,765,689,0,0,205,129,115,79,202,1698,69,65,28,14,305,223,731,647,0,0,207,143,145,85,107,18,0,0,106,1634,70,55,28,19,304,239,673,626,0,0,200,133,156,79,101,35,0,0,102,1599,71,52,30,20,294,229,629,581,0,0,199,182,144,17,127,172,90,109,46,0,0,95,1525,78,53,30,17,292,218,529,457,0,0,193,175,141,18,123,192,93,110,25,0,0,101,1463,125,86,42,27,250,223,403,372,0,0,216,191,171,23,148,101,78,236,124,0,0,90,1442,123,62,37,13,209,172,430,394,0,0,238,205,150,26,124,109,63,184,108,0,0,112,1375,143,94,17,7,250,192,313,291,0,0,246,196,155,23,132,106,58,194,132,0,0,106,1321,105,69,33,4,240,200,255,235,0,0,249,174,138,29,109,112,59,218,140,0,0,109,1355,97,66,31,4,236,189,217,212,0,0,258,175,145,25,120,97,61,271,154,0,0,148,1303,90,69,10,6,240,196,203,197,0,0,226,136,138,43,95,101,60,289,161,0,0,144,1307,74,59,10,5,239,195,176,170,0,0,242,122,145,54,91,92,66,265,164,0,0,209,1267,86,56,10,4,222,180,196,186,0,0,223,101,138,69,69,103,64,228,173,0,0,199,1287,78,57,8,3,230,209,171,164,-,-,195,84,137,79,58,94,76,236,188,0,0,275,1201,66,52,3,2,234,207,157,151,-,-,174,76,110,53,57,77,70,242,184,-,-,248,1064,81,76,23,14,289,259,95,91,0,0,138,5,102,97,5,119,110,143,136,0,0,176,1168.8697,81.5844,74.1567,16.5723,7.4027,269.628,234.3963,109.5787,109.0958,0,0,184.672,3.2651,121.8882,118.9205,2.9677,138.221,128.2053,111.0485,107.9746,0,0,257.5648,1119.6725,55.7608,43.0849,17.2548,10.7023,259.0958,205.3092,85.3249,84.7911,0,0,185.8172,3.5979,118.7604,115.4604,3.3,142.2473,127.9539,115.9434,106.7205,0,0,258.2283,1047.8138,52.1463,35.817,15.6556,10.5959,227.2624,201.4734,88.9728,88.1003,0,0,204.3602,26.9064,125.8672,100.182,25.6852,126.7572,109.3988,112.8005,108.5514,0,0,219.8588,1016.2483,52.0167,35.7948,14.4628,9.8102,209.2381,187.623,72.7807,59.9986,0,0,194.4139,26.5159,117.5531,92.3358,25.2173,148.0306,113.6984,95.2571,90.718,0,0,230.0484
"인천광역시","합계",438,1,0,117,67,26,14,217,162,0,0,29,10,0,0,48,435,0,0,126,83,25,11,209,187,0,0,25,12,0,0,1,0,0,0,49,434,0,0,131,97,30,16,210,176,0,0,23,12,1,1,1,0,0,0,38,429,4,0,123,97,25,16,205,146,0,0,21,4,10,9,1,0,0,8,0,0,0,43,452,14,2,149,80,24,13,178,149,0,0,23,3,12,11,1,0,0,11,0,0,0,53,498,1,0,230,132,26,9,150,145,0,0,33,17,17,5,12,5,1,39,13,0,0,14,598,3,1,233,133,22,13,206,199,0,0,48,22,15,3,12,6,1,48,11,0,0,32,479,2,0,184,108,16,1,149,132,0,0,56,10,10,10,-,9,0,43,11,0,0,20,647,8,0,261,121,23,1,156,137,0,0,66,21,16,16,-,11,0,85,11,0,0,37,700,26,0,258,123,24,12,134,120,0,0,61,12,22,18,4,10,3,135,27,0,0,52,711,19,0,238,109,27,11,126,119,0,0,50,46,10,-,10,15,6,166,53,0,0,70,654,18,0,221,108,29,12,98,95,0,0,51,46,16,1,15,17,7,138,48,0,0,82,562,12,0,205,112,29,13,70,61,0,0,38,34,15,1,14,7,5,129,73,0,0,72,592,23,-,179,107,23,11,74,65,-,-,30,24,16,2,14,7,6,129,70,0,0,127,605,24,-,164,106,19,9,67,67,-,-,36,22,22,9,13,5,5,140,96,-,-,150,567,8,7,157,131,12,11,110,102,0,0,9,0,9,9,0,1,0,143,99,0,0,127,467.9052,4.4978,2.0338,132.0003,115.9521,13.3633,5.0158,88.9469,73.1811,0,0,17.5774,0,16.8614,16.8614,0,1.0437,0.3593,121.2617,71.1903,0,0,89.2141,615.881,15.9758,8.1255,120.5773,114.2531,18.6768,7.7076,126.4561,120.1718,0,0,16.415,0.0301,9.7213,9.7009,0.0204,1.7778,1.1103,123.6757,92.3855,0,0,192.3265,686.7153,18.2273,10.8124,118.147,101.4501,23.9496,12.5977,111.5835,108.5424,0,0,20.9103,0,6.5411,6.5411,0,2.1816,1.9422,111.723,103.5393,0,0,279.993,633.7673,21.2079,9.109,126.0317,113.8934,20.4068,15.1732,93.2887,91.7231,0,0,10.5537,1.8466,8.6901,7.4371,1.253,26.4694,9.0246,102.7267,97.7552,0,0,233.0824
"광주광역시","합계",686,1,1,120,90,13,5,157,133,0,0,365,271,1,1,29,703,0,0,113,97,16,12,148,141,0,0,352,284,5,2,50,20,0,0,19,667,0,0,87,79,17,11,162,131,0,0,308,261,5,5,59,20,0,0,29,635,0,0,92,85,17,11,135,125,0,0,291,259,245,25,220,6,6,59,33,0,0,35,571,0,0,90,75,21,16,94,83,0,0,259,211,203,23,180,9,7,59,34,0,0,39,643,0,0,82,43,8,3,92,61,0,0,377,306,319,55,264,8,8,63,48,0,0,13,638,0,0,71,42,8,6,84,78,0,0,398,293,307,78,229,7,7,53,38,0,0,17,593,0,0,39,36,14,12,101,101,0,0,336,181,264,119,145,11,11,73,50,0,0,19,665,0,0,94,87,15,12,96,93,0,0,344,146,231,123,108,10,10,75,43,0,0,31,573,0,0,64,62,13,12,54,54,0,0,307,190,240,100,140,10,9,101,53,0,0,24,660,0,0,51,49,11,10,39,39,0,0,364,194,263,117,146,5,5,142,54,0,0,48,675,0,0,43,42,15,14,33,33,0,0,372,189,260,123,137,3,3,156,62,0,0,53,636,0,0,41,41,19,14,34,31,0,0,310,149,209,105,104,2,2,157,58,0,0,73,626,-,-,49,42,11,6,23,20,-,-,311,146,224,98,126,2,2,166,97,0,0,64,662,-,-,43,35,26,12,17,17,-,-,320,162,216,83,133,8,2,169,105,-,-,79,694,2,0,41,41,46,38,20,20,0,0,360,211,274,86,188,0,0,139,94,1,0,85,752.3275,0.1444,0,39.2125,39.2125,54.1707,47.0799,16.5733,16.3558,6.4291,6.4291,362.8853,175.5854,323.1136,160.5615,162.5521,3.3289,2.0212,135.486,113.8151,0,0,134.0973,735.8272,2.0093,1.7784,45.2942,45.2942,89.1156,76.5146,13.4962,12.8305,0,0,323.365,141.4476,285.4322,157.4461,127.9861,4.8567,1.9171,122.7928,106.5105,0,0,134.8974,688.7483,2.7119,2.4821,31.61,31.5417,85.9046,66.7434,10.6521,10.1893,0,0,293.257,156.0541,255.4361,119.4401,135.996,5.858,1.6736,125.7619,111.787,0,0,132.9928,568.3141,2.9231,2.6715,14.9532,14.7464,76.3969,54.9559,10.8904,10.1773,0,0,272.6255,141.3335,250.7732,126.3843,124.3889,5.2562,0.9746,81.2769,78.5812,0,0,103.9919
"대전광역시","합계",993,30,29,308,177,59,29,417,394,0,0,75,41,29,29,75,1011,32,30,290,173,64,35,418,373,0,0,76,36,29,28,37,0,0,0,65,883,19,15,288,206,53,33,321,292,0,0,69,33,32,26,47,0,0,0,54,823,13,13,306,225,69,40,247,231,0,0,61,22,36,34,2,27,25,49,6,0,0,51,763,15,13,261,190,62,28,225,197,0,0,57,20,33,31,2,33,26,55,7,0,0,55,663,26,18,275,215,47,38,176,170,0,0,42,9,26,24,2,13,8,69,25,0,0,15,647,21,16,244,175,37,32,154,136,0,0,50,9,26,26,-,12,6,107,59,0,0,22,642,29,21,223,170,17,14,116,103,0,0,102,11,34,34,-,20,14,128,56,0,0,7,617,21,20,187,130,20,14,127,113,0,0,98,-,27,27,-,21,14,124,64,0,0,19,488,12,12,127,99,10,5,105,101,0,0,70,2,21,20,1,20,11,123,53,0,0,21,560,2,2,94,70,9,7,108,105,0,0,54,-,22,22,-,7,6,245,53,0,0,41,574,4,2,75,71,11,6,96,84,0,0,102,0,37,37,-,4,2,232,59,0,0,50,544,4,2,67,63,7,4,83,72,0,0,67,-,16,16,-,11,9,258,65,0,0,47,561,5,3,67,63,5,4,80,74,-,-,33,12,12,12,-,5,4,288,135,0,0,78,540,4,2,73,71,17,6,81,69,-,-,55,13,11,11,-,3,1,213,116,-,-,94,636,20,17,137,128,52,46,94,86,0,0,20,0,9,9,0,28,28,181,175,0,0,104,677.4029,13.3388,12.4399,137.6126,136.0516,53.3832,45.2839,85.5939,62.7152,0,0,33.3966,4.3839,12.9354,8.6411,4.2943,27.5593,25.0737,176.2117,163.921,0,0,150.3068,683.8372,11.7995,10.9475,133.4387,133.4387,56.662,48.7653,84.7935,78.6053,0,0,26.7692,4.5846,21.2704,16.7768,4.4936,28.1121,25.4676,168.1035,166.0103,0,0,174.1587,630.5765,5.8138,5.3641,133.7311,132.206,47.4697,38.9154,83.2807,75.1247,0,0,29.0713,3.6846,17.8804,16.0515,1.8289,23.7415,19.4622,137.2268,126.5496,0,0,170.2416,619.9584,10.5174,0.6481,96.651,78.5032,57.6282,47.4091,106.3892,96.4628,0,0,45.1673,10.2422,18.9361,17.072,1.8641,22.0275,21.0679,109.001,102.967,0,0,172.5768
"울산광역시","합계",1736,13,12,1311,1098,25,5,15,13,0,0,332,201,4,0,36,1778,16,15,1353,1078,18,4,13,13,0,0,318,188,4,0,26,2,0,0,30,1757,16,15,1341,1031,17,2,12,11,0,0,284,189,7,0,37,1,0,0,43,1752,17,15,1315,1040,22,2,12,11,0,0,283,270,179,13,166,1,0,62,2,0,0,40,1682,18,15,1264,974,19,4,14,11,0,0,274,263,177,11,166,2,0,58,4,0,0,33,1763,4,1,1239,1060,1,0,4,0,0,0,415,381,321,32,289,1,0,76,11,0,0,23,1678,6,1,1147,961,1,0,4,0,0,0,401,374,292,27,265,1,0,94,34,0,0,24,1570,1,1,1027,918,2,0,3,0,0,0,419,405,328,12,316,2,0,97,24,0,0,19,1438,3,2,907,800,0,0,2,2,0,0,381,367,298,5,293,2,0,99,27,0,0,44,1369,1,1,840,721,0,0,2,2,0,0,349,324,250,6,244,0,0,94,29,0,0,83,1339,1,1,783,719,1,0,2,2,0,0,328,321,285,6,279,6,3,128,46,0,0,90,1298,2,0,656,629,1,0,4,3,0,0,390,373,316,7,309,11,7,150,72,0,0,84,1318,2,2,648,645,3,1,6,5,0,0,395,373,311,15,296,5,2,144,91,0,0,115,1285,3,2,595,592,4,3,5,3,-,-,402,370,333,17,316,7,5,163,105,0,0,106,1257,4,3,567,567,7,4,3,3,-,-,388,355,330,25,305,9,7,157,102,-,-,122,1257,19,15,555,555,20,19,2,1,0,0,332,293,278,26,252,5,5,173,131,0,0,151,1225.0489,27.3501,18.5347,421.6743,419.5699,16.8144,13.2822,1.9284,1.8739,0,0,370.5383,241.79,299.2481,89.2915,209.9566,14.596,13.6272,157.2824,131.2161,0,0,214.865,1229.8412,31.598,21.3549,360.8709,356.6907,20.6186,14.9182,2.5243,2.001,0,0,375.8799,242.0862,314.8392,88.2333,226.6059,49.5134,15.8692,184.2463,157.2784,0,0,204.5898,1184.1506,28.5825,20.2107,326.8107,308.6436,22.9381,13.6644,1.3948,1.0659,0,0,363.5298,230.7669,296.5763,86.1185,210.4578,46.2477,13.9621,152.808,127.4748,0,0,241.839,1105.6708,27.2432,20.6299,292.596,286.0111,23.1353,15.2785,6.1355,0.8377,0,0,328.9595,204.9679,280.1542,91.2785,188.8757,10.7809,9.477,148.8884,122.7229,0,0,267.932
"세종특별자치시","합계",-,-,-,-,-,-,-,-,-,-,-,-,-,-,-,-,-,-,-,-,-,-,-,-,-,-,-,-,-,-,-,-,-,-,-,-,-,-,-,-,-,-,-,-,-,-,-,-,-,-,-,-,-,-,-,-,-,-,-,-,-,-,-,-,-,-,-,-,-,-,-,-,-,-,-,-,-,-,-,-,-,-,-,-,-,-,-,-,-,-,-,-,-,-,-,-,-,-,-,-,-,-,-,-,-,-,-,-,-,-,-,-,-,-,-,-,-,-,-,-,-,-,-,-,-,-,-,-,-,-,-,-,-,-,-,-,-,-,-,-,-,-,-,-,-,-,-,-,-,-,-,-,-,-,-,-,-,-,-,-,-,-,-,-,-,-,-,-,-,-,-,-,-,-,-,-,-,-,-,-,-,-,-,-,-,-,-,-,-,-,-,-,-,-,-,-,-,-,-,-,-,-,-,-,-,-,-,-,-,-,-,-,-,-,-,-,-,-,-,-,-,-,-,-,-,-,-,-,-,-,-,-,-,-,-,-,-,-,-,-,-,-,-,-,-,-,-,-,-,-,-,-,-,-,-,-,-,-,-,-,-,-,-,-,-,-,-,-,-,-,-,-,-,-,-,-,-,-,-,-,-,-,-,-,-,-,-,-,-,-,-,-,-,-,-,-,-,-,-,-,-,-,-,-,-,-,-,-,-,-,-,-,-,-,-,-,-,-,-,-,-,-,-,-,-,-,-,-,-,-,-,-,837,15,0,150,137,478,377,73,72,0,0,2,0,0,0,0,0,0,63,56,0,0,56,925.5463,10.3804,0.8322,155.6527,131.7397,520.5865,417.4787,58.9342,58.7066,0,0,8.7376,7.6171,0.6779,0.5043,0.1736,7.2346,3.7139,60.4183,50.4117,0,0,103.602,812.799,12.7561,10.1797,129.2528,124.4534,478.0173,441.7966,57.9733,57.9733,0,0,1.1729,0.2128,0.8126,0.5998,0.2128,6.6863,6.0141,48.0555,40.1911,0,0,78.8848,771.1288,10.5555,9.3376,92.0377,81.0223,456.9726,386.0403,62.9555,54.8526,0,0,1.575,0.4697,0.3551,0.3551,0,4.2332,4.0538,40.8128,35.61,0,0,101.9865,734.0434,0.5711,0,113.0708,94.0496,399.5139,334.1102,64.3197,62.0347,0,0,1.6077,0,0.4776,0.4776,0,3.9167,3.7336,41.8558,40.0541,0,0,109.1877
"경기도","합계",9650,381,318,4337,2475,1038,411,3472,2713,0,0,95,47,93,53,234,9642,333,261,4314,2595,1203,452,3378,2830,0,0,78,33,116,48,24,2,1,0,195,9525,351,237,4096,2637,1292,602,3322,2858,0,0,66,31,125,47,65,2,1,0,207,9064,345,223,4044,2645,1260,723,2963,2627,0,0,55,11,27,20,7,130,56,80,15,1,0,186,9085,312,207,3982,2785,1366,769,2911,2504,0,0,57,11,27,21,6,135,49,155,6,0,0,167,8164,357,218,3530,3045,1107,820,2766,2423,0,0,49,2,19,19,-,63,24,141,33,0,0,151,8218,339,198,3380,2980,1177,824,2747,2337,0,0,56,-,16,16,-,112,61,201,45,0,0,206,8168,335,205,3343,2921,1110,783,2525,2133,0,0,90,10,16,15,1,89,38,415,65,0,0,261,8281,309,162,3347,2838,1049,672,2462,2177,0,0,93,9,23,22,1,88,37,538,112,0,0,395,8385,294,200,3026,2646,1046,775,2487,2157,0,0,88,11,19,15,4,74,31,859,141,0,0,511,8179,299,199,2991,2612,1011,683,2276,2007,0,0,90,21,16,11,5,69,23,972,207,0,0,471,7816,299,197,2911,2560,926,610,2098,1941,2,0,63,12,20,18,2,67,32,959,281,0,0,491,7658,283,192,2703,2340,914,568,1991,1817,0,0,67,12,26,23,3,64,35,981,334,0,0,655,7357,268,192,2577,2272,883,533,1788,1680,-,-,46,4,18,18,-,56,38,1023,535,0,0,716,7151,330,170,2426,2141,912,639,1522,1444,-,-,44,4,15,14,1,60,30,929,556,-,-,928,7693,295,192,2248,2078,1033,834,1876,1846,0,0,42,4,25,21,4,69,58,905,705,0,0,1225,7995.0842,309.5074,170.9985,2108.3052,1958.917,1154.5091,906.865,1773.9003,1707.9617,0,0,60.183,5.8044,47.9794,43.5691,4.4103,51.5332,20.7756,897.7294,694.7673,0,0,1639.4166,8128.38,315.6965,161.923,2017.6572,1905.1549,1127.0936,882.518,1682.335,1625.9365,0,0,53.5281,5.9269,43.3369,39.8366,3.5003,48.472,23.6128,873.1233,721.362,0,0,2010.4743,7810.3995,341.0187,211.0044,1908.1292,1801.2749,1011.3691,775.6537,1621.7039,1578.8605,0,0,52.3409,8.9345,43.9752,36.4277,7.5475,47.8891,27.5266,831.183,643.1949,0,0,1996.7656,7723.243,353.1252,225.9837,1920.7113,1800.6159,977.6752,790.1077,1529.039,1463.7676,0,0,46.1917,8.6906,39.8552,33.6971,6.1581,58.2157,27.0029,779.9939,655.9717,0,0,2058.291
"강원도","합계",2211,262,224,644,347,692,385,155,111,0,0,182,82,58,35,218,2245,225,203,614,383,748,433,202,145,0,0,168,86,50,35,2,0,0,0,236,2249,168,157,562,364,810,488,242,168,0,0,138,76,68,44,17,1,0,0,244,2267,159,124,539,367,820,527,212,175,0,0,154,24,76,64,12,66,55,28,0,0,0,289,2161,144,104,516,316,785,522,233,177,0,0,148,21,71,63,8,60,51,40,4,0,0,235,1760,125,97,333,239,733,566,188,181,0,0,120,28,59,53,6,23,19,53,30,0,0,185,1731,114,71,300,216,640,462,218,180,0,0,148,18,55,50,5,22,19,97,29,0,0,192,1899,184,91,264,243,611,483,256,187,0,0,203,13,84,77,7,51,25,133,40,0,0,197,1870,199,95,237,161,520,386,226,212,0,0,180,12,54,51,3,53,14,147,38,0,0,308,2148,216,104,218,174,679,434,198,183,0,0,233,16,69,59,10,98,24,187,56,0,0,319,2158,321,118,161,150,595,417,187,177,0,0,274,14,94,84,10,56,35,212,60,0,0,352,2304,434,128,164,150,554,353,186,156,1,0,275,9,92,85,7,77,58,220,66,0,0,393,2381,516,212,132,115,548,384,177,148,3,1,261,8,116,110,6,75,60,215,71,0,0,454,2410,522,177,137,107,538,363,191,173,-,-,280,39,126,115,11,72,55,222,99,0,0,448,2747,721,218,134,127,596,383,154,140,-,-,266,25,132,121,11,74,69,234,108,-,-,568,3156,831,440,159,145,558,391,281,259,0,0,278,6,215,210,5,37,28,202,113,0,0,810,3407.1107,929.9594,391.2859,189.8592,178.2152,550.7396,375.4004,251.9014,232.5822,0,0,234.3389,6.013,194.8861,189.7154,5.1707,52.2919,30.4992,168.4116,101.775,0,0,1029.6087,3324.2979,947.2785,483.4545,181.5154,161.6961,558.9479,408.2159,201.2607,176.9532,0,0,246.4744,1.1215,198.8659,198.3048,0.5611,41.45,21.5555,162.3306,112.5662,0,0,985.0404,3541.329,1091.9981,541.9117,203.6151,188.0717,590.321,464.218,208.8736,167.8641,0,0,262.3321,3.1356,210.653,208.152,2.501,62.026,29.4298,168.8128,128.8135,0,0,953.3503,3440.9126,1124.3876,516.523,140.1726,124.4142,583.7486,472.1398,223.0435,178.1335,0,0,271.5909,2.3911,240.331,238.5427,1.7883,79.8592,59.1051,158.3661,140.5426,0,0,859.7441
"충청북도","합계",12806,3254,2296,2141,889,2459,1193,3716,3054,0,0,534,200,513,268,189,13020,3301,2278,2064,1126,2867,1357,3517,2946,0,0,594,213,515,310,3,0,0,0,159,12883,3417,2371,1863,1217,3102,1674,3099,2759,0,0,686,265,527,328,41,0,0,0,148,12637,3523,2165,1669,1166,3146,1853,2793,2473,0,0,748,25,277,277,-,504,311,94,4,0,0,160,12696,3784,2124,1401,1079,3291,1971,2576,2166,0,0,897,6,268,268,-,478,313,114,7,0,0,155,12670,3996,2248,1224,930,3387,2437,2373,2036,0,0,919,-,218,218,-,344,222,120,52,0,0,307,12658,4200,2372,1112,895,3309,2320,2261,1956,0,0,1054,3,214,212,2,265,201,130,63,0,0,327,13192,4193,2544,943,786,3166,2268,2495,2139,0,0,1487,48,274,273,1,200,157,173,52,0,0,535,14155,4220,2623,785,635,3530,2352,2298,2018,0,0,1650,41,331,326,5,212,179,431,101,0,0,1029,14290,4252,2752,712,605,3826,2641,2274,2041,0,0,1584,27,361,361,-,190,136,490,123,0,0,962,14190,4158,2793,647,576,3610,2553,2264,1972,0,0,1557,11,360,360,-,235,112,607,177,0,0,1112,13932,4016,2862,575,533,3743,2551,2261,1958,0,0,1397,5,395,395,-,265,138,609,214,0,0,1066,13624,3867,2747,531,457,3709,2452,2175,1911,0,0,1143,6,419,417,2,276,109,645,238,0,0,1278,13713,3877,2730,526,450,3775,2339,2079,1867,-,-,970,4,404,404,-,251,115,719,277,0,0,1516,14033,3984,2789,502,412,4174,2707,1892,1680,-,-,898,2,505,505,-,290,150,610,276,-,-,1683,14804,4087,2995,412,341,5380,4066,1142,1029,0,0,851,2,573,571,2,400,277,507,373,0,0,2025,14739.0392,4023.8512,2745.2835,398.8574,358.6781,5827.0551,4332.6866,865.4839,785.228,0,0,759.4675,3.2397,487.77,484.7756,2.9944,402.902,245.9341,467.5594,339.3339,0,0,1993.8627,14843.5744,4056.1745,2886.1024,405.0832,345.8248,5756.3463,4403.632,867.9954,801.0978,0,0,796.9363,0,531.2581,531.2581,0,426.4616,277.8595,379.6557,299.9132,0,0,2154.9214,14092.0165,3928.5437,2652.8075,362.2162,328.3225,5569.2969,4251.1471,779.469,682.4405,0,0,645.8434,1.105,456.2227,455.3125,0.9102,440.877,268.2374,282.5276,227.0628,0,0,2083.2427,13459.3024,3644.9688,2436.7439,314.6386,258.0698,5353.8323,4025.4403,824.5828,653.6264,0,0,669.3384,1.7841,441.9846,440.4853,1.4993,486.8773,252.0701,233.9875,185.9723,0,0,1931.0767
"충청남도","합계",11615,2228,1648,4588,2585,872,355,2914,2599,0,0,723,300,48,19,242,11303,2093,1501,4591,3288,906,453,2823,2541,0,0,577,292,72,29,36,3,0,0,205,11064,2007,1396,4515,3477,972,516,2713,2514,0,0,554,340,57,31,52,0,0,0,194,10586,2000,1304,4207,3363,987,490,2512,2203,0,0,501,157,311,233,78,63,35,68,0,0,0,248,10270,2053,1317,3940,3288,1025,625,2344,1803,0,0,460,137,283,202,81,40,27,221,2,0,0,187,7899,1448,1113,3336,2719,687,402,1731,1383,0,0,379,119,232,170,62,57,25,119,29,0,0,142,7997,1455,1105,3248,2915,744,544,1687,1506,0,0,461,107,258,217,41,45,22,192,57,0,0,165,7373,1441,1116,2798,2521,622,462,1434,1268,0,0,584,113,295,248,47,51,16,249,40,0,0,194,7676,1495,1135,2773,2556,645,529,1299,1211,0,0,747,125,292,250,42,43,17,365,100,0,0,309,7821,1632,1189,2786,2580,638,560,1180,1128,0,0,644,78,307,288,19,74,24,500,110,0,0,367,7687,1648,1288,2668,2459,547,406,1072,966,9,0,640,97,319,285,34,42,28,615,151,0,0,446,7634,1562,1220,2542,2393,551,399,1008,922,0,0,659,104,350,315,35,49,31,714,296,0,0,549,7319,1408,1042,2382,2248,511,376,845,751,0,0,631,79,364,323,41,44,38,863,495,0,0,635,7320,1358,1006,2389,2285,520,350,825,717,-,-,524,87,323,288,35,47,34,899,504,0,0,758,7133,1283,962,2334,2198,515,343,775,738,-,-,534,47,349,322,27,77,44,754,413,-,-,861,6913,1600,1226,2094,1963,395,335,874,803,0,0,493,59,283,271,12,21,17,557,441,0,0,879,7185.2052,1574.2394,1265.0868,2118.6415,2050.8291,405.2537,347.7955,792.3985,750.7611,0,0,490.5928,45.6892,271.8601,253.2052,18.6549,28.8492,23.658,522.0833,440.4364,0,0,1253.1468,6821.5585,1437.3623,1156.0571,2057.1979,2011.038,379.1127,337.0719,786.4473,678.5733,0,0,437.9139,42.9451,267.1331,253.1922,13.9409,32.2212,21.8606,496.1212,429.4675,0,0,1195.182,6629.3793,1435.9505,1141.618,2012.3368,1970.1159,371.3631,319.1191,687.8453,585.8392,0,0,464.9069,74.3285,312.7947,268.3223,44.4724,25.0189,15.15,418.9403,368.4374,0,0,1213.0175,6318.3229,1297.0499,994.8621,1956.2109,1905.2427,370.1306,312.7285,620.0973,579.6321,0,0,441.3206,124.8174,312.4036,214.017,98.3866,31.1647,19.3086,416.348,347.1229,0,0,1186.0009
"전라북도","합계",6077,762,522,1355,734,674,378,1395,1114,0,0,1340,743,57,44,494,6184,834,529,1321,887,775,437,1324,1120,0,0,1280,761,60,39,265,116,0,0,325,6171,900,475,1237,934,775,520,1264,999,0,0,1168,710,57,36,359,109,0,0,411,5884,952,502,1122,945,860,525,1021,792,0,0,1075,146,727,624,103,57,34,438,147,0,0,359,5643,933,534,1031,888,814,567,922,714,0,0,1113,142,735,638,97,48,38,461,205,0,0,321,5446,1148,614,929,733,814,527,767,581,0,0,974,62,506,470,36,58,30,534,264,0,0,222,5474,1310,815,926,835,786,524,664,518,0,0,953,81,532,477,55,71,22,574,343,0,0,190,6155,1614,938,760,714,689,490,644,492,0,0,1502,108,689,630,59,36,29,653,356,0,0,257,6275,1662,929,690,633,701,516,574,455,0,0,1529,75,616,564,52,51,42,757,390,0,0,311,6675,1763,1133,722,670,754,603,523,415,0,0,1780,83,766,717,49,43,28,787,419,0,0,303,6801,1835,1202,681,637,723,578,554,476,2,0,1827,79,864,810,54,41,33,818,418,0,0,320,6782,1869,1363,645,594,736,609,633,488,0,0,1703,137,916,827,89,51,36,805,450,0,0,340,8467,1925,1264,633,590,698,559,664,506,0,0,1631,110,952,872,80,51,28,841,524,1,1,2023,9050,2078,1244,617,589,808,583,631,467,-,-,1472,96,869,816,53,42,27,869,568,1,1,2532,9448,2223,1237,618,598,913,632,587,453,-,-,1515,116,967,893,74,48,26,868,578,-,-,2676,10330,2360,1565,681,617,1265,951,705,595,0,0,1558,78,863,837,26,84,61,942,737,0,0,2735,10313.152,2524.8156,1635.1059,715.0301,675.0462,1341.3535,923.8907,584.543,514.6125,0,0,1538.6627,114.4922,950.3069,861.9782,88.3287,97.6266,62.2202,788.3272,670.0625,0,0,2722.7933,9985.093,2642.5413,1592.7454,647.9107,625.5864,1373.9021,895.9267,552.8075,518.4592,0,0,1439.6464,115.1873,965.1596,879.3319,85.8277,84.6889,52.1789,704.6373,628.5583,0,0,2538.9588,9651.509,2698.3831,1776.395,536.7841,521.5381,1344.9897,1006.4206,484.4636,447.9709,0,0,1429.7107,69.9762,999.5625,967.4818,32.0807,70.0887,39.9521,627.8868,568.8283,0,0,2459.2023,8831.8598,2449.1548,1734.0857,532.2536,506.035,1309.0127,961.5522,509.7653,463.2974,0,0,1256.7874,81.9619,924.5015,887.1333,37.3682,77.2167,36.96,554.9174,499.9057,0,0,2142.7519
"전라남도","합계",15853,240,60,4394,3067,508,372,493,412,4,4,7969,5747,18,16,2227,15600,231,200,4453,3676,558,351,437,412,0,0,7405,5643,50,27,803,398,972,941,691,15387,282,205,4284,3757,614,345,393,345,2,0,7146,5847,66,31,1016,482,871,861,713,15166,312,199,4061,3643,571,323,363,311,2,0,6902,5867,5724,662,5062,65,31,1219,540,832,823,839,15116,276,171,3999,3624,557,382,337,290,2,0,6691,5444,5491,831,4660,80,35,1406,654,756,745,1012,16114,235,181,4460,4203,361,218,439,384,0,0,6950,5118,5534,1225,4309,111,73,1718,1132,728,708,1112,16561,243,166,4536,4264,368,235,370,312,2,0,6752,4666,5261,1409,3852,94,50,2095,1230,786,679,1315,17437,277,198,4622,4418,462,313,342,265,0,0,6950,4577,5346,1518,3828,82,38,2482,1427,706,652,1514,17019,321,240,4118,3948,345,228,313,252,9,0,6701,4300,5221,1558,3663,81,37,2595,1534,721,633,1815,19320,285,174,4079,3950,386,246,297,232,9,0,6976,4084,5359,1813,3546,77,37,3147,1966,708,642,3356,18022,292,174,3672,3545,387,255,283,226,13,0,6872,3821,5276,1959,3317,92,53,3557,2051,700,641,2154,18209,273,198,3638,3541,451,246,277,230,1,1,6688,3705,5231,1983,3248,76,34,3826,2133,664,545,2315,18547,300,241,3602,3492,432,176,277,141,0,0,6631,3623,5093,1939,3154,84,36,4255,2150,629,523,2337,18487,308,250,3457,3365,480,159,198,153,1,-,6457,3477,5001,2001,3000,94,47,4433,2444,568,474,2491,18578,289,235,3499,3388,506,189,198,195,1,-,6055,3108,4820,2104,2716,86,42,4300,2598,646,487,2998,18304,554,453,2499,2437,692,575,172,167,0,0,6026,3028,5283,2564,2719,53,38,4662,4105,703,579,2943,18179.6382,533.3394,356.9175,2449.8134,2393.4155,758.6493,590.3616,209.3925,191.6498,4.5695,0,5790.8653,2927.6996,5224.5953,2558.7252,2665.8701,65.2224,46.7489,4576.3769,4088.8392,803.6392,617.3115,2987.7703,17582.573,545.4847,330.2548,2330.0476,2224.2927,709.6958,573.2351,188.9575,160.9439,6.1719,4.2689,5606.6702,2673.3969,4987.1495,2571.6358,2415.5137,75.2056,55.8396,4223.9874,3844.0384,797.5053,619.414,3098.847,17131.793,557.2449,390.1057,2230.2928,2122.7619,780.4253,595.5951,163.2253,151.1113,5.0921,2.5058,5441.3259,2499.7709,4820.7139,2601.7482,2218.9657,74.9862,59.5764,3795.8803,3490.5078,808.1872,596.9794,3275.133,16486.8097,562.3377,389.0888,2142.8002,2048.962,788.3146,598.3154,134.4227,111.5879,4.1716,2.5687,5203.7784,2350.9127,4588.4625,2493.5704,2094.8921,78.2274,62.1578,3479.1624,3171.9027,897.9113,600.5453,3195.6834
"경상북도","합계",53385,16854,12319,4359,2022,7204,4274,11130,9038,0,0,6521,3465,4001,2030,3316,53732,16663,11773,4258,2347,7581,4701,10761,8707,0,0,6476,3541,4509,2267,335,62,0,0,3149,53264,16778,11391,3858,2319,7373,4782,10242,8447,0,0,6371,3600,4939,2561,495,83,0,0,3208,52402,16775,10740,3772,2386,7034,4797,9589,8045,0,0,6290,1964,3562,2329,1233,5112,2802,646,139,0,0,3184,51733,16774,10234,3515,2377,6357,4427,9397,7615,0,0,6544,1790,3622,2434,1188,5183,3002,642,198,0,0,3321,51226,18439,11678,3018,2309,5613,4121,7879,6701,0,0,6935,1377,3837,2913,924,4985,3571,749,397,0,0,3608,52423,19050,12204,2793,2326,5546,3967,7734,6277,0,0,7551,1270,4093,3188,905,4815,3598,927,538,0,0,4007,52727,19158,11497,2432,2196,5367,3548,7496,6114,0,0,8090,1475,4274,3301,973,4854,3666,1022,516,0,0,4308,53549,19339,11939,2197,1929,5608,3677,7613,6159,0,0,8426,1235,4380,3502,878,4689,3604,1066,526,0,0,4611,54207,19543,12919,1995,1795,6011,4225,7555,6142,0,0,8578,1302,4710,3795,915,4926,3771,1032,536,0,0,4567,54105,19470,13391,1849,1705,6335,4179,7524,6134,0,0,8512,1206,4919,4106,813,4786,3497,1096,569,0,0,4533,53347,19024,13332,1789,1682,6730,4357,7351,6028,0,0,8378,1065,4963,4183,780,4787,3491,1030,571,0,0,4258,52880,18895,13518,1748,1623,7180,4681,7205,5870,0,0,7968,905,5314,4597,717,4706,3567,1018,620,0,0,4160,53078,18811,13257,1536,1414,7903,4996,7092,5738,-,-,7574,745,5181,4592,589,4756,3675,990,614,0,0,4416,53486,19247,13759,1422,1308,8412,5403,6865,5704,-,-,7166,716,5157,4569,588,4933,3748,983,672,-,-,4458,56137,20083,14585,1309,1124,9288,6343,7015,6447,0,0,6625,541,5107,4674,433,5999,4927,915,692,0,0,4903,55983.1124,20178.2055,14354.9635,1286.8604,1161.3735,9658.1758,6904.0998,6056.1007,5435.9993,0,0,6715.4836,553.7146,5110.9201,4654.3648,456.5553,6207.641,4734.2084,914.3036,701.826,0.1914,0.1914,4966.1504,55070.5923,19780.4451,14473.0714,1222.6284,1064.3869,9767.1116,6969.2984,6010.7363,5206.4562,0,0,6437.4939,555.7531,5019.2652,4573.6371,445.6281,6089.8219,4479.4455,758.4881,603.8333,0,0,5003.867,53826.0491,19461.6107,14722.5172,1165.1777,1019.9691,9577.5958,6884.4469,6012.0083,4714.2509,0,0,6127.8771,473.3735,4896.128,4526.3125,369.8155,5885.0791,4377.1333,724.6512,551.6311,0,0,4872.0492,53005.8263,18704.9544,14322.7058,1081.1239,961.5218,9764.397,7123.832,6124.781,4286.0499,0,0,5951.6829,467.7098,4847.7567,4501.1943,346.5624,5996.6409,4471.6452,612.5963,488.1962,0,0,4769.6499
"경상남도","합계",20580,2236,1706,1653,1127,569,444,729,659,1,0,11749,9735,365,243,3278,20096,2366,1678,1672,1222,531,411,607,570,1,0,11149,9538,383,277,913,385,863,737,1611,19630,2390,1616,1617,1290,504,394,505,469,0,0,10647,9340,410,296,1139,407,792,706,1626,19124,2505,1552,1521,1275,443,321,446,408,1,0,10334,9363,9156,713,8443,395,297,1164,481,681,642,1634,18503,2506,1605,1465,1285,383,288,345,314,0,0,9898,8763,8891,827,8064,434,318,1255,596,588,536,1629,19040,2408,1634,1822,1705,349,281,433,409,0,0,10724,9408,10003,992,9011,230,184,1342,796,495,447,1237,19024,2493,1785,1729,1655,341,274,441,409,0,0,10475,9014,9696,1142,8554,242,199,1492,936,511,477,1300,18819,2628,1829,1515,1448,312,257,355,325,0,0,10331,8839,9417,1071,8346,266,194,1564,878,395,329,1453,18257,2767,1965,1348,1309,270,226,335,294,0,0,9660,8061,8706,1053,7653,213,146,1625,935,411,345,1628,19932,2868,2031,1312,1279,283,221,303,273,1,0,10698,8758,9469,1207,8262,250,175,1919,1110,382,326,1916,19742,3029,2157,1203,1171,297,242,340,302,1,0,10356,8167,8953,1255,7698,265,184,1914,1185,308,273,2029,19096,3156,2267,1030,994,347,231,363,289,0,0,9757,7442,8458,1361,7097,212,143,1973,1229,293,280,1965,19219,3148,2323,996,964,359,251,400,336,0,0,9633,7358,8423,1432,6991,225,168,2085,1346,269,246,2104,19678,3370,2480,935,893,359,253,379,344,-,-,9507,7182,8269,1454,6815,226,178,2270,1502,221,213,2411,19678,3444,2537,835,787,371,277,371,345,-,-,9427,7064,8198,1585,6613,249,195,2154,1502,185,182,2642,17777,3339,2305,641,569,365,237,243,201,0,0,8155,5623,7053,1716,5337,216,123,1982,1572,155,152,2681,17780.9825,3386.5439,2326.747,632.8129,579.7065,397.7483,261.1973,249.9243,214.125,0.3287,0,8009.6174,5371.2928,7024.9959,1913.1829,5111.813,223.0405,120.7978,1885.9123,1525.1419,157.1828,150.0122,2837.8714,17698.7534,3374.1545,2420.3501,584.8303,512.6139,483.8598,298.1026,274.9381,235.2566,0.646,0,7748.7515,5149.7459,6825.262,1919.6963,4905.5657,230.8523,148.2014,1775.0502,1493.4167,139.9171,134.6656,3085.7536,16883.923,3313.2847,2387.9874,434.514,414.4821,491.5696,363.0846,275.7474,233.653,0.4667,0.1503,7451.3465,4928.0778,6645.1236,1944.8113,4700.3123,278.2028,195.177,1597.4536,1379.2445,98.7816,93.9282,2942.5561,16101.8228,3339.6851,2639.3428,302.6519,286.0042,487.2576,380.0082,260.3673,226.1085,0.4451,0.1477,7076.3088,4819.2898,6389.9904,1821.2495,4568.7409,284.6452,192.1022,1402.6287,1235.4167,113.9494,107.0101,2833.8837
"제주도","합계",25368,0,0,8,0,0,0,0,0,24914,23561,268,184,0,0,178,24768,0,0,16,0,0,0,0,0,24329,23314,268,221,0,0,10,0,47,29,98,22789,0,0,16,0,17,0,0,0,22471,21635,176,162,1,0,5,0,42,24,61,20041,0,0,15,7,17,0,0,0,19789,19214,157,157,150,-,150,1,0,0,0,20,20,42,19345,0,0,15,7,17,0,0,0,19143,18642,113,113,104,-,104,1,0,0,0,26,26,30,19051,0,0,23,23,0,0,0,0,18662,18289,146,146,143,-,143,0,0,106,0,17,17,97,18994,0,0,28,28,0,0,0,0,18620,18223,121,121,119,-,119,0,0,116,86,17,17,92,18646,0,0,22,22,0,0,0,0,18216,17889,115,115,108,-,108,0,0,122,115,17,17,154,18801,1,0,8,7,1,0,0,0,18344,17901,89,89,88,-,88,0,0,251,114,17,17,90,18670,0,0,8,8,0,0,0,0,18031,17573,84,84,80,-,80,0,0,249,26,148,148,150,18657,0,0,7,7,1,1,0,0,18009,17378,92,89,88,3,85,0,0,277,43,148,148,123,18424,0,0,8,7,1,0,0,0,17767,17145,84,84,81,-,81,0,0,276,162,148,148,140,18261,0,0,7,7,1,0,0,0,17530,16992,89,89,77,-,77,0,0,274,62,148,148,212,17659,-,-,13,13,-,-,-,-,17006,16439,98,98,68,-,68,-,-,227,149,130,130,185,17324,-,-,8,8,1,-,-,-,16691,16112,71,71,71,-,71,-,-,215,45,146,146,192,18113,0,0,0,0,2,2,0,0,17624,17049,89,89,81,0,81,0,0,160,158,0,0,238,17804.168,0.0345,0.0339,0.0339,0,1.7815,1.7269,0,0,17261.7401,16624.1932,95.2816,95.2816,91.1623,0,91.1623,0,0,169.0037,151.4606,0,0,276.2927,17333.7797,0.0783,0.0487,0.4214,0.4088,2.1497,2.0659,0.2014,0.1644,16802.9902,16025.508,144.2089,144.2089,100.5866,0,100.5866,0,0,132.5677,117.7627,0,0,251.1621,16765.338,0.3324,0.0143,0.55,0.478,23.3761,0.6717,0.3918,0.2526,16247.5634,15383.4259,136.978,136.978,94.5765,0,94.5765,0,0,140.9713,123.5584,0,0,215.175,16677.473,0.5221,0,0.4997,0.4411,18.8167,0.5488,0.2504,0.1148,16155.0264,15511.7021,135.7812,135.2796,93.8188,0.5016,93.3172,0,0,142.9701,127.6958,0,0,223.6064
