시도별,작물,2001,2002,2003,2004,2005,2006,2007,2008,2009,2010,2011,2012,2013,2014,2015,2016,2017,2018,2019,2020
강원도,"['감귤_-', '감자_가을', '감자_고랭지', '감자_봄', '고추_-', '단감_-', '당근_-', '대파_-', '땅콩_-', '마늘_-', '무_가을', '무_겨울', '무_고랭지', '무_봄', '배_-', '배추_가을', '배추_겨울', '배추_고랭지', '배추_봄', '복숭아_-', '사과_-', '생강_-', '시금치_-', '양배추_-', '양파_-', '쪽파_-', '참깨_-', '포도_-']","[0.0, 765.0, 161222.0, 67685.0, 5019.0, 385.0, 20912.0, 17160.0, 206.0, 4078.0, 52796.0, 0.0, 74033.0, 175829.0, 5986.0, 60499.0, 0.0, 290571.0, 457381.0, 6560.0, 3275.0, 26.0, 2619.0, 39161.0, 10969.0, 10533.0, 673.0, 1918.0]","[0.0, 448.0, 182212.0, 76259.0, 4795.0, 231.0, 11461.0, 22448.0, 337.0, 3769.0, 33509.0, 0.0, 60702.0, 142248.0, 5906.0, 50735.0, 0.0, 215921.0, 329737.0, 6897.0, 2905.0, 50.0, 1807.0, 44361.0, 3179.0, 7543.0, 482.0, 2309.0]","[0.0, 1022.0, 129196.0, 45822.0, 3736.0, 252.0, 11777.0, 19360.0, 168.0, 2349.0, 33894.0, 0.0, 66673.0, 166433.0, 4801.0, 53747.0, 0.0, 238289.0, 403809.0, 7671.0, 2144.0, 45.0, 842.0, 49519.0, 3313.0, 4369.0, 369.0, 2759.0]","[0.0, 1181.0, 125116.0, 60110.0, 3639.0, 194.0, 7188.0, 23436.0, 113.0, 2322.0, 50390.0, 0.0, 48840.0, 139384.0, 7576.0, 59235.0, 0.0, 231642.0, 432614.0, 7962.0, 2023.0, 0.0, 1170.0, 57144.0, 4872.0, 10570.0, 344.0, 2580.0]","[0.0, 1498.0, 151609.0, 72816.0, 3873.0, 201.0, 11009.0, 20320.0, 126.0, 2628.0, 42501.0, 0.0, 48209.0, 100589.0, 5440.0, 49925.0, 0.0, 196058.0, 280550.0, 9177.0, 1506.0, 0.0, 1426.0, 55597.0, 3392.0, 7555.0, 491.0, 3257.0]","[0.0, 1416.0, 95232.0, 61864.0, 3346.0, 298.0, 5704.0, 29743.0, 113.0, 2355.0, 51458.0, 0.0, 56835.0, 146103.0, 3967.0, 72896.0, 0.0, 214406.0, 342322.0, 9155.0, 1762.0, 34.0, 1223.0, 61674.0, 510.0, 3323.0, 348.0, 2956.0]","[0.0, 643.0, 111043.0, 57100.0, 3522.0, 186.0, 4420.0, 34200.0, 181.0, 2596.0, 30704.0, 0.0, 75962.0, 148890.0, 4509.0, 56853.0, 0.0, 208119.0, 295633.0, 8083.0, 1176.0, 38.0, 536.0, 60848.0, 1969.0, 2663.0, 339.0, 3631.0]","[0.0, 820.0, 120960.0, 61062.0, 3378.0, 107.0, 4008.0, 35373.0, 186.0, 3162.0, 47211.0, 0.0, 70652.0, 150446.0, 7589.0, 75771.0, 0.0, 197399.0, 286683.0, 8456.0, 1638.0, 14.0, 991.0, 48770.0, 679.0, 2951.0, 382.0, 5895.0]","[0.0, 886.0, 114631.0, 55699.0, 2959.0, 29.0, 3832.0, 23044.0, 247.0, 3362.0, 36627.0, 0.0, 51300.0, 118126.0, 3498.0, 85480.0, 0.0, 180776.0, 258048.0, 4910.0, 1497.0, 0.0, 1101.0, 68249.0, 2001.0, 2581.0, 404.0, 3553.0]","[0.0, 821.0, 138022.0, 47907.0, 3325.0, 88.0, 4817.0, 35875.0, 189.0, 2944.0, 26276.0, 0.0, 50425.0, 91825.0, 2100.0, 56284.0, 0.0, 117534.0, 172898.0, 3654.0, 1522.0, 0.0, 930.0, 27529.0, 2139.0, 2816.0, 222.0, 3267.0]","[0.0, 335.0, 93349.0, 53841.0, 3016.0, 77.0, 7628.0, 41105.0, 246.0, 3810.0, 58617.0, 0.0, 73346.0, 135348.0, 1890.0, 109193.0, 0.0, 123344.0, 223498.0, 3524.0, 1027.0, 0.0, 725.0, 57298.0, 1131.0, 3211.0, 185.0, 2723.0]","[0.0, 926.0, 125077.0, 63322.0, 2994.0, 54.0, 4406.0, 28876.0, 232.0, 2933.0, 42519.0, 0.0, 69424.0, 111918.0, 1781.0, 82057.0, 0.0, 175221.0, 193341.0, 2407.0, 1422.0, 7.0, 593.0, 43865.0, 1459.0, 4401.0, 229.0, 2440.0]","[16.0, 855.0, 108562.0, 73465.0, 3063.0, 39.0, 3042.0, 55509.0, 246.0, 3539.0, 49452.0, 0.0, 56480.0, 107960.0, 2062.0, 116102.0, 0.0, 185655.0, 233885.0, 2289.0, 2578.0, 13.0, 530.0, 37727.0, 1070.0, 2259.0, 189.0, 2766.0]","[0, 741, 106947, 51919, 2674, 65, 2522, 96624, 234, 2551, 47689, 0, 74191, 108003, 1553, 112985, 0, 161410, 198664, 3478, 2225, 29, 917, 60503, 2043, 3595, 255, 3421]","[0, 369, 131025, 45629, 2780, 66, 2791, 49510, 266, 2385, 48497, 0, 56300, 100902, 1919, 100067, 0, 136675, 187687, 3619, 4472, 44, 361, 45257, 1852, 1087, 281, 2655]","[0, 616, 120345, 43835, 2076, 32, 7640, 25971, 494, 1452, 41865, 0, 82253, 117903, 2320, 95255, 0, 120879, 178623, 4012, 5778, 37, 213, 65661, 996, 1512, 306, 5442]","[0, 485, 98639, 39125, 2064, 30, 4426, 47172, 516, 2100, 37739, 0, 87603, 140167, 3387, 114653, 0, 227851, 322393, 4009, 5550, 252, 181, 46793, 1962, 1896, 327, 3487]","[0, 1113, 91277, 47731, 2113, 4, 3458, 40675, 445, 1999, 50518, 0, 86794, 120716, 2274, 110879, 0, 244705, 306831, 3861, 5506, 36, 142, 52894, 3334, 3466, 325, 2663]","[0, 805, 138378, 59973, 2557, 14, 7917, 53782, 374, 1865, 57231, 0, 76173, 105945, 3080, 114111, 0, 218631, 287577, 4224, 10486, 57, 745, 67998, 6112, 5100, 440, 2454]","[0, 0, 118595, 45619, 2251, 0, 0, 0, 0, 2476, 57316, 0, 0, 0, 1185, 144285, 0, 0, 0, 0, 8215, 0, 0, 0, 4455, 0, 193, 0]"
경기도,"['감귤_-', '감자_가을', '감자_봄', '고추_-', '단감_-', '당근_-', '대파_-', '땅콩_-', '마늘_-', '무_가을', '무_겨울', '무_봄', '배_-', '배추_가을', '배추_겨울', '배추_봄', '복숭아_-', '사과_-', '생강_-', '시금치_-', '양배추_-', '양파_-', '쪽파_-', '참깨_-', '포도_-']","[0.0, 15.0, 15261.0, 5740.0, 29.0, 433.0, 144146.0, 986.0, 6027.0, 210816.0, 0.0, 165892.0, 68668.0, 231181.0, 0.0, 93312.0, 14926.0, 5778.0, 92.0, 5428.0, 131.0, 1323.0, 26995.0, 1400.0, 65239.0]","[0.0, 32.0, 22573.0, 4960.0, 179.0, 557.0, 170778.0, 820.0, 4914.0, 178507.0, 0.0, 117552.0, 61648.0, 139400.0, 0.0, 100972.0, 17492.0, 6032.0, 391.0, 3212.0, 3542.0, 1374.0, 18359.0, 1288.0, 61964.0]","[0.0, 213.0, 18148.0, 4242.0, 232.0, 468.0, 158143.0, 666.0, 4601.0, 137252.0, 0.0, 116340.0, 56572.0, 136073.0, 0.0, 98158.0, 19044.0, 4658.0, 84.0, 2768.0, 904.0, 463.0, 19819.0, 763.0, 58611.0]","[0.0, 355.0, 23974.0, 4346.0, 35.0, 837.0, 189274.0, 508.0, 4652.0, 196075.0, 0.0, 123538.0, 70845.0, 171205.0, 0.0, 94092.0, 18283.0, 4356.0, 80.0, 3579.0, 1469.0, 1214.0, 17700.0, 840.0, 48665.0]","[0.0, 834.0, 32616.0, 4841.0, 91.0, 538.0, 126563.0, 635.0, 4807.0, 155055.0, 0.0, 79550.0, 75220.0, 153969.0, 0.0, 66336.0, 23427.0, 3836.0, 149.0, 4749.0, 2708.0, 2133.0, 18735.0, 921.0, 52328.0]","[0.0, 368.0, 27572.0, 4104.0, 0.0, 22.0, 141692.0, 654.0, 4282.0, 162592.0, 0.0, 94324.0, 73701.0, 173029.0, 0.0, 75552.0, 18664.0, 5060.0, 92.0, 2998.0, 1756.0, 782.0, 15490.0, 791.0, 51947.0]","[0.0, 483.0, 27544.0, 3881.0, 0.0, 256.0, 126464.0, 742.0, 4585.0, 118625.0, 0.0, 53926.0, 75124.0, 144678.0, 0.0, 48484.0, 19585.0, 3998.0, 117.0, 2587.0, 1964.0, 2439.0, 14080.0, 928.0, 49967.0]","[0.0, 1087.0, 31187.0, 3557.0, 128.0, 173.0, 136501.0, 774.0, 4827.0, 182253.0, 0.0, 78270.0, 83035.0, 188917.0, 0.0, 41164.0, 18482.0, 4773.0, 83.0, 3175.0, 1482.0, 1215.0, 9474.0, 822.0, 49112.0]","[0.0, 919.0, 33915.0, 3378.0, 13.0, 354.0, 123103.0, 899.0, 4917.0, 188691.0, 0.0, 51348.0, 76821.0, 215364.0, 0.0, 24550.0, 11330.0, 2995.0, 73.0, 2782.0, 2271.0, 917.0, 5252.0, 833.0, 41213.0]","[0.0, 1938.0, 38751.0, 3348.0, 35.0, 406.0, 107765.0, 1256.0, 3924.0, 109435.0, 0.0, 41394.0, 50505.0, 153864.0, 0.0, 13718.0, 9378.0, 2900.0, 282.0, 1491.0, 316.0, 1420.0, 5765.0, 638.0, 38836.0]","[0.0, 376.0, 39254.0, 3129.0, 43.0, 0.0, 160328.0, 818.0, 4930.0, 226223.0, 0.0, 46702.0, 54304.0, 233010.0, 0.0, 35174.0, 8162.0, 1952.0, 72.0, 2342.0, 3621.0, 4000.0, 9285.0, 386.0, 36981.0]","[0.0, 1003.0, 34574.0, 3176.0, 17.0, 358.0, 88538.0, 864.0, 5126.0, 146284.0, 0.0, 41784.0, 45750.0, 180015.0, 0.0, 18460.0, 6844.0, 2047.0, 134.0, 1403.0, 5521.0, 5178.0, 6349.0, 536.0, 30989.0]","[0.0, 913.0, 56714.0, 3577.0, 25.0, 238.0, 106042.0, 1161.0, 7405.0, 160553.0, 0.0, 70296.0, 47452.0, 198297.0, 0.0, 17108.0, 6237.0, 2784.0, 30.0, 1616.0, 4771.0, 4653.0, 9228.0, 506.0, 30464.0]","[0, 450, 48256, 2919, 0, 837, 120659, 958, 6330, 169493, 0, 119162, 49905, 181864, 0, 17136, 6151, 2272, 77, 812, 3034, 8853, 16878, 619, 29839]","[0, 601, 38338, 2635, 8, 884, 81167, 1105, 6054, 170647, 0, 129110, 48384, 148026, 0, 30508, 6816, 2740, 637, 2156, 5952, 8192, 17640, 602, 26707]","[0, 725, 54358, 2809, 33, 380, 92117, 1539, 6165, 122146, 0, 61568, 46144, 126596, 0, 21918, 12543, 2234, 1897, 1738, 1880, 13120, 15575, 853, 31707]","[0, 810, 39117, 2670, 36, 1166, 108700, 1794, 5918, 126798, 0, 73776, 44122, 137180, 0, 19274, 14515, 1762, 911, 1426, 2374, 12755, 10210, 855, 29462]","[0, 994, 43299, 2555, 27, 781, 118655, 926, 7493, 174620, 0, 79812, 36231, 142990, 0, 15020, 9309, 992, 360, 1751, 3136, 28031, 16001, 820, 26512]","[126, 1472, 51317, 2761, 117, 1036, 108150, 784, 8047, 163846, 0, 72882, 33076, 119551, 0, 20206, 7218, 1699, 1442, 2551, 3376, 32282, 14736, 1116, 28301]","[0, 0, 40759, 2586, 0, 0, 0, 0, 11087, 109649, 0, 0, 26255, 111503, 0, 0, 0, 1563, 0, 0, 0, 20525, 0, 437, 0]"
경상남도,"['감귤_-', '감자_가을', '감자_고랭지', '감자_봄', '고추_-', '단감_-', '당근_-', '대파_-', '땅콩_-', '마늘_-', '무_가을', '무_겨울', '무_고랭지', '무_봄', '배_-', '배추_가을', '배추_겨울', '배추_고랭지', '배추_봄', '복숭아_-', '사과_-', '생강_-', '시금치_-', '양배추_-', '양파_-', '쪽파_-', '참깨_-', '포도_-']","[0.0, 11308.0, 0.0, 48922.0, 2893.0, 102194.0, 9335.0, 19275.0, 446.0, 70713.0, 99791.0, 0.0, 8003.0, 63309.0, 31939.0, 131366.0, 0.0, 22141.0, 62653.0, 9241.0, 43588.0, 110.0, 18655.0, 859.0, 230375.0, 21366.0, 3064.0, 12478.0]","[54.0, 9548.0, 0.0, 47678.0, 2937.0, 98346.0, 12296.0, 31687.0, 459.0, 71678.0, 63910.0, 0.0, 7541.0, 56293.0, 21444.0, 90056.0, 0.0, 26454.0, 53330.0, 7806.0, 41094.0, 218.0, 13015.0, 3514.0, 190281.0, 23261.0, 1857.0, 11766.0]","[0.0, 7609.0, 0.0, 39244.0, 2590.0, 65641.0, 9727.0, 31518.0, 442.0, 63753.0, 66734.0, 0.0, 5910.0, 61762.0, 12993.0, 91837.0, 0.0, 22522.0, 76860.0, 7197.0, 28061.0, 145.0, 13696.0, 1047.0, 127140.0, 14087.0, 860.0, 8670.0]","[20.0, 15126.0, 0.0, 47273.0, 2768.0, 96813.0, 8498.0, 43551.0, 474.0, 62591.0, 88069.0, 0.0, 2820.0, 51278.0, 29709.0, 132369.0, 0.0, 22018.0, 81992.0, 6565.0, 33898.0, 316.0, 17902.0, 1269.0, 146649.0, 15291.0, 1840.0, 7091.0]","[0.0, 19960.0, 0.0, 67227.0, 2861.0, 144064.0, 5229.0, 26250.0, 437.0, 64423.0, 66285.0, 0.0, 2711.0, 46301.0, 29651.0, 116274.0, 0.0, 15933.0, 53687.0, 6074.0, 38952.0, 285.0, 17343.0, 533.0, 193610.0, 20740.0, 2068.0, 6714.0]","[0.0, 19514.0, 0.0, 45923.0, 2355.0, 117788.0, 8376.0, 43540.0, 422.0, 65644.0, 77944.0, 0.0, 2394.0, 36448.0, 37410.0, 128085.0, 0.0, 16731.0, 78103.0, 4310.0, 43731.0, 148.0, 20005.0, 6962.0, 167712.0, 19432.0, 1299.0, 6509.0]","[124.0, 15885.0, 219.0, 40660.0, 2275.0, 120337.0, 10369.0, 29594.0, 493.0, 70042.0, 51162.0, 0.0, 1951.0, 33849.0, 36579.0, 117973.0, 0.0, 7849.0, 57353.0, 4815.0, 49847.0, 118.0, 18327.0, 2320.0, 205558.0, 8655.0, 1429.0, 9226.0]","[166.0, 13528.0, 0.0, 39213.0, 2294.0, 117294.0, 15244.0, 27213.0, 503.0, 76193.0, 61197.0, 0.0, 1168.0, 46524.0, 35536.0, 116147.0, 0.0, 11155.0, 45225.0, 4596.0, 52399.0, 63.0, 18867.0, 2713.0, 196688.0, 7419.0, 1754.0, 7360.0]","[174.0, 13077.0, 0.0, 33163.0, 2285.0, 103162.0, 13644.0, 22023.0, 474.0, 79028.0, 47442.0, 0.0, 3819.0, 21299.0, 31087.0, 113425.0, 0.0, 5495.0, 39777.0, 3218.0, 53469.0, 92.0, 20415.0, 734.0, 271633.0, 6225.0, 859.0, 6307.0]","[136.0, 9516.0, 47.0, 32524.0, 2298.0, 99722.0, 15824.0, 20497.0, 547.0, 64393.0, 29882.0, 0.0, 3970.0, 9580.0, 22290.0, 97556.0, 0.0, 5703.0, 47171.0, 2935.0, 42239.0, 130.0, 22751.0, 1133.0, 306291.0, 4679.0, 758.0, 6144.0]","[84.0, 8047.0, 0.0, 39341.0, 2628.0, 98303.0, 13347.0, 37171.0, 626.0, 73812.0, 66212.0, 0.0, 806.0, 19614.0, 22534.0, 159840.0, 0.0, 4949.0, 94979.0, 3298.0, 41575.0, 168.0, 27260.0, 3414.0, 357453.0, 7122.0, 1239.0, 5294.0]","[0.0, 7329.0, 0.0, 37636.0, 2762.0, 110004.0, 17566.0, 13510.0, 548.0, 83981.0, 32101.0, 0.0, 281.0, 22951.0, 8511.0, 89924.0, 0.0, 4912.0, 40098.0, 2950.0, 39719.0, 299.0, 28461.0, 2545.0, 282022.0, 5124.0, 1025.0, 5203.0]","[0.0, 5786.0, 0.0, 44020.0, 2982.0, 97455.0, 14482.0, 22295.0, 694.0, 109090.0, 49372.0, 0.0, 961.0, 18283.0, 14682.0, 104633.0, 0.0, 1891.0, 42547.0, 3680.0, 57142.0, 413.0, 25792.0, 1228.0, 379299.0, 5089.0, 1491.0, 5817.0]","[0, 4963, 0, 33283, 2335, 123283, 7517, 15498, 686, 90254, 37698, 0, 0, 6764, 20268, 97289, 0, 944, 43520, 4040, 62716, 147, 24466, 2237, 383139, 3997, 1026, 5240]","[0, 3605, 0, 35441, 2234, 108433, 39182, 15815, 684, 72010, 49680, 0, 0, 15818, 11562, 77142, 0, 1276, 21188, 3880, 67491, 586, 21938, 5043, 247845, 3530, 1042, 6547]","[0, 6168, 0, 40637, 2110, 80455, 27546, 20865, 944, 69874, 23732, 0, 0, 20092, 8077, 49917, 0, 3431, 28119, 3319, 51134, 1429, 19330, 6600, 353063, 3158, 1343, 4243]","[0, 6488, 0, 36332, 1948, 68933, 27054, 26201, 886, 72649, 52047, 0, 187, 27351, 10104, 60723, 0, 300, 47280, 3941, 53782, 715, 13270, 2886, 239459, 4839, 1646, 4081]","[5, 7706, 0, 33978, 2024, 63782, 29468, 26753, 682, 79363, 44810, 0, 1327, 28141, 8166, 57021, 0, 0, 25878, 3862, 50461, 574, 13798, 3914, 361120, 8021, 1594, 4055]","[2, 8945, 0, 50973, 2237, 63656, 25666, 22277, 504, 97925, 48488, 0, 0, 26554, 5245, 44447, 0, 0, 25598, 4876, 62136, 301, 15915, 2881, 353752, 6520, 1361, 5023]","[0, 0, 0, 39276, 2186, 0, 0, 0, 0, 97511, 29908, 0, 0, 0, 2924, 61098, 0, 0, 0, 0, 48194, 0, 0, 0, 248082, 0, 1002, 0]"
경상북도,"['감귤_-', '감자_가을', '감자_고랭지', '감자_봄', '고추_-', '단감_-', '당근_-', '대파_-', '땅콩_-', '마늘_-', '무_가을', '무_겨울', '무_고랭지', '무_봄', '배_-', '배추_가을', '배추_겨울', '배추_고랭지', '배추_봄', '복숭아_-', '사과_-', '생강_-', '시금치_-', '양배추_-', '양파_-', '쪽파_-', '참깨_-', '포도_-']","[0.0, 3636.0, 2412.0, 37989.0, 18124.0, 14493.0, 3646.0, 57762.0, 1865.0, 46949.0, 99386.0, 0.0, 11736.0, 131632.0, 57020.0, 110229.0, 0.0, 15412.0, 247414.0, 74129.0, 242561.0, 2058.0, 6225.0, 13055.0, 191272.0, 19877.0, 7357.0, 177299.0]","[0.0, 3517.0, 2175.0, 48411.0, 18371.0, 23840.0, 3471.0, 45184.0, 2072.0, 44185.0, 71109.0, 0.0, 4095.0, 96329.0, 61632.0, 83363.0, 0.0, 13961.0, 232721.0, 86348.0, 274900.0, 3817.0, 5053.0, 12779.0, 185849.0, 16954.0, 4963.0, 185878.0]","[0.0, 2435.0, 910.0, 36679.0, 15269.0, 22640.0, 2895.0, 49672.0, 1867.0, 44335.0, 80264.0, 0.0, 7590.0, 134116.0, 34684.0, 95627.0, 0.0, 18153.0, 129317.0, 82209.0, 230935.0, 2874.0, 5978.0, 10384.0, 112155.0, 15261.0, 2816.0, 162414.0]","[0.0, 8554.0, 1214.0, 50747.0, 16193.0, 23313.0, 1722.0, 57481.0, 3370.0, 40459.0, 92146.0, 0.0, 9075.0, 122985.0, 48945.0, 132174.0, 0.0, 15864.0, 277818.0, 92356.0, 219048.0, 2231.0, 4918.0, 9978.0, 155622.0, 14448.0, 4440.0, 159985.0]","[0.0, 9979.0, 2620.0, 85056.0, 15935.0, 21462.0, 2681.0, 35140.0, 1593.0, 50892.0, 64271.0, 0.0, 5148.0, 72210.0, 54400.0, 99838.0, 0.0, 16119.0, 176467.0, 91795.0, 219723.0, 2766.0, 3984.0, 13284.0, 177569.0, 20020.0, 5718.0, 174896.0]","[0.0, 5496.0, 211.0, 66370.0, 13749.0, 18039.0, 3216.0, 52560.0, 1920.0, 45572.0, 85359.0, 0.0, 5658.0, 106756.0, 54836.0, 152442.0, 0.0, 26861.0, 246581.0, 85318.0, 253441.0, 3287.0, 6425.0, 23820.0, 140207.0, 15720.0, 2714.0, 148065.0]","[0.0, 7039.0, 1280.0, 62066.0, 14761.0, 16332.0, 2761.0, 48215.0, 1785.0, 46171.0, 56908.0, 0.0, 3039.0, 83927.0, 61945.0, 130400.0, 0.0, 14931.0, 199079.0, 81027.0, 271418.0, 7369.0, 2219.0, 23164.0, 175358.0, 10329.0, 3163.0, 147367.0]","[0.0, 7585.0, 1821.0, 62501.0, 12991.0, 21697.0, 2845.0, 51275.0, 1813.0, 48775.0, 67595.0, 0.0, 2440.0, 108070.0, 55511.0, 176969.0, 0.0, 18223.0, 190867.0, 81525.0, 276888.0, 5810.0, 2044.0, 34323.0, 157341.0, 9442.0, 3642.0, 155982.0]","[0.0, 4922.0, 1211.0, 73033.0, 11781.0, 12371.0, 2935.0, 34358.0, 2646.0, 47075.0, 59382.0, 0.0, 283.0, 96973.0, 47701.0, 175143.0, 0.0, 4470.0, 193350.0, 57141.0, 304517.0, 5792.0, 3609.0, 30495.0, 186610.0, 10421.0, 2675.0, 133578.0]","[0.0, 4689.0, 1354.0, 63624.0, 11699.0, 10641.0, 2110.0, 35861.0, 3455.0, 38886.0, 39510.0, 0.0, 357.0, 77517.0, 36167.0, 114068.0, 0.0, 4804.0, 137560.0, 60587.0, 292707.0, 8440.0, 3637.0, 25747.0, 178230.0, 11249.0, 2548.0, 125954.0]","[0.0, 3328.0, 1596.0, 84966.0, 10896.0, 9488.0, 3751.0, 46956.0, 4001.0, 44110.0, 60077.0, 0.0, 306.0, 98476.0, 39548.0, 197115.0, 0.0, 3490.0, 217206.0, 63061.0, 240865.0, 11504.0, 4328.0, 29692.0, 169395.0, 14126.0, 2562.0, 106702.0]","[0.0, 3965.0, 1294.0, 84204.0, 12059.0, 9352.0, 5605.0, 39862.0, 3187.0, 60079.0, 44690.0, 0.0, 704.0, 72472.0, 30309.0, 145964.0, 0.0, 10778.0, 117042.0, 72239.0, 251661.0, 9743.0, 3025.0, 30366.0, 152452.0, 13489.0, 2419.0, 123973.0]","[0.0, 3617.0, 2563.0, 120791.0, 10725.0, 8618.0, 7117.0, 37394.0, 2612.0, 68244.0, 51114.0, 0.0, 2106.0, 78220.0, 33387.0, 158204.0, 0.0, 5091.0, 153213.0, 72883.0, 309129.0, 13171.0, 3154.0, 27971.0, 177115.0, 10007.0, 2744.0, 115243.0]","[0, 4837, 1552, 77125, 8587, 7233, 8919, 38614, 3669, 59802, 48862, 0, 1781, 73361, 30859, 175739, 0, 13121, 111545, 76988, 292340, 17251, 2067, 35997, 187158, 10318, 2921, 119166]","[0, 2577, 843, 76027, 8387, 6936, 7270, 34110, 2746, 46001, 57108, 0, 1485, 66657, 24800, 141599, 0, 7636, 75138, 89403, 372627, 17043, 2219, 26679, 134423, 13231, 2628, 119549]","[0, 3620, 1582, 80402, 7426, 5283, 5918, 28451, 3338, 54851, 39632, 0, 2614, 82306, 23664, 131991, 0, 13317, 104013, 105700, 367710, 22897, 2593, 22209, 146390, 13583, 3214, 134328]","[0, 2455, 256, 55457, 6368, 5360, 4436, 46285, 3274, 60563, 66174, 0, 4863, 91239, 28449, 189543, 0, 23375, 159115, 114007, 338034, 15505, 3720, 24507, 124702, 18800, 3088, 108602]","[0, 3071, 534, 77378, 6768, 4948, 5130, 34918, 2783, 84952, 44630, 0, 1712, 98844, 19831, 181526, 0, 32412, 193494, 108693, 315230, 8420, 7575, 15181, 212066, 11850, 2619, 95840]","[12, 4339, 1298, 78931, 7212, 4412, 3367, 39802, 1752, 100699, 27439, 0, 1008, 73856, 21378, 154884, 0, 13694, 130682, 105669, 338085, 9422, 2356, 16872, 247231, 10845, 2700, 88416]","[0, 0, 845, 65340, 7906, 0, 0, 0, 0, 83020, 39065, 0, 0, 0, 10796, 168201, 0, 0, 0, 0, 277942, 0, 0, 0, 191509, 0, 1739, 0]"
광주광역시,"['감귤_-', '감자_가을', '감자_봄', '고추_-', '단감_-', '당근_-', '대파_-', '땅콩_-', '마늘_-', '무_가을', '무_겨울', '무_봄', '배_-', '배추_가을', '배추_겨울', '배추_봄', '복숭아_-', '사과_-', '생강_-', '시금치_-', '양배추_-', '양파_-', '쪽파_-', '참깨_-', '포도_-']","[0.0, 122.0, 310.0, 181.0, 3553.0, 20.0, 2992.0, 12.0, 474.0, 69336.0, 0.0, 9272.0, 3004.0, 18538.0, 0.0, 13940.0, 150.0, 12.0, 8.0, 573.0, 0.0, 222.0, 1170.0, 244.0, 2524.0]","[0.0, 101.0, 543.0, 190.0, 3409.0, 96.0, 976.0, 7.0, 491.0, 59670.0, 0.0, 5798.0, 1553.0, 19151.0, 0.0, 10200.0, 217.0, 0.0, 0.0, 230.0, 0.0, 1022.0, 3134.0, 268.0, 2730.0]","[0.0, 0.0, 355.0, 119.0, 2471.0, 64.0, 722.0, 10.0, 436.0, 60740.0, 0.0, 8256.0, 1299.0, 15596.0, 0.0, 15260.0, 241.0, 0.0, 0.0, 199.0, 0.0, 186.0, 3794.0, 116.0, 2833.0]","[0.0, 128.0, 694.0, 195.0, 870.0, 57.0, 1756.0, 11.0, 501.0, 59294.0, 0.0, 7632.0, 2175.0, 19736.0, 0.0, 12546.0, 165.0, 0.0, 172.0, 311.0, 122.0, 860.0, 2426.0, 243.0, 2367.0]","[0.0, 942.0, 832.0, 160.0, 2374.0, 23.0, 862.0, 24.0, 306.0, 35258.0, 0.0, 3836.0, 1829.0, 15849.0, 0.0, 2018.0, 448.0, 0.0, 17.0, 271.0, 0.0, 1925.0, 322.0, 195.0, 1734.0]","[0.0, 100.0, 1179.0, 146.0, 3443.0, 0.0, 448.0, 12.0, 389.0, 26758.0, 0.0, 1964.0, 1162.0, 12692.0, 0.0, 4406.0, 99.0, 0.0, 17.0, 186.0, 0.0, 1365.0, 1480.0, 103.0, 1786.0]","[0.0, 287.0, 447.0, 152.0, 3428.0, 0.0, 123.0, 14.0, 336.0, 20168.0, 0.0, 3602.0, 1290.0, 10087.0, 0.0, 4616.0, 114.0, 0.0, 0.0, 288.0, 0.0, 1214.0, 2233.0, 153.0, 1593.0]","[0.0, 0.0, 304.0, 164.0, 2123.0, 0.0, 514.0, 33.0, 558.0, 20524.0, 0.0, 1974.0, 1036.0, 14036.0, 0.0, 3694.0, 203.0, 0.0, 57.0, 236.0, 0.0, 3394.0, 482.0, 200.0, 1782.0]","[0.0, 359.0, 752.0, 143.0, 1317.0, 0.0, 64.0, 8.0, 381.0, 16474.0, 0.0, 1502.0, 2310.0, 12438.0, 0.0, 2284.0, 181.0, 0.0, 0.0, 93.0, 0.0, 3026.0, 384.0, 71.0, 1832.0]","[0.0, 0.0, 1328.0, 129.0, 1452.0, 0.0, 486.0, 30.0, 259.0, 16586.0, 0.0, 2270.0, 404.0, 5858.0, 0.0, 368.0, 169.0, 0.0, 0.0, 106.0, 0.0, 3797.0, 318.0, 78.0, 963.0]","[0.0, 168.0, 492.0, 116.0, 1410.0, 0.0, 1067.0, 22.0, 211.0, 21742.0, 0.0, 2850.0, 548.0, 11700.0, 0.0, 1556.0, 133.0, 0.0, 0.0, 97.0, 0.0, 9308.0, 873.0, 74.0, 768.0]","[0.0, 0.0, 372.0, 158.0, 1104.0, 59.0, 357.0, 18.0, 390.0, 17592.0, 0.0, 1784.0, 235.0, 9040.0, 0.0, 496.0, 154.0, 0.0, 22.0, 96.0, 0.0, 9744.0, 562.0, 63.0, 619.0]","[0.0, 91.0, 1270.0, 200.0, 932.0, 0.0, 46.0, 37.0, 432.0, 19850.0, 0.0, 3406.0, 509.0, 16696.0, 0.0, 1144.0, 145.0, 0.0, 0.0, 169.0, 0.0, 4317.0, 831.0, 88.0, 330.0]","[0, 0, 952, 139, 1166, 0, 0, 13, 528, 15064, 0, 1458, 580, 13205, 0, 5250, 67, 0, 0, 64, 0, 5501, 38, 108, 250]","[0, 33, 247, 84, 1325, 0, 112, 27, 359, 28616, 0, 280, 564, 9635, 0, 242, 142, 0, 13, 77, 0, 6140, 0, 75, 225]","[0, 0, 1377, 126, 1848, 0, 114, 32, 419, 23124, 0, 1680, 705, 7602, 0, 82, 451, 0, 0, 21, 0, 2451, 72, 104, 439]","[119, 42, 1816, 91, 1456, 1, 376, 16, 473, 21632, 0, 1538, 832, 9330, 0, 556, 502, 0, 6, 43, 251, 2687, 184, 100, 397]","[99, 30, 719, 104, 1088, 1, 360, 14, 389, 9672, 0, 1632, 573, 5545, 0, 846, 712, 21, 22, 28, 5, 3836, 261, 89, 350]","[0, 45, 916, 91, 1302, 5, 54, 18, 597, 12824, 0, 882, 551, 4190, 0, 670, 994, 35, 25, 41, 1106, 2321, 242, 86, 245]","[0, 0, 767, 110, 0, 0, 0, 0, 456, 4034, 0, 0, 200, 6523, 0, 0, 0, 20, 0, 0, 0, 2591, 0, 69, 0]"
대구광역시,"['감자_가을', '감자_봄', '고추_-', '단감_-', '당근_-', '대파_-', '땅콩_-', '마늘_-', '무_가을', '무_겨울', '무_봄', '배_-', '배추_가을', '배추_겨울', '배추_봄', '복숭아_-', '사과_-', '생강_-', '시금치_-', '양배추_-', '양파_-', '쪽파_-', '참깨_-', '포도_-']","[0.0, 3369.0, 188.0, 1181.0, 0.0, 18239.0, 112.0, 3747.0, 6750.0, 0.0, 8186.0, 282.0, 14450.0, 0.0, 20972.0, 2624.0, 878.0, 0.0, 827.0, 527.0, 5465.0, 2008.0, 232.0, 7240.0]","[207.0, 2293.0, 198.0, 1223.0, 0.0, 18571.0, 115.0, 4196.0, 3330.0, 0.0, 9114.0, 368.0, 4867.0, 0.0, 35950.0, 3142.0, 1238.0, 0.0, 1066.0, 1530.0, 6281.0, 1427.0, 119.0, 7134.0]","[0.0, 1655.0, 178.0, 1398.0, 0.0, 15838.0, 97.0, 3656.0, 3767.0, 0.0, 4764.0, 284.0, 4254.0, 0.0, 21360.0, 2827.0, 939.0, 0.0, 1726.0, 563.0, 8253.0, 651.0, 79.0, 10035.0]","[137.0, 1576.0, 198.0, 1565.0, 0.0, 14502.0, 85.0, 3612.0, 5108.0, 0.0, 7314.0, 410.0, 9005.0, 0.0, 20966.0, 2969.0, 900.0, 0.0, 1165.0, 396.0, 11132.0, 456.0, 173.0, 7430.0]","[173.0, 2819.0, 178.0, 3801.0, 0.0, 13682.0, 72.0, 3757.0, 5802.0, 0.0, 6286.0, 389.0, 6666.0, 0.0, 3850.0, 4611.0, 960.0, 0.0, 1076.0, 442.0, 14090.0, 1644.0, 220.0, 8688.0]","[25.0, 2952.0, 219.0, 4101.0, 0.0, 7988.0, 101.0, 2028.0, 7592.0, 0.0, 2262.0, 641.0, 10183.0, 0.0, 3012.0, 3383.0, 1688.0, 0.0, 570.0, 217.0, 4703.0, 618.0, 133.0, 7503.0]","[360.0, 1971.0, 160.0, 3813.0, 0.0, 6773.0, 82.0, 2502.0, 4010.0, 0.0, 4196.0, 346.0, 8573.0, 0.0, 4718.0, 2721.0, 1263.0, 0.0, 298.0, 0.0, 4846.0, 245.0, 120.0, 7850.0]","[0.0, 3031.0, 158.0, 3173.0, 0.0, 8471.0, 92.0, 3907.0, 5790.0, 0.0, 3012.0, 177.0, 9808.0, 0.0, 6422.0, 3468.0, 1974.0, 0.0, 660.0, 234.0, 6714.0, 186.0, 175.0, 5088.0]","[36.0, 1879.0, 171.0, 1525.0, 30.0, 4599.0, 145.0, 3217.0, 5644.0, 0.0, 4108.0, 99.0, 14580.0, 0.0, 3022.0, 2762.0, 1961.0, 0.0, 601.0, 0.0, 8464.0, 216.0, 75.0, 3791.0]","[99.0, 1860.0, 169.0, 1588.0, 0.0, 7259.0, 132.0, 3174.0, 3458.0, 0.0, 350.0, 81.0, 9245.0, 0.0, 2742.0, 2521.0, 1168.0, 0.0, 756.0, 0.0, 7616.0, 192.0, 161.0, 3431.0]","[0.0, 2517.0, 160.0, 1300.0, 0.0, 8577.0, 170.0, 2925.0, 5704.0, 0.0, 852.0, 139.0, 14040.0, 0.0, 1730.0, 2748.0, 1053.0, 0.0, 511.0, 0.0, 7370.0, 136.0, 106.0, 3321.0]","[0.0, 3223.0, 136.0, 1212.0, 0.0, 4194.0, 108.0, 3839.0, 2269.0, 0.0, 572.0, 90.0, 5235.0, 0.0, 788.0, 2543.0, 1195.0, 0.0, 120.0, 0.0, 5033.0, 149.0, 118.0, 2724.0]","[340.0, 3477.0, 143.0, 852.0, 0.0, 4920.0, 122.0, 3283.0, 4262.0, 0.0, 196.0, 82.0, 8689.0, 0.0, 414.0, 2203.0, 1185.0, 0.0, 104.0, 618.0, 5596.0, 32.0, 117.0, 2099.0]","[144, 1853, 127, 751, 0, 4078, 125, 2749, 5606, 0, 96, 65, 8137, 0, 350, 2673, 1262, 0, 67, 218, 7307, 474, 85, 1882]","[49, 1600, 109, 748, 0, 2169, 150, 1803, 2036, 0, 1252, 38, 5327, 0, 356, 2760, 1548, 0, 17, 1782, 2727, 137, 104, 1776]","[118, 3111, 118, 65, 0, 11237, 131, 6361, 1298, 0, 4666, 202, 4526, 0, 446, 3500, 1627, 15, 178, 3984, 15425, 156, 82, 1132]","[118, 2072, 81, 39, 0, 9678, 85, 7431, 2518, 0, 1810, 129, 8369, 0, 2970, 3351, 1322, 0, 210, 4852, 20634, 330, 82, 1222]","[117, 1231, 81, 42, 23, 15170, 63, 7930, 3904, 0, 6640, 199, 5975, 0, 566, 2579, 509, 0, 457, 6660, 24662, 752, 69, 607]","[16, 1667, 108, 289, 0, 9253, 43, 8290, 3905, 0, 4994, 222, 4974, 0, 1992, 2529, 378, 0, 219, 7382, 26244, 193, 86, 697]","[0, 1966, 98, 0, 0, 0, 0, 6769, 2952, 0, 0, 110, 6673, 0, 0, 0, 647, 0, 0, 0, 31861, 0, 42, 0]"
대전광역시,"['감자_가을', '감자_봄', '고추_-', '단감_-', '당근_-', '대파_-', '땅콩_-', '마늘_-', '무_가을', '무_겨울', '무_봄', '배_-', '배추_가을', '배추_겨울', '배추_봄', '복숭아_-', '사과_-', '생강_-', '시금치_-', '양배추_-', '양파_-', '쪽파_-', '참깨_-', '포도_-']","[0.0, 576.0, 178.0, 30.0, 0.0, 3275.0, 2.0, 120.0, 4212.0, 0.0, 1590.0, 4522.0, 7418.0, 0.0, 2294.0, 857.0, 374.0, 0.0, 716.0, 0.0, 44.0, 322.0, 97.0, 7748.0]","[201.0, 1125.0, 161.0, 76.0, 0.0, 3119.0, 17.0, 71.0, 3188.0, 0.0, 1424.0, 4837.0, 7513.0, 0.0, 388.0, 912.0, 376.0, 22.0, 327.0, 0.0, 0.0, 274.0, 65.0, 8314.0]","[117.0, 1442.0, 131.0, 0.0, 0.0, 3685.0, 15.0, 72.0, 4656.0, 0.0, 2910.0, 4096.0, 8466.0, 0.0, 2946.0, 803.0, 140.0, 10.0, 113.0, 0.0, 0.0, 392.0, 23.0, 5424.0]","[259.0, 1737.0, 160.0, 207.0, 0.0, 3628.0, 5.0, 78.0, 4454.0, 0.0, 1896.0, 5433.0, 10173.0, 0.0, 1992.0, 1045.0, 357.0, 20.0, 256.0, 0.0, 0.0, 575.0, 53.0, 3841.0]","[27.0, 2179.0, 153.0, 186.0, 0.0, 1502.0, 5.0, 77.0, 2997.0, 0.0, 1440.0, 3725.0, 5369.0, 0.0, 984.0, 1021.0, 385.0, 10.0, 128.0, 0.0, 55.0, 657.0, 61.0, 4735.0]","[0.0, 1181.0, 99.0, 85.0, 0.0, 1128.0, 11.0, 50.0, 3732.0, 0.0, 1234.0, 4934.0, 8451.0, 0.0, 300.0, 733.0, 514.0, 50.0, 109.0, 0.0, 45.0, 401.0, 39.0, 3737.0]","[0.0, 1341.0, 114.0, 85.0, 0.0, 1085.0, 12.0, 69.0, 3625.0, 0.0, 812.0, 4113.0, 5516.0, 0.0, 564.0, 575.0, 427.0, 11.0, 19.0, 0.0, 53.0, 436.0, 43.0, 3403.0]","[0.0, 1796.0, 101.0, 102.0, 0.0, 2776.0, 17.0, 121.0, 3916.0, 0.0, 812.0, 4570.0, 11097.0, 0.0, 100.0, 263.0, 624.0, 0.0, 102.0, 34.0, 123.0, 354.0, 33.0, 2654.0]","[0.0, 1547.0, 94.0, 0.0, 0.0, 826.0, 28.0, 95.0, 3025.0, 0.0, 688.0, 3332.0, 9864.0, 0.0, 518.0, 213.0, 524.0, 20.0, 70.0, 0.0, 189.0, 84.0, 26.0, 2498.0]","[75.0, 1237.0, 96.0, 7.0, 0.0, 658.0, 24.0, 55.0, 1863.0, 0.0, 192.0, 1247.0, 4171.0, 0.0, 1270.0, 56.0, 219.0, 19.0, 34.0, 0.0, 80.0, 36.0, 32.0, 2049.0]","[0.0, 1573.0, 92.0, 0.0, 20.0, 1227.0, 37.0, 109.0, 4883.0, 0.0, 232.0, 1357.0, 9931.0, 0.0, 2788.0, 81.0, 33.0, 55.0, 17.0, 0.0, 251.0, 157.0, 22.0, 2328.0]","[0.0, 1059.0, 126.0, 0.0, 129.0, 392.0, 26.0, 164.0, 2032.0, 0.0, 0.0, 828.0, 6297.0, 0.0, 0.0, 67.0, 29.0, 0.0, 33.0, 0.0, 118.0, 253.0, 48.0, 1957.0]","[32.0, 1728.0, 127.0, 0.0, 0.0, 278.0, 59.0, 191.0, 3507.0, 0.0, 0.0, 969.0, 8487.0, 0.0, 62.0, 50.0, 43.0, 0.0, 33.0, 0.0, 126.0, 112.0, 50.0, 1728.0]","[16, 1482, 83, 0, 0, 690, 83, 282, 2515, 0, 204, 946, 6991, 0, 0, 49, 70, 0, 54, 0, 265, 194, 53, 1747]","[32, 1102, 78, 0, 0, 236, 74, 211, 4924, 0, 172, 1235, 7073, 0, 0, 70, 51, 9, 33, 0, 57, 52, 50, 1792]","[49, 1340, 85, 0, 0, 1257, 59, 222, 2322, 0, 0, 2459, 3968, 0, 38, 538, 322, 32, 0, 0, 125, 293, 40, 2046]","[49, 682, 68, 28, 0, 942, 54, 238, 2250, 0, 0, 3403, 6064, 0, 10, 510, 199, 1, 41, 0, 255, 350, 29, 1904]","[44, 882, 73, 30, 6, 608, 19, 175, 2541, 0, 270, 2258, 6316, 0, 16, 555, 153, 9, 0, 0, 289, 90, 32, 2148]","[4, 1522, 59, 13, 2, 520, 18, 219, 2394, 0, 366, 2550, 3517, 0, 10, 450, 90, 3, 13, 1, 198, 120, 26, 1703]","[0, 997, 52, 0, 0, 0, 0, 215, 2148, 0, 0, 1244, 4230, 0, 0, 0, 11, 0, 0, 0, 119, 0, 11, 0]"
부산광역시,"['감귤_-', '감자_가을', '감자_봄', '고추_-', '단감_-', '당근_-', '대파_-', '땅콩_-', '마늘_-', '무_가을', '무_겨울', '무_봄', '배_-', '배추_가을', '배추_겨울', '배추_봄', '복숭아_-', '사과_-', '생강_-', '시금치_-', '양배추_-', '양파_-', '쪽파_-', '참깨_-', '포도_-']","[0.0, 230.0, 1162.0, 77.0, 896.0, 5561.0, 74736.0, 2.0, 202.0, 4920.0, 0.0, 15530.0, 283.0, 40846.0, 0.0, 52070.0, 0.0, 0.0, 0.0, 3629.0, 55.0, 363.0, 12900.0, 36.0, 38.0]","[0.0, 182.0, 253.0, 76.0, 1010.0, 9254.0, 55801.0, 6.0, 141.0, 2714.0, 0.0, 18534.0, 350.0, 25552.0, 0.0, 27528.0, 0.0, 0.0, 0.0, 915.0, 2669.0, 308.0, 11878.0, 31.0, 13.0]","[0.0, 113.0, 218.0, 54.0, 900.0, 1776.0, 59610.0, 2.0, 110.0, 1890.0, 0.0, 16230.0, 201.0, 22147.0, 0.0, 30802.0, 0.0, 0.0, 0.0, 2211.0, 2656.0, 176.0, 5958.0, 7.0, 42.0]","[0.0, 566.0, 188.0, 57.0, 738.0, 1704.0, 65774.0, 2.0, 128.0, 1408.0, 0.0, 13404.0, 489.0, 13382.0, 0.0, 33026.0, 0.0, 0.0, 0.0, 4045.0, 622.0, 392.0, 5780.0, 19.0, 21.0]","[0.0, 880.0, 640.0, 66.0, 874.0, 1390.0, 57955.0, 4.0, 139.0, 2350.0, 0.0, 9070.0, 484.0, 15638.0, 0.0, 18460.0, 0.0, 0.0, 0.0, 3798.0, 735.0, 316.0, 5774.0, 25.0, 17.0]","[0.0, 292.0, 398.0, 53.0, 1753.0, 2548.0, 62413.0, 5.0, 462.0, 2300.0, 0.0, 9904.0, 1039.0, 20618.0, 0.0, 19388.0, 0.0, 0.0, 247.0, 3422.0, 113.0, 372.0, 8488.0, 21.0, 0.0]","[0.0, 1328.0, 664.0, 52.0, 1580.0, 2772.0, 51325.0, 3.0, 312.0, 1750.0, 0.0, 6432.0, 902.0, 17063.0, 0.0, 17020.0, 0.0, 0.0, 135.0, 799.0, 795.0, 1129.0, 5124.0, 23.0, 0.0]","[0.0, 88.0, 533.0, 69.0, 2222.0, 4189.0, 46953.0, 16.0, 418.0, 3262.0, 0.0, 7556.0, 933.0, 9249.0, 0.0, 9030.0, 0.0, 0.0, 21.0, 1684.0, 0.0, 348.0, 6826.0, 49.0, 0.0]","[0.0, 69.0, 272.0, 60.0, 1305.0, 3836.0, 60969.0, 3.0, 385.0, 1910.0, 0.0, 4628.0, 1401.0, 16806.0, 0.0, 9126.0, 0.0, 0.0, 10.0, 3366.0, 840.0, 1005.0, 6163.0, 39.0, 0.0]","[0.0, 0.0, 265.0, 34.0, 1014.0, 8488.0, 39483.0, 2.0, 203.0, 462.0, 0.0, 2886.0, 361.0, 12005.0, 0.0, 8286.0, 0.0, 21.0, 0.0, 2720.0, 84.0, 1146.0, 4602.0, 28.0, 0.0]","[0.0, 0.0, 590.0, 58.0, 791.0, 4443.0, 43193.0, 0.0, 419.0, 9156.0, 0.0, 234.0, 308.0, 23667.0, 0.0, 2294.0, 0.0, 19.0, 0.0, 1278.0, 3338.0, 444.0, 3744.0, 15.0, 0.0]","[0.0, 13.0, 474.0, 58.0, 698.0, 2812.0, 25944.0, 7.0, 477.0, 16214.0, 0.0, 226.0, 137.0, 11957.0, 0.0, 2944.0, 0.0, 18.0, 0.0, 2137.0, 1169.0, 819.0, 7029.0, 20.0, 0.0]","[0.0, 217.0, 1054.0, 82.0, 393.0, 2913.0, 27712.0, 8.0, 692.0, 6482.0, 0.0, 586.0, 76.0, 10256.0, 0.0, 4932.0, 0.0, 74.0, 14.0, 844.0, 879.0, 1901.0, 6229.0, 54.0, 0.0]","[0, 0, 575, 48, 697, 1861, 28078, 9, 440, 1542, 0, 196, 318, 9710, 0, 3280, 0, 25, 0, 346, 794, 1163, 6004, 27, 0]","[84, 15, 641, 61, 452, 2147, 30824, 8, 219, 4954, 0, 458, 176, 9355, 0, 4252, 0, 27, 24, 796, 1498, 1119, 4535, 25, 0]","[0, 152, 374, 50, 489, 0, 23584, 6, 331, 2724, 0, 294, 675, 4584, 0, 366, 1, 89, 0, 428, 754, 1564, 2740, 12, 45]","[4, 256, 613, 63, 247, 234, 27437, 17, 224, 3022, 0, 864, 570, 5270, 0, 3542, 49, 13, 7, 214, 780, 621, 2306, 19, 13]","[0, 351, 718, 69, 245, 288, 22345, 15, 235, 5737, 0, 416, 216, 6859, 0, 1130, 58, 15, 5, 253, 995, 1501, 3925, 20, 9]","[1, 188, 934, 82, 223, 137, 24297, 5, 314, 5202, 0, 422, 640, 4890, 0, 486, 77, 55, 3, 274, 838, 1049, 3406, 20, 13]","[0, 0, 939, 82, 0, 0, 0, 0, 372, 9280, 0, 0, 332, 6267, 0, 0, 0, 28, 0, 0, 0, 988, 0, 10, 0]"
서울특별시,"['감자_가을', '감자_봄', '고추_-', '당근_-', '대파_-', '땅콩_-', '마늘_-', '무_가을', '무_겨울', '무_봄', '배_-', '배추_가을', '배추_겨울', '배추_봄', '복숭아_-', '생강_-', '시금치_-', '양배추_-', '양파_-', '쪽파_-', '참깨_-', '포도_-']","[0.0, 80.0, 30.0, 0.0, 12880.0, 3.0, 7.0, 1098.0, 0.0, 980.0, 2154.0, 2310.0, 0.0, 706.0, 0.0, 0.0, 1057.0, 0.0, 0.0, 50.0, 5.0, 0.0]","[0.0, 77.0, 21.0, 0.0, 10833.0, 5.0, 7.0, 796.0, 0.0, 494.0, 1878.0, 1613.0, 0.0, 3246.0, 0.0, 0.0, 2394.0, 0.0, 0.0, 86.0, 5.0, 0.0]","[0.0, 89.0, 23.0, 0.0, 4831.0, 2.0, 21.0, 741.0, 0.0, 654.0, 1747.0, 2440.0, 0.0, 2456.0, 0.0, 0.0, 681.0, 0.0, 0.0, 2200.0, 1.0, 99.0]","[0.0, 105.0, 27.0, 0.0, 7054.0, 0.0, 20.0, 1863.0, 0.0, 572.0, 1637.0, 3471.0, 0.0, 3750.0, 0.0, 0.0, 1034.0, 0.0, 0.0, 3154.0, 1.0, 120.0]","[0.0, 246.0, 25.0, 0.0, 5531.0, 2.0, 39.0, 1439.0, 0.0, 582.0, 1598.0, 2464.0, 0.0, 1486.0, 0.0, 0.0, 1760.0, 0.0, 0.0, 2509.0, 5.0, 120.0]","[0.0, 425.0, 21.0, 0.0, 10103.0, 0.0, 23.0, 2265.0, 0.0, 524.0, 1082.0, 2910.0, 0.0, 588.0, 0.0, 0.0, 1604.0, 52.0, 0.0, 40.0, 3.0, 132.0]","[27.0, 242.0, 25.0, 0.0, 4943.0, 0.0, 8.0, 1060.0, 0.0, 74.0, 958.0, 1496.0, 0.0, 3826.0, 0.0, 7.0, 1824.0, 0.0, 0.0, 68.0, 3.0, 137.0]","[0.0, 345.0, 19.0, 0.0, 5938.0, 0.0, 17.0, 1845.0, 0.0, 220.0, 1052.0, 5380.0, 0.0, 460.0, 0.0, 0.0, 410.0, 0.0, 0.0, 42.0, 4.0, 53.0]","[0.0, 406.0, 21.0, 0.0, 4155.0, 3.0, 0.0, 1744.0, 0.0, 602.0, 974.0, 2186.0, 0.0, 4410.0, 0.0, 0.0, 17.0, 0.0, 0.0, 28.0, 3.0, 51.0]","[23.0, 328.0, 7.0, 0.0, 582.0, 4.0, 7.0, 646.0, 0.0, 0.0, 0.0, 669.0, 0.0, 0.0, 0.0, 0.0, 0.0, 0.0, 0.0, 0.0, 1.0, 47.0]","[376.0, 91.0, 8.0, 0.0, 243.0, 7.0, 15.0, 1571.0, 0.0, 0.0, 0.0, 1569.0, 0.0, 0.0, 0.0, 5.0, 29.0, 0.0, 0.0, 0.0, 2.0, 31.0]","[0.0, 140.0, 8.0, 0.0, 40.0, 9.0, 21.0, 961.0, 0.0, 0.0, 375.0, 1252.0, 0.0, 82.0, 11.0, 0.0, 0.0, 0.0, 0.0, 100.0, 1.0, 16.0]","[0.0, 212.0, 8.0, 0.0, 509.0, 5.0, 29.0, 1020.0, 0.0, 0.0, 426.0, 818.0, 0.0, 0.0, 0.0, 0.0, 0.0, 0.0, 0.0, 100.0, 2.0, 40.0]","[17, 202, 7, 0, 80, 7, 36, 1055, 0, 0, 461, 953, 0, 0, 0, 0, 0, 0, 0, 0, 3, 42]","[0, 134, 24, 0, 40, 7, 27, 597, 0, 0, 497, 653, 0, 0, 0, 0, 0, 0, 0, 0, 2, 27]","[0, 175, 8, 0, 1035, 0, 9, 312, 0, 0, 311, 254, 0, 90, 0, 0, 0, 0, 0, 0, 1, 16]","[1, 105, 11, 5, 1485, 2, 7, 469, 0, 14, 407, 494, 0, 46, 2, 5, 14, 23, 22, 73, 1, 16]","[0, 148, 7, 1, 1360, 1, 3, 536, 0, 0, 351, 509, 0, 2, 2, 1, 10, 8, 20, 47, 1, 14]","[5, 117, 8, 1, 1359, 1, 6, 604, 0, 2, 290, 358, 0, 2, 0, 0, 2, 4, 29, 35, 2, 3]","[0, 177, 9, 0, 0, 0, 6, 304, 0, 0, 231, 228, 0, 0, 0, 0, 0, 0, 12, 0, 1, 0]"
세종특별자치시,"['감자_가을', '감자_봄', '고추_-', '단감_-', '당근_-', '대파_-', '땅콩_-', '마늘_-', '무_가을', '무_겨울', '무_봄', '배_-', '배추_가을', '배추_겨울', '배추_봄', '복숭아_-', '사과_-', '생강_-', '시금치_-', '양배추_-', '양파_-', '쪽파_-', '참깨_-', '포도_-']","[0.0, 0.0, 0.0, 0.0, 0.0, 0.0, 0.0, 0.0, 0.0, 0.0, 0.0, 0.0, 0.0, 0.0, 0.0, 0.0, 0.0, 0.0, 0.0, 0.0, 0.0, 0.0, 0.0, 0.0]","[0.0, 0.0, 0.0, 0.0, 0.0, 0.0, 0.0, 0.0, 0.0, 0.0, 0.0, 0.0, 0.0, 0.0, 0.0, 0.0, 0.0, 0.0, 0.0, 0.0, 0.0, 0.0, 0.0, 0.0]","[0.0, 0.0, 0.0, 0.0, 0.0, 0.0, 0.0, 0.0, 0.0, 0.0, 0.0, 0.0, 0.0, 0.0, 0.0, 0.0, 0.0, 0.0, 0.0, 0.0, 0.0, 0.0, 0.0, 0.0]","[0.0, 0.0, 0.0, 0.0, 0.0, 0.0, 0.0, 0.0, 0.0, 0.0, 0.0, 0.0, 0.0, 0.0, 0.0, 0.0, 0.0, 0.0, 0.0, 0.0, 0.0, 0.0, 0.0, 0.0]","[0.0, 0.0, 0.0, 0.0, 0.0, 0.0, 0.0, 0.0, 0.0, 0.0, 0.0, 0.0, 0.0, 0.0, 0.0, 0.0, 0.0, 0.0, 0.0, 0.0, 0.0, 0.0, 0.0, 0.0]","[0.0, 0.0, 0.0, 0.0, 0.0, 0.0, 0.0, 0.0, 0.0, 0.0, 0.0, 0.0, 0.0, 0.0, 0.0, 0.0, 0.0, 0.0, 0.0, 0.0, 0.0, 0.0, 0.0, 0.0]","[0.0, 0.0, 0.0, 0.0, 0.0, 0.0, 0.0, 0.0, 0.0, 0.0, 0.0, 0.0, 0.0, 0.0, 0.0, 0.0, 0.0, 0.0, 0.0, 0.0, 0.0, 0.0, 0.0, 0.0]","[0.0, 0.0, 0.0, 0.0, 0.0, 0.0, 0.0, 0.0, 0.0, 0.0, 0.0, 0.0, 0.0, 0.0, 0.0, 0.0, 0.0, 0.0, 0.0, 0.0, 0.0, 0.0, 0.0, 0.0]","[0.0, 0.0, 0.0, 0.0, 0.0, 0.0, 0.0, 0.0, 0.0, 0.0, 0.0, 0.0, 0.0, 0.0, 0.0, 0.0, 0.0, 0.0, 0.0, 0.0, 0.0, 0.0, 0.0, 0.0]","[0.0, 0.0, 0.0, 0.0, 0.0, 0.0, 0.0, 0.0, 0.0, 0.0, 0.0, 0.0, 0.0, 0.0, 0.0, 0.0, 0.0, 0.0, 0.0, 0.0, 0.0, 0.0, 0.0, 0.0]","[0.0, 0.0, 0.0, 0.0, 0.0, 0.0, 0.0, 0.0, 0.0, 0.0, 0.0, 0.0, 0.0, 0.0, 0.0, 0.0, 0.0, 0.0, 0.0, 0.0, 0.0, 0.0, 0.0, 0.0]","[0.0, 0.0, 0.0, 0.0, 0.0, 0.0, 0.0, 0.0, 0.0, 0.0, 0.0, 0.0, 0.0, 0.0, 0.0, 0.0, 0.0, 0.0, 0.0, 0.0, 0.0, 0.0, 0.0, 0.0]","[0.0, 0.0, 0.0, 0.0, 0.0, 0.0, 0.0, 0.0, 0.0, 0.0, 0.0, 0.0, 0.0, 0.0, 0.0, 0.0, 0.0, 0.0, 0.0, 0.0, 0.0, 0.0, 0.0, 0.0]","[0, 0, 0, 0, 0, 0, 0, 0, 0, 0, 0, 0, 0, 0, 0, 0, 0, 0, 0, 0, 0, 0, 0, 0]","[0, 0, 0, 0, 0, 0, 0, 0, 0, 0, 0, 0, 0, 0, 0, 0, 0, 0, 0, 0, 0, 0, 0, 0]","[0, 1207, 182, 0, 0, 4268, 49, 258, 5367, 0, 0, 3061, 5056, 0, 136, 5229, 0, 16, 0, 0, 188, 236, 44, 1129]","[88, 993, 121, 1, 7, 2304, 41, 320, 958, 0, 82, 3758, 3848, 0, 0, 6578, 19, 4, 20, 0, 121, 301, 28, 921]","[4, 781, 142, 0, 26, 3295, 30, 265, 2634, 0, 30, 2244, 3812, 0, 260, 4876, 157, 4, 34, 4, 184, 306, 50, 826]","[8, 1091, 154, 0, 48, 978, 33, 364, 3878, 0, 64, 1602, 3865, 0, 88, 5524, 198, 6, 0, 32, 232, 195, 57, 836]","[0, 821, 126, 0, 0, 0, 0, 368, 2283, 0, 0, 1287, 3017, 0, 0, 0, 0, 0, 0, 0, 303, 0, 25, 0]"
울산광역시,"['감자_가을', '감자_봄', '고추_-', '단감_-', '당근_-', '대파_-', '땅콩_-', '마늘_-', '무_가을', '무_겨울', '무_봄', '배_-', '배추_가을', '배추_겨울', '배추_봄', '복숭아_-', '사과_-', '생강_-', '시금치_-', '양배추_-', '양파_-', '쪽파_-', '참깨_-', '포도_-']","[36.0, 823.0, 223.0, 3246.0, 1389.0, 1807.0, 11.0, 289.0, 11698.0, 0.0, 2688.0, 25594.0, 13274.0, 0.0, 3430.0, 74.0, 307.0, 0.0, 1224.0, 0.0, 907.0, 1656.0, 107.0, 195.0]","[0.0, 1200.0, 193.0, 5408.0, 1496.0, 1620.0, 14.0, 291.0, 6070.0, 0.0, 3468.0, 20223.0, 9118.0, 0.0, 6054.0, 245.0, 367.0, 0.0, 631.0, 0.0, 511.0, 1876.0, 88.0, 192.0]","[0.0, 983.0, 180.0, 2799.0, 1461.0, 2066.0, 9.0, 301.0, 6250.0, 0.0, 3430.0, 5269.0, 7544.0, 0.0, 4230.0, 187.0, 260.0, 0.0, 896.0, 0.0, 431.0, 1243.0, 45.0, 156.0]","[0.0, 1148.0, 215.0, 3191.0, 0.0, 3568.0, 10.0, 227.0, 7684.0, 0.0, 5840.0, 23544.0, 10056.0, 0.0, 6610.0, 299.0, 328.0, 0.0, 1001.0, 0.0, 975.0, 1188.0, 51.0, 176.0]","[158.0, 1867.0, 220.0, 2896.0, 0.0, 1354.0, 14.0, 260.0, 5646.0, 0.0, 2352.0, 19965.0, 7425.0, 0.0, 5430.0, 258.0, 364.0, 23.0, 612.0, 31.0, 2105.0, 1416.0, 78.0, 206.0]","[121.0, 2641.0, 219.0, 4770.0, 0.0, 2193.0, 2.0, 446.0, 8752.0, 0.0, 3556.0, 17895.0, 11720.0, 0.0, 6192.0, 0.0, 27.0, 0.0, 719.0, 221.0, 1350.0, 1148.0, 40.0, 0.0]","[59.0, 2158.0, 205.0, 5711.0, 0.0, 1732.0, 3.0, 368.0, 8414.0, 0.0, 1692.0, 18674.0, 13772.0, 0.0, 6582.0, 4.0, 28.0, 0.0, 454.0, 275.0, 1939.0, 748.0, 28.0, 16.0]","[0.0, 2127.0, 167.0, 6079.0, 0.0, 848.0, 8.0, 438.0, 9144.0, 0.0, 846.0, 22541.0, 16575.0, 0.0, 1360.0, 0.0, 29.0, 0.0, 175.0, 88.0, 2648.0, 616.0, 30.0, 0.0]","[49.0, 2158.0, 169.0, 3689.0, 34.0, 480.0, 9.0, 399.0, 7228.0, 0.0, 664.0, 19490.0, 15373.0, 0.0, 4666.0, 0.0, 54.0, 0.0, 231.0, 41.0, 1698.0, 290.0, 34.0, 40.0]","[89.0, 1323.0, 130.0, 3428.0, 0.0, 412.0, 16.0, 421.0, 9450.0, 0.0, 336.0, 13874.0, 12276.0, 0.0, 1612.0, 0.0, 21.0, 0.0, 122.0, 0.0, 2101.0, 522.0, 26.0, 53.0]","[22.0, 2741.0, 169.0, 3089.0, 0.0, 750.0, 40.0, 733.0, 10684.0, 0.0, 716.0, 11761.0, 20267.0, 0.0, 2110.0, 0.0, 19.0, 0.0, 133.0, 0.0, 2723.0, 844.0, 41.0, 28.0]","[0.0, 2742.0, 142.0, 3516.0, 0.0, 270.0, 13.0, 699.0, 6322.0, 0.0, 632.0, 7598.0, 9831.0, 0.0, 448.0, 0.0, 0.0, 0.0, 162.0, 0.0, 1826.0, 658.0, 30.0, 49.0]","[145.0, 2933.0, 217.0, 3366.0, 0.0, 972.0, 18.0, 447.0, 11498.0, 0.0, 270.0, 9874.0, 18292.0, 0.0, 196.0, 15.0, 49.0, 0.0, 428.0, 0.0, 2179.0, 876.0, 55.0, 77.0]","[0, 2836, 182, 4073, 0, 454, 14, 553, 9536, 0, 386, 14605, 12669, 0, 264, 48, 51, 11, 234, 0, 3500, 744, 54, 47]","[0, 1644, 157, 4155, 0, 332, 14, 652, 13890, 0, 238, 5270, 12192, 0, 716, 56, 80, 0, 64, 74, 1860, 186, 33, 53]","[21, 1667, 149, 3266, 0, 544, 31, 402, 3686, 0, 118, 5272, 5589, 0, 210, 190, 342, 0, 25, 0, 1415, 460, 39, 15]","[41, 1449, 155, 2726, 12, 1043, 54, 823, 9094, 0, 396, 5666, 8483, 0, 782, 146, 327, 6, 78, 53, 1097, 687, 42, 28]","[21, 2472, 183, 2793, 10, 1557, 50, 958, 10646, 0, 128, 5268, 10994, 0, 956, 148, 167, 20, 113, 103, 4212, 1178, 50, 27]","[9, 2397, 191, 2561, 62, 1399, 30, 1219, 4562, 0, 778, 3898, 5675, 0, 1300, 96, 19, 36, 90, 34, 3122, 996, 46, 12]","[0, 1368, 184, 0, 0, 0, 0, 1239, 5647, 0, 0, 1355, 6919, 0, 0, 0, 61, 0, 0, 0, 1657, 0, 21, 0]"
인천광역시,"['감자_가을', '감자_봄', '고추_-', '단감_-', '당근_-', '대파_-', '땅콩_-', '마늘_-', '무_가을', '무_겨울', '무_봄', '배_-', '배추_가을', '배추_겨울', '배추_봄', '복숭아_-', '사과_-', '생강_-', '시금치_-', '양배추_-', '양파_-', '쪽파_-', '참깨_-', '포도_-']","[0.0, 2927.0, 822.0, 0.0, 83.0, 18506.0, 34.0, 946.0, 29930.0, 0.0, 15986.0, 1856.0, 17593.0, 0.0, 4822.0, 284.0, 0.0, 0.0, 2336.0, 44.0, 222.0, 3972.0, 95.0, 3908.0]","[0.0, 4797.0, 812.0, 52.0, 138.0, 18276.0, 47.0, 1089.0, 11463.0, 0.0, 10486.0, 1081.0, 12223.0, 0.0, 3546.0, 371.0, 0.0, 27.0, 1110.0, 0.0, 686.0, 2528.0, 90.0, 3417.0]","[35.0, 3242.0, 711.0, 0.0, 60.0, 20880.0, 39.0, 885.0, 17554.0, 0.0, 10154.0, 1354.0, 13527.0, 0.0, 3104.0, 370.0, 0.0, 10.0, 536.0, 80.0, 255.0, 1804.0, 70.0, 3595.0]","[799.0, 4280.0, 762.0, 42.0, 56.0, 22196.0, 39.0, 1080.0, 34542.0, 0.0, 5644.0, 1903.0, 20805.0, 0.0, 3234.0, 245.0, 0.0, 9.0, 552.0, 0.0, 698.0, 1149.0, 56.0, 3608.0]","[116.0, 5716.0, 808.0, 30.0, 117.0, 16897.0, 29.0, 703.0, 23672.0, 0.0, 7034.0, 1729.0, 16254.0, 0.0, 3550.0, 319.0, 37.0, 3.0, 234.0, 65.0, 987.0, 1382.0, 51.0, 2742.0]","[0.0, 5243.0, 679.0, 170.0, 39.0, 12348.0, 48.0, 724.0, 26842.0, 0.0, 6454.0, 2309.0, 20593.0, 0.0, 4010.0, 303.0, 0.0, 0.0, 269.0, 0.0, 732.0, 2044.0, 57.0, 2160.0]","[24.0, 4332.0, 677.0, 292.0, 0.0, 10706.0, 48.0, 656.0, 17456.0, 0.0, 5780.0, 2432.0, 16437.0, 0.0, 4570.0, 305.0, 20.0, 0.0, 445.0, 21.0, 1359.0, 1544.0, 47.0, 3176.0]","[492.0, 5373.0, 605.0, 0.0, 0.0, 17232.0, 24.0, 687.0, 19884.0, 0.0, 6912.0, 1793.0, 16590.0, 0.0, 4244.0, 218.0, 0.0, 0.0, 207.0, 0.0, 914.0, 1122.0, 27.0, 2301.0]","[63.0, 6650.0, 599.0, 0.0, 0.0, 10256.0, 77.0, 456.0, 31696.0, 0.0, 3292.0, 2024.0, 28352.0, 0.0, 834.0, 13.0, 0.0, 9.0, 180.0, 220.0, 917.0, 1732.0, 50.0, 2050.0]","[19.0, 6740.0, 532.0, 35.0, 0.0, 9342.0, 111.0, 655.0, 15719.0, 0.0, 510.0, 1192.0, 10613.0, 0.0, 406.0, 135.0, 0.0, 6.0, 167.0, 53.0, 1726.0, 606.0, 33.0, 1554.0]","[18.0, 7391.0, 552.0, 85.0, 0.0, 17502.0, 151.0, 415.0, 24068.0, 0.0, 706.0, 1038.0, 24158.0, 0.0, 1016.0, 123.0, 0.0, 5.0, 215.0, 141.0, 951.0, 1298.0, 29.0, 1839.0]","[17.0, 4842.0, 583.0, 128.0, 27.0, 9930.0, 118.0, 592.0, 11089.0, 0.0, 170.0, 448.0, 14813.0, 0.0, 368.0, 120.0, 0.0, 37.0, 54.0, 0.0, 1298.0, 588.0, 31.0, 1327.0]","[0.0, 6225.0, 649.0, 116.0, 0.0, 9620.0, 150.0, 842.0, 20252.0, 0.0, 192.0, 970.0, 19055.0, 0.0, 254.0, 139.0, 0.0, 24.0, 192.0, 51.0, 573.0, 967.0, 28.0, 1019.0]","[24, 6590, 589, 116, 72, 7000, 159, 790, 18230, 0, 788, 924, 20482, 0, 0, 107, 0, 0, 116, 39, 1344, 967, 56, 1328]","[44, 4950, 606, 106, 41, 8761, 224, 783, 20188, 0, 462, 1498, 24080, 0, 254, 73, 0, 14, 173, 42, 708, 1741, 54, 1110]","[74, 4693, 393, 0, 0, 3766, 161, 811, 9636, 0, 4402, 1784, 12449, 0, 256, 116, 81, 0, 40, 0, 2116, 810, 60, 1751]","[52, 3748, 311, 0, 104, 6073, 162, 694, 12144, 0, 1490, 1860, 14641, 0, 288, 54, 21, 16, 243, 653, 1803, 2696, 66, 1472]","[30, 4615, 356, 0, 51, 5563, 181, 588, 19645, 0, 496, 1529, 14935, 0, 266, 58, 50, 20, 76, 200, 1954, 3000, 51, 2252]","[104, 3711, 385, 0, 65, 6355, 127, 569, 18952, 0, 650, 1506, 13601, 0, 400, 100, 87, 7, 132, 79, 3397, 2225, 71, 1917]","[0, 3728, 362, 0, 0, 0, 0, 840, 17883, 0, 0, 1856, 12720, 0, 0, 0, 63, 0, 0, 0, 1563, 0, 39, 0]"
전라남도,"['감귤_-', '감자_가을', '감자_봄', '고추_-', '단감_-', '당근_-', '대파_-', '땅콩_-', '마늘_-', '무_가을', '무_겨울', '무_봄', '배_-', '배추_가을', '배추_겨울', '배추_봄', '복숭아_-', '사과_-', '생강_-', '시금치_-', '양배추_-', '양파_-', '쪽파_-', '참깨_-', '포도_-']","[67.0, 3702.0, 45720.0, 9567.0, 64018.0, 2066.0, 236224.0, 327.0, 179310.0, 331259.0, 0.0, 142890.0, 102577.0, 199653.0, 0.0, 899484.0, 4460.0, 713.0, 875.0, 20074.0, 75533.0, 518530.0, 184658.0, 8090.0, 9598.0]","[0.0, 7900.0, 51721.0, 11069.0, 59012.0, 1221.0, 199955.0, 464.0, 170488.0, 257074.0, 0.0, 129250.0, 78243.0, 162564.0, 0.0, 683832.0, 7366.0, 3002.0, 1288.0, 21381.0, 49484.0, 446844.0, 113604.0, 7701.0, 7689.0]","[0.0, 3625.0, 47308.0, 8863.0, 60332.0, 1443.0, 225976.0, 293.0, 161773.0, 214078.0, 0.0, 139094.0, 72755.0, 213027.0, 0.0, 964068.0, 8584.0, 2875.0, 1191.0, 19099.0, 45283.0, 408110.0, 67258.0, 2983.0, 7688.0]","[281.0, 10496.0, 61167.0, 9918.0, 63422.0, 1466.0, 334368.0, 293.0, 144611.0, 241334.0, 0.0, 168818.0, 105417.0, 203590.0, 0.0, 791150.0, 8011.0, 4045.0, 1346.0, 17469.0, 50130.0, 524744.0, 170233.0, 6662.0, 6342.0]","[847.0, 15537.0, 88510.0, 9852.0, 55039.0, 855.0, 219216.0, 275.0, 146607.0, 168043.0, 0.0, 82352.0, 88502.0, 171753.0, 0.0, 1013504.0, 6751.0, 4410.0, 984.0, 15103.0, 47210.0, 521677.0, 114364.0, 7267.0, 6589.0]","[0.0, 5623.0, 56441.0, 8833.0, 51692.0, 809.0, 268655.0, 221.0, 125079.0, 218548.0, 0.0, 141064.0, 102638.0, 226152.0, 0.0, 950166.0, 4050.0, 3340.0, 1482.0, 15439.0, 62069.0, 479252.0, 86343.0, 5318.0, 6206.0]","[33.0, 5884.0, 48487.0, 9284.0, 51979.0, 1180.0, 243961.0, 358.0, 129070.0, 144772.0, 0.0, 77036.0, 117358.0, 169657.0, 0.0, 787972.0, 4773.0, 3415.0, 1658.0, 12538.0, 77964.0, 678843.0, 110814.0, 6186.0, 5351.0]","[217.0, 6721.0, 46669.0, 8305.0, 58219.0, 702.0, 237735.0, 388.0, 131204.0, 193735.0, 0.0, 94704.0, 127188.0, 244800.0, 0.0, 814378.0, 6898.0, 4440.0, 1210.0, 13508.0, 59568.0, 535704.0, 115123.0, 7120.0, 5616.0]","[220.0, 7439.0, 46779.0, 7464.0, 45971.0, 326.0, 213111.0, 461.0, 121022.0, 135954.0, 0.0, 55112.0, 104845.0, 300038.0, 0.0, 653338.0, 3324.0, 3435.0, 751.0, 11796.0, 47235.0, 750714.0, 124926.0, 3571.0, 4986.0]","[0.0, 10867.0, 47994.0, 7650.0, 34148.0, 1613.0, 202490.0, 778.0, 82909.0, 128785.0, 0.0, 65888.0, 86254.0, 269796.0, 0.0, 730280.0, 2922.0, 2443.0, 1453.0, 4566.0, 69048.0, 751059.0, 84795.0, 4384.0, 3715.0]","[117.0, 9011.0, 45963.0, 7265.0, 36454.0, 1740.0, 185978.0, 747.0, 84197.0, 216880.0, 0.0, 79730.0, 75069.0, 468140.0, 0.0, 649474.0, 3121.0, 2088.0, 1313.0, 7479.0, 100604.0, 780648.0, 94351.0, 2442.0, 4032.0]","[275.0, 5891.0, 46035.0, 8110.0, 29492.0, 1358.0, 166930.0, 961.0, 97383.0, 186602.0, 0.0, 50574.0, 26801.0, 310311.0, 0.0, 429744.0, 3092.0, 1737.0, 1588.0, 9626.0, 62406.0, 582994.0, 77006.0, 2190.0, 3987.0]","[267.0, 6199.0, 64884.0, 8859.0, 31288.0, 971.0, 228642.0, 959.0, 109263.0, 202228.0, 0.0, 53204.0, 87893.0, 375894.0, 0.0, 400840.0, 2068.0, 4489.0, 1569.0, 13343.0, 55028.0, 580151.0, 110613.0, 3631.0, 3260.0]","[192, 3852, 58754, 6792, 36180, 1626, 221204, 1135, 96403, 135365, 0, 52372, 94913, 488223, 280454, 95976, 1895, 5058, 1219, 9760, 104648, 763335, 95467, 2927, 3628]","[135, 6369, 50869, 6194, 33966, 1066, 193629, 1224, 66059, 155756, 0, 48376, 85980, 410740, 255442, 111214, 2252, 5320, 2342, 9473, 74404, 543208, 133942, 2932, 3877]","[0, 5567, 46165, 5367, 31573, 406, 226846, 1563, 59291, 152374, 0, 43444, 69119, 312418, 241533, 44556, 6841, 9274, 3418, 7735, 112229, 569472, 56453, 2770, 3165]","[1428, 5111, 42156, 4421, 33574, 587, 291228, 1292, 70104, 173599, 0, 46750, 68601, 316704, 332042, 140444, 4861, 7621, 2189, 7063, 96030, 514896, 37014, 3426, 3952]","[1289, 11859, 48992, 4456, 29419, 478, 232521, 952, 60089, 150921, 0, 42618, 51530, 381523, 354672, 132044, 4364, 3984, 1021, 6467, 115352, 558659, 92252, 3036, 3549]","[707, 27180, 61173, 4914, 22529, 1187, 272258, 585, 73674, 120351, 0, 49848, 50582, 270034, 223797, 158008, 6187, 5471, 1337, 7690, 118898, 581958, 52730, 2625, 3275]","[0, 0, 52603, 4682, 0, 0, 0, 0, 70437, 139226, 0, 0, 27788, 371543, 0, 0, 0, 2944, 0, 0, 0, 452737, 0, 1325, 0]"
전라북도,"['감귤_-', '감자_가을', '감자_봄', '고추_-', '단감_-', '당근_-', '대파_-', '땅콩_-', '마늘_-', '무_가을', '무_겨울', '무_고랭지', '무_봄', '배_-', '배추_가을', '배추_겨울', '배추_고랭지', '배추_봄', '복숭아_-', '사과_-', '생강_-', '시금치_-', '양배추_-', '양파_-', '쪽파_-', '참깨_-', '포도_-']","[0.0, 18258.0, 26242.0, 8858.0, 2893.0, 965.0, 53912.0, 1719.0, 7639.0, 455009.0, 0.0, 18960.0, 128372.0, 22805.0, 169445.0, 0.0, 69390.0, 138690.0, 9760.0, 11635.0, 4064.0, 3200.0, 5494.0, 24242.0, 16532.0, 2609.0, 27119.0]","[0.0, 21964.0, 31924.0, 8945.0, 2314.0, 1595.0, 47791.0, 2495.0, 6531.0, 358820.0, 0.0, 15831.0, 122511.0, 19541.0, 149370.0, 0.0, 45800.0, 85482.0, 9726.0, 9004.0, 6649.0, 2035.0, 14064.0, 28612.0, 16187.0, 2173.0, 22094.0]","[0.0, 16950.0, 21471.0, 7167.0, 2062.0, 1249.0, 35631.0, 1287.0, 6083.0, 352982.0, 0.0, 13288.0, 117370.0, 24163.0, 153898.0, 0.0, 54553.0, 123199.0, 9595.0, 8694.0, 5332.0, 1747.0, 7484.0, 19674.0, 9775.0, 1002.0, 21506.0]","[0.0, 33946.0, 27227.0, 7700.0, 2062.0, 1196.0, 55780.0, 1434.0, 6330.0, 449528.0, 0.0, 10034.0, 143686.0, 28509.0, 188365.0, 0.0, 42362.0, 102342.0, 13029.0, 11469.0, 6439.0, 2711.0, 7576.0, 27356.0, 14760.0, 1982.0, 24257.0]","[0.0, 39916.0, 41463.0, 7389.0, 1713.0, 1637.0, 45346.0, 1739.0, 6743.0, 290639.0, 0.0, 7447.0, 98017.0, 27657.0, 141331.0, 0.0, 24744.0, 75034.0, 13211.0, 11391.0, 8147.0, 1701.0, 4699.0, 37742.0, 11469.0, 1683.0, 21069.0]","[0.0, 23558.0, 29337.0, 6722.0, 748.0, 410.0, 45040.0, 1383.0, 5673.0, 344994.0, 0.0, 5978.0, 64876.0, 21215.0, 201430.0, 0.0, 23091.0, 80521.0, 13211.0, 16186.0, 6619.0, 1133.0, 5500.0, 29486.0, 6605.0, 1349.0, 17038.0]","[0.0, 27762.0, 21972.0, 6839.0, 770.0, 574.0, 48470.0, 1534.0, 6910.0, 242537.0, 0.0, 5025.0, 56601.0, 23184.0, 143378.0, 0.0, 22549.0, 56999.0, 12615.0, 21403.0, 6501.0, 708.0, 2956.0, 37410.0, 4157.0, 1844.0, 14542.0]","[0.0, 29758.0, 32426.0, 5895.0, 1413.0, 39.0, 50476.0, 1400.0, 8138.0, 269145.0, 0.0, 2078.0, 91424.0, 19080.0, 174614.0, 0.0, 20326.0, 66134.0, 10996.0, 29375.0, 4172.0, 2234.0, 6274.0, 59255.0, 6852.0, 1965.0, 15676.0]","[0.0, 20656.0, 23226.0, 5479.0, 678.0, 191.0, 39798.0, 2397.0, 7153.0, 270853.0, 0.0, 3494.0, 74496.0, 14495.0, 186201.0, 0.0, 20200.0, 74738.0, 8576.0, 26074.0, 4446.0, 1186.0, 7062.0, 59566.0, 7084.0, 997.0, 11509.0]","[0.0, 16546.0, 24132.0, 5437.0, 538.0, 27.0, 46115.0, 3374.0, 6377.0, 195709.0, 0.0, 630.0, 66580.0, 14415.0, 142969.0, 0.0, 8463.0, 39391.0, 9473.0, 30408.0, 6073.0, 2129.0, 2774.0, 76155.0, 5990.0, 1312.0, 10184.0]","[0.0, 15018.0, 25422.0, 5432.0, 553.0, 116.0, 50751.0, 1522.0, 5990.0, 338285.0, 0.0, 78.0, 116142.0, 14373.0, 185880.0, 0.0, 12710.0, 72622.0, 8653.0, 27252.0, 4985.0, 1661.0, 11693.0, 66138.0, 5229.0, 713.0, 11350.0]","[0.0, 11676.0, 21761.0, 5587.0, 1025.0, 1246.0, 45306.0, 1349.0, 6745.0, 236478.0, 0.0, 1054.0, 68158.0, 7896.0, 132299.0, 0.0, 11916.0, 41086.0, 9774.0, 25191.0, 3806.0, 932.0, 9600.0, 75542.0, 4965.0, 822.0, 12433.0]","[0.0, 8867.0, 40387.0, 5850.0, 854.0, 832.0, 27239.0, 1695.0, 7183.0, 398521.0, 0.0, 2007.0, 88519.0, 13048.0, 152890.0, 0.0, 8258.0, 56624.0, 7194.0, 30432.0, 3669.0, 996.0, 13425.0, 72143.0, 8644.0, 961.0, 14123.0]","[0, 9115, 30171, 4584, 805, 182, 56460, 2940, 8640, 245877, 0, 2788, 91760, 16966, 190784, 0, 7812, 68462, 8162, 28598, 4316, 823, 12355, 110980, 3836, 1058, 14046]","[0, 11048, 21328, 4324, 734, 486, 46381, 2823, 6858, 170226, 0, 702, 97180, 12916, 177136, 0, 4020, 52608, 8111, 34688, 3952, 641, 7456, 75208, 10063, 1121, 12645]","[49, 7407, 22158, 4909, 219, 585, 74312, 4249, 10450, 154568, 0, 3353, 87185, 15446, 127151, 0, 3612, 28294, 12923, 41008, 7629, 795, 6381, 59351, 7662, 1611, 12361]","[83, 12251, 19013, 4277, 753, 667, 42844, 4199, 11861, 161796, 0, 5777, 124251, 20808, 156932, 0, 3735, 57461, 14054, 40694, 6196, 957, 11859, 101600, 3150, 1661, 10816]","[0, 16565, 25052, 4078, 1080, 376, 54394, 2116, 11610, 203099, 0, 5741, 80395, 14466, 159886, 0, 1266, 52088, 13296, 28597, 1697, 978, 8690, 163291, 5120, 1503, 12429]","[0, 22062, 34811, 4837, 422, 576, 49293, 2347, 12406, 159007, 0, 5538, 66070, 15308, 104488, 0, 1634, 32988, 13727, 40020, 2967, 661, 4734, 188857, 5583, 1639, 11278]","[0, 0, 25183, 4320, 0, 0, 0, 0, 12704, 225257, 0, 0, 0, 11145, 158193, 0, 0, 0, 0, 22804, 0, 0, 0, 90175, 0, 598, 0]"
제주도,"['감귤_-', '감자_가을', '감자_봄', '고추_-', '단감_-', '당근_-', '대파_-', '땅콩_-', '마늘_-', '무_가을', '무_겨울', '무_봄', '배_-', '배추_가을', '배추_겨울', '배추_봄', '복숭아_-', '사과_-', '생강_-', '시금치_-', '양배추_-', '양파_-', '쪽파_-', '참깨_-', '포도_-']","[644664.0, 64729.0, 41450.0, 16.0, 2214.0, 104035.0, 6042.0, 765.0, 50359.0, 120282.0, 0.0, 15626.0, 334.0, 21890.0, 0.0, 27704.0, 0.0, 0.0, 5.0, 600.0, 144508.0, 76724.0, 30342.0, 1459.0, 0.0]","[642471.0, 47103.0, 42584.0, 9.0, 2299.0, 87903.0, 17087.0, 487.0, 52714.0, 111532.0, 0.0, 43438.0, 510.0, 25212.0, 0.0, 46214.0, 0.0, 0.0, 20.0, 840.0, 102785.0, 55052.0, 44331.0, 522.0, 196.0]","[631929.0, 32640.0, 32930.0, 20.0, 1412.0, 90282.0, 19160.0, 305.0, 59725.0, 62000.0, 0.0, 249476.0, 290.0, 27095.0, 0.0, 66986.0, 0.0, 0.0, 0.0, 872.0, 128905.0, 53415.0, 35826.0, 236.0, 0.0]","[584052.0, 54370.0, 42662.0, 26.0, 1424.0, 53103.0, 16882.0, 441.0, 58692.0, 25754.0, 0.0, 239410.0, 634.0, 16514.0, 0.0, 35038.0, 0.0, 0.0, 210.0, 1512.0, 113711.0, 56554.0, 46329.0, 1138.0, 0.0]","[637114.0, 88470.0, 45216.0, 78.0, 1231.0, 90986.0, 17754.0, 225.0, 58983.0, 77460.0, 0.0, 293864.0, 535.0, 21344.0, 0.0, 37786.0, 0.0, 0.0, 0.0, 1712.0, 116420.0, 46785.0, 32870.0, 1427.0, 0.0]","[620292.0, 58078.0, 36275.0, 42.0, 2167.0, 106172.0, 10472.0, 180.0, 53707.0, 81414.0, 0.0, 325404.0, 562.0, 9946.0, 0.0, 44138.0, 0.0, 0.0, 0.0, 946.0, 123151.0, 53413.0, 22482.0, 638.0, 0.0]","[777390.0, 30141.0, 24902.0, 33.0, 1533.0, 50904.0, 10102.0, 116.0, 55339.0, 18224.0, 0.0, 405176.0, 771.0, 27359.0, 0.0, 24966.0, 0.0, 0.0, 0.0, 479.0, 118986.0, 82625.0, 24890.0, 762.0, 0.0]","[636030.0, 35607.0, 21526.0, 17.0, 1400.0, 68145.0, 16982.0, 102.0, 62764.0, 201146.0, 0.0, 334694.0, 633.0, 33234.0, 0.0, 19086.0, 0.0, 0.0, 0.0, 1417.0, 130636.0, 48794.0, 33550.0, 620.0, 0.0]","[726901.0, 27113.0, 23528.0, 34.0, 985.0, 71443.0, 23544.0, 169.0, 55316.0, 195026.0, 0.0, 335332.0, 186.0, 26116.0, 0.0, 16264.0, 0.0, 0.0, 0.0, 1624.0, 134228.0, 60369.0, 29019.0, 613.0, 0.0]","[614735.0, 28235.0, 21272.0, 38.0, 1295.0, 66186.0, 19334.0, 316.0, 39239.0, 182058.0, 0.0, 524980.0, 175.0, 16933.0, 0.0, 37470.0, 0.0, 0.0, 301.0, 751.0, 102634.0, 60889.0, 33536.0, 420.0, 0.0]","[644430.0, 29001.0, 33595.0, 37.0, 601.0, 61177.0, 13281.0, 211.0, 44614.0, 22972.0, 0.0, 635020.0, 148.0, 11370.0, 0.0, 40434.0, 23.0, 0.0, 191.0, 1708.0, 124285.0, 88932.0, 29818.0, 157.0, 0.0]","[653756.0, 30157.0, 15966.0, 68.0, 492.0, 27382.0, 8700.0, 133.0, 40557.0, 20574.0, 0.0, 478484.0, 53.0, 6834.0, 0.0, 30580.0, 0.0, 0.0, 261.0, 864.0, 119226.0, 49108.0, 30765.0, 237.0, 0.0]","[655001.0, 15382.0, 21783.0, 99.0, 490.0, 48313.0, 11614.0, 377.0, 55639.0, 58600.0, 0.0, 509262.0, 176.0, 1819.0, 0.0, 87746.0, 0.0, 0.0, 70.0, 1397.0, 149276.0, 41488.0, 26351.0, 338.0, 0.0]","[687324, 20545, 8454, 20, 391, 57486, 14910, 232, 45082, 20474, 428760, 10210, 367, 6402, 12274, 74496, 0, 0, 0, 1412, 130799, 63678, 28592, 307, 0]","[639673, 11672, 10318, 50, 528, 62814, 3634, 195, 31129, 13482, 369698, 12694, 203, 227, 6481, 10650, 0, 0, 0, 747, 133834, 41997, 18378, 205, 0]","[609783, 11722, 14164, 47, 475, 29307, 9938, 2, 28413, 22826, 263976, 11428, 0, 207, 16021, 16104, 33, 0, 0, 477, 99526, 101134, 30731, 334, 103]","[595660, 14622, 13818, 39, 753, 33668, 25700, 2, 32230, 0, 291710, 10314, 0, 0, 16901, 25362, 24, 1, 0, 153, 108768, 77476, 37037, 389, 92]","[619761, 24588, 15513, 51, 660, 30762, 12081, 3, 27453, 1598, 390504, 12104, 9, 6479, 3829, 13800, 21, 1, 438, 789, 148453, 84519, 23342, 221, 80]","[628937, 12582, 19477, 67, 373, 25727, 21134, 5, 28491, 0, 390373, 12992, 11, 14, 3453, 17978, 4, 0, 231, 419, 84197, 89017, 17580, 133, 61]","[0, 0, 19182, 82, 0, 0, 0, 0, 31291, 0, 0, 0, 6, 0, 0, 0, 0, 0, 0, 0, 0, 72489, 0, 97, 0]"
충청남도,"['감자_가을', '감자_고랭지', '감자_봄', '고추_-', '단감_-', '당근_-', '대파_-', '땅콩_-', '마늘_-', '무_가을', '무_겨울', '무_봄', '배_-', '배추_가을', '배추_겨울', '배추_봄', '복숭아_-', '사과_-', '생강_-', '시금치_-', '양배추_-', '양파_-', '쪽파_-', '참깨_-', '포도_-']","[249.0, 0.0, 22982.0, 7793.0, 2451.0, 4510.0, 29817.0, 2385.0, 30615.0, 194741.0, 0.0, 97204.0, 65013.0, 313150.0, 0.0, 51596.0, 11981.0, 41447.0, 13190.0, 1717.0, 40853.0, 11484.0, 142677.0, 2935.0, 56818.0]","[1078.0, 0.0, 32856.0, 7881.0, 2152.0, 5377.0, 34409.0, 3006.0, 29525.0, 141248.0, 0.0, 96414.0, 78849.0, 236937.0, 0.0, 38502.0, 12014.0, 37570.0, 17072.0, 1602.0, 16883.0, 10641.0, 92155.0, 1976.0, 45014.0]","[812.0, 0.0, 31142.0, 6099.0, 2667.0, 2952.0, 41922.0, 1465.0, 26797.0, 155008.0, 0.0, 135082.0, 76889.0, 220787.0, 0.0, 72048.0, 13802.0, 35430.0, 9289.0, 1071.0, 25082.0, 9821.0, 92956.0, 1252.0, 42929.0]","[2553.0, 0.0, 37637.0, 6572.0, 1485.0, 3779.0, 37709.0, 1012.0, 28661.0, 222458.0, 0.0, 101636.0, 101090.0, 284465.0, 0.0, 63506.0, 13709.0, 35828.0, 6925.0, 1135.0, 25422.0, 11984.0, 97532.0, 1393.0, 42662.0]","[4500.0, 0.0, 59868.0, 6254.0, 1892.0, 2659.0, 29399.0, 1097.0, 30214.0, 143244.0, 0.0, 65888.0, 105457.0, 185136.0, 0.0, 25466.0, 16257.0, 38989.0, 16140.0, 965.0, 24829.0, 15894.0, 85800.0, 1402.0, 42163.0]","[1830.0, 0.0, 49426.0, 5380.0, 1535.0, 2628.0, 29718.0, 818.0, 20525.0, 151410.0, 0.0, 85980.0, 83790.0, 237657.0, 0.0, 52428.0, 9611.0, 31759.0, 10875.0, 975.0, 20667.0, 7116.0, 76237.0, 1168.0, 30136.0]","[4400.0, 35.0, 48039.0, 5754.0, 1388.0, 2850.0, 20142.0, 954.0, 24192.0, 133113.0, 0.0, 58778.0, 96803.0, 185217.0, 0.0, 37828.0, 11562.0, 29487.0, 12426.0, 936.0, 18369.0, 16404.0, 61766.0, 1172.0, 33081.0]","[3393.0, 0.0, 45497.0, 5316.0, 1461.0, 3358.0, 21416.0, 1447.0, 29771.0, 162144.0, 0.0, 63246.0, 88460.0, 229901.0, 0.0, 37774.0, 9983.0, 33149.0, 6190.0, 651.0, 17723.0, 18044.0, 61697.0, 1332.0, 26698.0]","[4958.0, 0.0, 53361.0, 4873.0, 537.0, 1160.0, 16918.0, 1810.0, 29727.0, 158654.0, 0.0, 60260.0, 90503.0, 236990.0, 0.0, 33314.0, 9755.0, 29731.0, 5013.0, 432.0, 18485.0, 22853.0, 52543.0, 1132.0, 22416.0]","[10388.0, 0.0, 65721.0, 4761.0, 174.0, 1147.0, 25733.0, 1827.0, 23034.0, 108772.0, 0.0, 50024.0, 61317.0, 182698.0, 0.0, 30426.0, 9268.0, 21664.0, 8149.0, 1184.0, 10690.0, 15560.0, 54359.0, 963.0, 19296.0]","[3304.0, 0.0, 62642.0, 4428.0, 327.0, 773.0, 29588.0, 1198.0, 24748.0, 259380.0, 0.0, 115920.0, 52255.0, 249951.0, 0.0, 36446.0, 6338.0, 21271.0, 7978.0, 1224.0, 18534.0, 29307.0, 51684.0, 700.0, 12996.0]","[2198.0, 0.0, 64976.0, 4711.0, 315.0, 1496.0, 15331.0, 1485.0, 30919.0, 166095.0, 0.0, 79402.0, 30558.0, 173226.0, 0.0, 19684.0, 5123.0, 17936.0, 5048.0, 749.0, 19775.0, 24209.0, 51768.0, 796.0, 11382.0]","[2046.0, 0.0, 73608.0, 4604.0, 690.0, 936.0, 17031.0, 1832.0, 40330.0, 165560.0, 0.0, 70378.0, 58802.0, 173849.0, 0.0, 19804.0, 4504.0, 22619.0, 5130.0, 1274.0, 13516.0, 18777.0, 45294.0, 1050.0, 10219.0]","[3279, 0, 71589, 3792, 645, 1228, 14272, 1669, 34971, 161471, 0, 90234, 58354, 204312, 0, 13594, 4158, 23427, 7726, 506, 20418, 47988, 52306, 1320, 10006]","[1811, 0, 56127, 3623, 533, 772, 12019, 1704, 27443, 253990, 0, 56648, 55898, 159151, 0, 14500, 4108, 24560, 13859, 167, 11803, 24539, 44006, 1289, 11553]","[1710, 0, 50221, 3304, 267, 314, 28598, 2273, 31350, 143915, 0, 59886, 51179, 121128, 0, 19652, 3871, 26924, 19977, 476, 10663, 28405, 47004, 1296, 13745]","[2338, 0, 41684, 3065, 372, 1007, 28590, 1908, 32449, 159195, 0, 64656, 64711, 165060, 0, 26582, 4057, 29343, 14935, 433, 16193, 41141, 73450, 1357, 8259]","[2993, 0, 51762, 2938, 244, 870, 34755, 1524, 42464, 119820, 0, 47134, 52685, 128429, 0, 24566, 3805, 17878, 8274, 618, 7061, 68687, 99140, 1059, 8797]","[5239, 0, 64224, 3120, 353, 617, 21756, 1247, 45538, 110238, 0, 30478, 52597, 92513, 0, 24636, 3205, 24189, 8576, 480, 9569, 51922, 68703, 1262, 8316]","[0, 0, 48042, 3318, 0, 0, 0, 0, 37532, 101074, 0, 0, 41710, 118033, 0, 0, 0, 17147, 0, 0, 0, 45885, 0, 639, 0]"
충청북도,"['감자_가을', '감자_봄', '고추_-', '단감_-', '당근_-', '대파_-', '땅콩_-', '마늘_-', '무_가을', '무_겨울', '무_고랭지', '무_봄', '배_-', '배추_가을', '배추_겨울', '배추_고랭지', '배추_봄', '복숭아_-', '사과_-', '생강_-', '시금치_-', '양배추_-', '양파_-', '쪽파_-', '참깨_-', '포도_-']","[42.0, 21403.0, 11027.0, 0.0, 450.0, 40708.0, 745.0, 4910.0, 32982.0, 0.0, 389.0, 151943.0, 25123.0, 95298.0, 0.0, 1637.0, 239095.0, 31229.0, 53015.0, 122.0, 1002.0, 17125.0, 1566.0, 7178.0, 2640.0, 81456.0]","[477.0, 24734.0, 11486.0, 318.0, 1244.0, 30950.0, 861.0, 4392.0, 20198.0, 0.0, 593.0, 90089.0, 28285.0, 61545.0, 0.0, 201.0, 159387.0, 35006.0, 56677.0, 307.0, 434.0, 7483.0, 2455.0, 5304.0, 2190.0, 63326.0]","[116.0, 21880.0, 8120.0, 198.0, 321.0, 33507.0, 510.0, 3949.0, 36822.0, 0.0, 499.0, 132213.0, 19171.0, 90587.0, 0.0, 1267.0, 255817.0, 36883.0, 51218.0, 208.0, 482.0, 9677.0, 1811.0, 5870.0, 1355.0, 49669.0]","[339.0, 26933.0, 9118.0, 0.0, 358.0, 39266.0, 460.0, 3860.0, 42117.0, 0.0, 783.0, 127071.0, 23545.0, 140616.0, 0.0, 836.0, 201196.0, 35896.0, 44928.0, 96.0, 391.0, 6083.0, 4745.0, 5144.0, 1628.0, 58749.0]","[2529.0, 47396.0, 8606.0, 0.0, 563.0, 21054.0, 327.0, 4402.0, 33885.0, 0.0, 0.0, 95282.0, 26684.0, 105586.0, 0.0, 1233.0, 115641.0, 50352.0, 46964.0, 273.0, 509.0, 10730.0, 5051.0, 6211.0, 1849.0, 56178.0]","[564.0, 31429.0, 7130.0, 0.0, 439.0, 37008.0, 464.0, 4421.0, 37498.0, 0.0, 324.0, 110756.0, 24286.0, 133054.0, 0.0, 295.0, 98553.0, 44979.0, 50112.0, 222.0, 293.0, 12547.0, 2575.0, 7867.0, 1467.0, 51874.0]","[220.0, 25354.0, 7142.0, 38.0, 644.0, 31734.0, 635.0, 4390.0, 27497.0, 0.0, 0.0, 90028.0, 22439.0, 90298.0, 0.0, 0.0, 77924.0, 38318.0, 53202.0, 361.0, 137.0, 12804.0, 2230.0, 4382.0, 1267.0, 49340.0]","[363.0, 28781.0, 5789.0, 612.0, 878.0, 34138.0, 656.0, 4482.0, 47571.0, 0.0, 0.0, 88650.0, 21609.0, 181551.0, 0.0, 0.0, 84580.0, 43976.0, 65577.0, 171.0, 195.0, 15186.0, 3214.0, 7799.0, 1317.0, 55379.0]","[247.0, 38049.0, 5307.0, 63.0, 1022.0, 21817.0, 825.0, 4746.0, 32065.0, 0.0, 0.0, 76742.0, 19600.0, 144612.0, 0.0, 162.0, 84978.0, 33516.0, 70234.0, 43.0, 185.0, 9183.0, 2329.0, 6343.0, 1400.0, 45472.0]","[347.0, 38626.0, 4931.0, 0.0, 1498.0, 23274.0, 1930.0, 5079.0, 34952.0, 0.0, 0.0, 55788.0, 17439.0, 98836.0, 0.0, 0.0, 86984.0, 33567.0, 64973.0, 116.0, 148.0, 12677.0, 3436.0, 5848.0, 1100.0, 41635.0]","[670.0, 57164.0, 4588.0, 0.0, 699.0, 33979.0, 1058.0, 3962.0, 43510.0, 0.0, 0.0, 93754.0, 15222.0, 176995.0, 0.0, 0.0, 136354.0, 28491.0, 42387.0, 327.0, 474.0, 15866.0, 1965.0, 3678.0, 842.0, 38197.0]","[555.0, 36107.0, 4781.0, 0.0, 1348.0, 19818.0, 881.0, 5207.0, 20038.0, 0.0, 1027.0, 48693.0, 11228.0, 119030.0, 0.0, 0.0, 31462.0, 29592.0, 53641.0, 568.0, 334.0, 8436.0, 3933.0, 5481.0, 1123.0, 38082.0]","[799.0, 58475.0, 4175.0, 10.0, 956.0, 26080.0, 900.0, 5641.0, 33986.0, 0.0, 0.0, 58266.0, 11803.0, 171820.0, 0.0, 0.0, 46568.0, 25991.0, 63177.0, 446.0, 584.0, 9532.0, 4621.0, 9765.0, 1086.0, 32495.0]","[1707, 38301, 3242, 0, 1066, 27334, 469, 4349, 18280, 0, 0, 49874, 11647, 168720, 0, 0, 47202, 25308, 56667, 1326, 133, 8664, 3701, 4745, 1339, 38329]","[283, 22968, 3168, 0, 1141, 23240, 400, 4280, 14459, 0, 0, 46540, 10034, 153675, 0, 0, 33864, 32592, 69242, 484, 145, 4344, 4057, 3246, 1236, 35179]","[2124, 27787, 3022, 15, 965, 23817, 659, 4888, 20016, 0, 0, 45946, 7597, 119431, 0, 0, 59156, 48272, 69846, 1600, 45, 9220, 3534, 6314, 1466, 17617]","[1135, 23338, 2584, 22, 653, 34097, 608, 5496, 46064, 0, 0, 65104, 8949, 165327, 0, 0, 87514, 51624, 66661, 399, 489, 14864, 3262, 4255, 1142, 15541]","[1524, 29974, 2826, 0, 1412, 24611, 1198, 5775, 38555, 0, 0, 59264, 5336, 180473, 0, 0, 68964, 50690, 51580, 404, 61, 8995, 4605, 4726, 1188, 15241]","[1791, 32716, 2859, 7, 914, 28325, 346, 7447, 26233, 0, 0, 53510, 8196, 118812, 0, 0, 65524, 55465, 52376, 553, 214, 10197, 6729, 3739, 1317, 13609]","[0, 29582, 2792, 0, 0, 0, 0, 7111, 23017, 0, 0, 0, 4157, 160309, 0, 0, 0, 0, 42477, 0, 0, 0, 3275, 0, 546, 0]"
